date,period,customer_id,customer_name,segment,channel,region,currency,cohort,order_type,invoice_id,sku,sku_name,product_family,quantity,unit_price_local,unit_price_gbp,fx_rate_gbp_per_eur,revenue_local,revenue_gbp,revenue_gbp_cc,unit_cost_gbp,cogs_gbp,fiscal_year,fiscal_quarter
2023-04-01,2023-04,C0398,Vandermeer Finishing Ltd,Distributor,Distributor,UK - Midlands,GBP,Existing (pre-FY24),Standard,INV-018955,PU-1215,Architectural Etch Primer 121,Architectural Trade,8,61.01,61.01,0.856,488.11,488.11,488.11,47.9,383.23,FY24,FY24 Q1
2023-04-01,2023-04,C0443,Stanmore Trade Centre,Distributor,National Accounts,EU - Benelux,EUR,Existing (pre-FY24),Standard,INV-023728,MX-1012,Industrial Etch Primer 949,Industrial Protective,8,96.13,82.87,0.856,769.05,658.31,662.96,66.61,532.88,FY24,FY24 Q1
2023-04-01,2023-04,C0443,Stanmore Trade Centre,Distributor,National Accounts,EU - Benelux,EUR,Existing (pre-FY24),Standard,INV-023728,PR-1007,Industrial Clearcoat 512,Industrial Protective,11,103.42,89.15,0.856,1137.63,973.81,980.68,68.21,750.26,FY24,FY24 Q1
2023-04-01,2023-04,C0030,Halstead Coatings Group,Mid-Market,Direct Sales,UK - South,GBP,Existing (pre-FY24),Standard,INV-004868,PR-1011,Industrial Primer 364,Industrial Protective,4,148.22,148.22,0.856,592.9,592.9,592.9,90.65,362.59,FY24,FY24 Q1
2023-04-01,2023-04,C0030,Halstead Coatings Group,Mid-Market,Direct Sales,UK - South,GBP,Existing (pre-FY24),Standard,INV-004868,MX-1002,Industrial Intermediate 850,Industrial Protective,5,187.88,187.88,0.856,939.41,939.41,939.41,114.22,571.1,FY24,FY24 Q1
2023-04-01,2023-04,C0030,Halstead Coatings Group,Mid-Market,Direct Sales,UK - South,GBP,Existing (pre-FY24),Standard,INV-004868,PR-1005,Industrial Basecoat 645,Industrial Protective,6,132.0,132.0,0.856,792.02,792.02,792.02,79.21,475.29,FY24,FY24 Q1
2023-04-01,2023-04,C0030,Halstead Coatings Group,Mid-Market,Direct Sales,UK - South,GBP,Existing (pre-FY24),Standard,INV-004868,PR-1013,Industrial Sealer 927,Industrial Protective,1,157.53,157.53,0.856,157.53,157.53,157.53,100.52,100.52,FY24,FY24 Q1
2023-04-01,2023-04,C0395,Harlow Finishing Ltd,Distributor,Distributor,UK - South,GBP,Existing (pre-FY24),Standard,INV-018692,PR-1013,Industrial Sealer 927,Industrial Protective,3,132.41,132.41,0.856,397.23,397.23,397.23,100.52,301.55,FY24,FY24 Q1
2023-04-01,2023-04,C0395,Harlow Finishing Ltd,Distributor,Distributor,UK - South,GBP,Existing (pre-FY24),Standard,INV-018692,DX-1106,Marine Thinner 814,Marine & Offshore,2,181.76,181.76,0.856,363.52,363.52,363.52,121.73,243.45,FY24,FY24 Q1
2023-04-01,2023-04,C0244,Alderley Fabrications,SME,E-commerce,UK - South,GBP,Existing (pre-FY24),Standard,INV-014671,EP-1212,Architectural Thinner 608,Architectural Trade,2,51.63,51.63,0.856,103.25,103.25,103.25,34.08,68.15,FY24,FY24 Q1
2023-04-01,2023-04,C0244,Alderley Fabrications,SME,E-commerce,UK - South,GBP,Existing (pre-FY24),Standard,INV-014671,SI-1313,Powder Thinner 115,Powder Coatings,3,107.83,107.83,0.856,323.48,323.48,323.48,71.29,213.86,FY24,FY24 Q1
2023-04-01,2023-04,C0032,Whitlock Trade Centre,Mid-Market,Direct Sales,UK - South,GBP,Existing (pre-FY24),Standard,INV-005024,PU-1211,Architectural Hardener 296,Architectural Trade,1,60.29,60.29,0.856,60.29,60.29,60.29,45.61,45.61,FY24,FY24 Q1
2023-04-01,2023-04,C0032,Whitlock Trade Centre,Mid-Market,Direct Sales,UK - South,GBP,Existing (pre-FY24),Standard,INV-005024,ZN-1103,Marine Topcoat 913,Marine & Offshore,1,262.85,262.85,0.856,262.85,262.85,262.85,173.06,173.06,FY24,FY24 Q1
2023-04-01,2023-04,C0032,Whitlock Trade Centre,Mid-Market,Direct Sales,UK - South,GBP,Existing (pre-FY24),Standard,INV-005024,PU-1207,Architectural Intermediate 132,Architectural Trade,2,45.95,45.95,0.856,91.91,91.91,91.91,35.04,70.07,FY24,FY24 Q1
2023-04-01,2023-04,C0032,Whitlock Trade Centre,Mid-Market,Direct Sales,UK - South,GBP,Existing (pre-FY24),Standard,INV-005024,DX-1106,Marine Thinner 814,Marine & Offshore,1,196.08,196.08,0.856,196.08,196.08,196.08,121.73,121.73,FY24,FY24 Q1
2023-04-01,2023-04,C0244,Alderley Fabrications,SME,E-commerce,UK - South,GBP,Existing (pre-FY24),Standard,INV-014671,EP-1202,Architectural Clearcoat 145,Architectural Trade,2,63.54,63.54,0.856,127.08,127.08,127.08,41.5,83.0,FY24,FY24 Q1
2023-04-01,2023-04,C0153,Cranfield Contracting,SME,Trade Counter,UK - Midlands,GBP,Existing (pre-FY24),Standard,INV-012630,AC-1312,Powder Basecoat 150,Powder Coatings,4,171.21,171.21,0.856,684.82,684.82,684.82,108.59,434.34,FY24,FY24 Q1
2023-04-01,2023-04,C0153,Cranfield Contracting,SME,Trade Counter,UK - Midlands,GBP,Existing (pre-FY24),Standard,INV-012630,SI-1301,Powder Primer 767,Powder Coatings,8,127.0,127.0,0.856,1016.03,1016.03,1016.03,69.48,555.82,FY24,FY24 Q1
2023-04-01,2023-04,C0154,Corby Fabrications,SME,Trade Counter,EU - Benelux,EUR,Existing (pre-FY24),Standard,INV-012680,PU-1203,Architectural Basecoat 206,Architectural Trade,1,69.01,59.49,0.856,69.01,59.07,59.49,37.97,37.97,FY24,FY24 Q1
2023-04-01,2023-04,C0154,Corby Fabrications,SME,Trade Counter,EU - Benelux,EUR,Existing (pre-FY24),Standard,INV-012680,EP-1206,Architectural Primer 286,Architectural Trade,1,86.73,74.76,0.856,86.73,74.24,74.76,43.78,43.78,FY24,FY24 Q1
2023-04-01,2023-04,C0443,Stanmore Trade Centre,Distributor,National Accounts,EU - Benelux,EUR,Existing (pre-FY24),Standard,INV-023728,MX-1006,Industrial Sealer 703,Industrial Protective,3,109.19,94.13,0.856,327.57,280.4,282.38,67.69,203.07,FY24,FY24 Q1
2023-04-01,2023-04,C0154,Corby Fabrications,SME,Trade Counter,EU - Benelux,EUR,Existing (pre-FY24),Standard,INV-012680,EP-1214,Architectural Clearcoat 734,Architectural Trade,1,66.2,57.06,0.856,66.2,56.66,57.06,38.0,38.0,FY24,FY24 Q1
2023-04-01,2023-04,C0395,Harlow Finishing Ltd,Distributor,Distributor,UK - South,GBP,Existing (pre-FY24),Standard,INV-018692,MX-1000,Industrial Clearcoat 174,Industrial Protective,3,153.52,153.52,0.856,460.55,460.55,460.55,112.72,338.15,FY24,FY24 Q1
2023-04-01,2023-04,C0443,Stanmore Trade Centre,Distributor,National Accounts,EU - Benelux,EUR,Existing (pre-FY24),Standard,INV-023728,PR-1003,Industrial Clearcoat 594,Industrial Protective,15,147.55,127.2,0.856,2213.31,1894.59,1907.96,95.62,1434.25,FY24,FY24 Q1
2023-04-01,2023-04,C0424,Caldera Trade Centre,Distributor,Distributor,EU - Nordics,EUR,Existing (pre-FY24),Standard,INV-021884,PR-1001,Industrial Finish 723,Industrial Protective,4,129.4,111.55,0.856,517.59,443.05,446.18,80.03,320.13,FY24,FY24 Q1
2023-04-01,2023-04,C0092,Blackthorn Finishing Ltd,Mid-Market,Trade Counter,UK - South,GBP,Existing (pre-FY24),Standard,INV-009361,MX-1012,Industrial Etch Primer 949,Industrial Protective,7,98.4,98.4,0.856,688.81,688.81,688.81,66.61,466.27,FY24,FY24 Q1
2023-04-01,2023-04,C0389,Dunmore Builders Merchants,Distributor,National Accounts,UK - South,GBP,Existing (pre-FY24),Standard,INV-018059,PR-1005,Industrial Basecoat 645,Industrial Protective,5,101.78,101.78,0.856,508.91,508.91,508.91,79.21,396.07,FY24,FY24 Q1
2023-04-01,2023-04,C0092,Blackthorn Finishing Ltd,Mid-Market,Trade Counter,UK - South,GBP,Existing (pre-FY24),Standard,INV-009361,PU-1207,Architectural Intermediate 132,Architectural Trade,4,49.85,49.85,0.856,199.42,199.42,199.42,35.04,140.15,FY24,FY24 Q1
2023-04-01,2023-04,C0424,Caldera Trade Centre,Distributor,Distributor,EU - Nordics,EUR,Existing (pre-FY24),Standard,INV-021884,AC-1310,Powder Topcoat 491,Powder Coatings,4,122.06,105.22,0.856,488.22,417.92,420.87,82.89,331.56,FY24,FY24 Q1
2023-04-01,2023-04,C0045,Newbold Surface Technologies,Mid-Market,Direct Sales,UK - South,GBP,Existing (pre-FY24),Standard,INV-006049,ZN-1105,Marine Basecoat 606,Marine & Offshore,2,306.34,306.34,0.856,612.68,612.68,612.68,184.29,368.59,FY24,FY24 Q1
2023-04-01,2023-04,C0125,Stanmore Coatings Group,SME,E-commerce,UK - South,GBP,Existing (pre-FY24),Standard,INV-012108,EP-1208,Architectural Thinner 773,Architectural Trade,1,124.92,124.92,0.856,124.92,124.92,124.92,79.89,79.89,FY24,FY24 Q1
2023-04-01,2023-04,C0125,Stanmore Coatings Group,SME,E-commerce,UK - South,GBP,Existing (pre-FY24),Standard,INV-012108,EP-1202,Architectural Clearcoat 145,Architectural Trade,1,60.1,60.1,0.856,60.1,60.1,60.1,41.5,41.5,FY24,FY24 Q1
2023-04-01,2023-04,C0125,Stanmore Coatings Group,SME,E-commerce,UK - South,GBP,Existing (pre-FY24),Standard,INV-012108,PU-1213,Architectural Sealer 861,Architectural Trade,2,71.77,71.77,0.856,143.54,143.54,143.54,44.82,89.65,FY24,FY24 Q1
2023-04-01,2023-04,C0125,Stanmore Coatings Group,SME,E-commerce,UK - South,GBP,Existing (pre-FY24),Standard,INV-012108,PR-1007,Industrial Clearcoat 512,Industrial Protective,1,111.04,111.04,0.856,111.04,111.04,111.04,68.21,68.21,FY24,FY24 Q1
2023-04-01,2023-04,C0390,Fairhurst Distribution,Distributor,Distributor,EU - Benelux,EUR,Existing (pre-FY24),Standard,INV-018230,PU-1207,Architectural Intermediate 132,Architectural Trade,4,52.63,45.37,0.856,210.51,180.2,181.47,35.04,140.15,FY24,FY24 Q1
2023-04-01,2023-04,C0045,Newbold Surface Technologies,Mid-Market,Direct Sales,UK - South,GBP,Existing (pre-FY24),Standard,INV-006049,ZN-1103,Marine Topcoat 913,Marine & Offshore,4,279.23,279.23,0.856,1116.91,1116.91,1116.91,173.06,692.25,FY24,FY24 Q1
2023-04-01,2023-04,C0045,Newbold Surface Technologies,Mid-Market,Direct Sales,UK - South,GBP,Existing (pre-FY24),Standard,INV-006049,DX-1100,Marine Primer 939,Marine & Offshore,15,228.24,228.24,0.856,3423.65,3423.65,3423.65,140.06,2100.85,FY24,FY24 Q1
2023-04-01,2023-04,C0395,Harlow Finishing Ltd,Distributor,Distributor,UK - South,GBP,Existing (pre-FY24),Standard,INV-018690,MX-1000,Industrial Clearcoat 174,Industrial Protective,2,150.96,150.96,0.856,301.92,301.92,301.92,112.72,225.43,FY24,FY24 Q1
2023-04-01,2023-04,C0018,Redmayne Builders Merchants,Key Account,Direct Sales,UK - South,GBP,Existing (pre-FY24),Standard,INV-003000,PU-1213,Architectural Sealer 861,Architectural Trade,11,61.71,61.71,0.856,678.81,678.81,678.81,44.82,493.06,FY24,FY24 Q1
2023-04-01,2023-04,C0398,Vandermeer Finishing Ltd,Distributor,Distributor,UK - Midlands,GBP,Existing (pre-FY24),Standard,INV-018955,PU-1209,Architectural Topcoat 701,Architectural Trade,9,67.28,67.28,0.856,605.53,605.53,605.53,49.78,448.05,FY24,FY24 Q1
2023-04-01,2023-04,C0018,Redmayne Builders Merchants,Key Account,Direct Sales,UK - South,GBP,Existing (pre-FY24),Standard,INV-003000,PU-1203,Architectural Basecoat 206,Architectural Trade,2,49.75,49.75,0.856,99.5,99.5,99.5,37.97,75.93,FY24,FY24 Q1
2023-04-01,2023-04,C0395,Harlow Finishing Ltd,Distributor,Distributor,UK - South,GBP,Existing (pre-FY24),Standard,INV-018690,DX-1102,Marine Clearcoat 265,Marine & Offshore,6,158.41,158.41,0.856,950.47,950.47,950.47,117.87,707.2,FY24,FY24 Q1
2023-04-01,2023-04,C0395,Harlow Finishing Ltd,Distributor,Distributor,UK - South,GBP,Existing (pre-FY24),Standard,INV-018690,MX-1008,Industrial Thinner 425,Industrial Protective,8,146.89,146.89,0.856,1175.15,1175.15,1175.15,116.21,929.68,FY24,FY24 Q1
2023-04-01,2023-04,C0395,Harlow Finishing Ltd,Distributor,Distributor,UK - South,GBP,Existing (pre-FY24),Standard,INV-018692,ZN-1105,Marine Basecoat 606,Marine & Offshore,2,257.97,257.97,0.856,515.93,515.93,515.93,184.29,368.59,FY24,FY24 Q1
2023-04-01,2023-04,C0284,Selby Paint & Decorating,SME,Direct Sales,UK - Midlands,GBP,Existing (pre-FY24),Standard,INV-015546,TG-1405,Specialty Topcoat 401,Specialty Resins & Additives,1,274.6,274.6,0.856,274.6,274.6,274.6,129.82,129.82,FY24,FY24 Q1
2023-04-01,2023-04,C0032,Whitlock Trade Centre,Mid-Market,Direct Sales,UK - South,GBP,Existing (pre-FY24),Standard,INV-005024,ZN-1107,Marine Basecoat 792,Marine & Offshore,2,153.04,153.04,0.856,306.08,306.08,306.08,92.6,185.19,FY24,FY24 Q1
2023-04-01,2023-04,C0088,Sandhurst Distribution,Mid-Market,Direct Sales,Ireland,EUR,Existing (pre-FY24),Standard,INV-008875,MX-1002,Industrial Intermediate 850,Industrial Protective,3,199.07,171.6,0.856,597.2,511.2,514.81,114.22,342.66,FY24,FY24 Q1
2023-04-01,2023-04,C0185,Ossett Paint & Decorating,SME,E-commerce,EU - Nordics,EUR,Existing (pre-FY24),Standard,INV-013327,PR-1013,Industrial Sealer 927,Industrial Protective,1,188.99,162.91,0.856,188.99,161.77,162.91,100.52,100.52,FY24,FY24 Q1
2023-04-01,2023-04,C0106,Aalders Coatings Group,Mid-Market,Trade Counter,UK - South,GBP,Existing (pre-FY24),Standard,INV-010545,MX-1010,Industrial Clearcoat 270,Industrial Protective,1,138.57,138.57,0.856,138.57,138.57,138.57,88.62,88.62,FY24,FY24 Q1
2023-04-01,2023-04,C0398,Vandermeer Finishing Ltd,Distributor,Distributor,UK - Midlands,GBP,Existing (pre-FY24),Standard,INV-018955,PR-1011,Industrial Primer 364,Industrial Protective,20,121.17,121.17,0.856,2423.41,2423.41,2423.41,90.65,1812.95,FY24,FY24 Q1
2023-04-01,2023-04,C0011,Tavistock Fabrications,Key Account,National Accounts,UK - Midlands,GBP,Existing (pre-FY24),Standard,INV-001326,TG-1405,Specialty Topcoat 401,Specialty Resins & Additives,8,225.61,225.61,0.856,1804.91,1804.91,1804.91,129.82,1038.52,FY24,FY24 Q1
2023-04-01,2023-04,C0398,Vandermeer Finishing Ltd,Distributor,Distributor,UK - Midlands,GBP,Existing (pre-FY24),Standard,INV-018955,MX-1008,Industrial Thinner 425,Industrial Protective,5,151.72,151.72,0.856,758.59,758.59,758.59,116.21,581.05,FY24,FY24 Q1
2023-04-01,2023-04,C0106,Aalders Coatings Group,Mid-Market,Trade Counter,UK - South,GBP,Existing (pre-FY24),Standard,INV-010545,AC-1306,Powder Clearcoat 916,Powder Coatings,3,84.13,84.13,0.856,252.38,252.38,252.38,54.01,162.04,FY24,FY24 Q1
2023-04-01,2023-04,C0185,Ossett Paint & Decorating,SME,E-commerce,EU - Nordics,EUR,Existing (pre-FY24),Standard,INV-013327,PR-1001,Industrial Finish 723,Industrial Protective,2,175.2,151.03,0.856,350.4,299.95,302.06,80.03,160.06,FY24,FY24 Q1
2023-04-01,2023-04,C0440,Harlow Coatings Group,Distributor,Distributor,Ireland,EUR,Existing (pre-FY24),Standard,INV-023344,SI-1305,Powder Finish 204,Powder Coatings,3,87.58,75.5,0.856,262.75,224.92,226.5,56.45,169.35,FY24,FY24 Q1
2023-04-01,2023-04,C0071,Bellingham Industrial Supplies,Mid-Market,Direct Sales,UK - South,GBP,Existing (pre-FY24),Standard,INV-007824,PU-1201,Architectural Clearcoat 929,Architectural Trade,3,45.21,45.21,0.856,135.63,135.63,135.63,30.74,92.23,FY24,FY24 Q1
2023-04-01,2023-04,C0019,Orwell Steelworks,Key Account,Direct Sales,UK - North,GBP,Existing (pre-FY24),Standard,INV-003404,AC-1300,Powder Basecoat 659,Powder Coatings,38,131.81,131.81,0.856,5008.84,5008.84,5008.84,90.04,3421.58,FY24,FY24 Q1
2023-04-01,2023-04,C0071,Bellingham Industrial Supplies,Mid-Market,Direct Sales,UK - South,GBP,Existing (pre-FY24),Standard,INV-007824,PU-1213,Architectural Sealer 861,Architectural Trade,20,65.02,65.02,0.856,1300.36,1300.36,1300.36,44.82,896.48,FY24,FY24 Q1
2023-04-01,2023-04,C0390,Fairhurst Distribution,Distributor,Distributor,EU - Benelux,EUR,Existing (pre-FY24),Standard,INV-018230,DX-1104,Marine Hardener 415,Marine & Offshore,3,181.54,156.49,0.856,544.61,466.19,469.48,97.61,292.82,FY24,FY24 Q1
2023-04-01,2023-04,C0042,Ilkley Contracting,Mid-Market,Direct Sales,UK - South,GBP,Existing (pre-FY24),Standard,INV-005806,DX-1108,Marine Thinner 344,Marine & Offshore,2,312.28,312.28,0.856,624.56,624.56,624.56,170.76,341.52,FY24,FY24 Q1
2023-04-01,2023-04,C0019,Orwell Steelworks,Key Account,Direct Sales,UK - North,GBP,Existing (pre-FY24),Standard,INV-003404,AC-1312,Powder Basecoat 150,Powder Coatings,10,148.44,148.44,0.856,1484.41,1484.41,1484.41,108.59,1085.85,FY24,FY24 Q1
2023-04-01,2023-04,C0104,Wexford Engineering,Mid-Market,E-commerce,UK - Midlands,GBP,Existing (pre-FY24),Standard,INV-010337,SI-1313,Powder Thinner 115,Powder Coatings,15,98.73,98.73,0.856,1481.02,1481.02,1481.02,71.29,1069.29,FY24,FY24 Q1
2023-04-01,2023-04,C0185,Ossett Paint & Decorating,SME,E-commerce,EU - Nordics,EUR,Existing (pre-FY24),Standard,INV-013327,PR-1005,Industrial Basecoat 645,Industrial Protective,5,163.42,140.88,0.856,817.12,699.46,704.39,79.21,396.07,FY24,FY24 Q1
2023-04-01,2023-04,C0436,Ashgrove Marine Services,Distributor,Distributor,Ireland,EUR,Existing (pre-FY24),Standard,INV-022871,DX-1104,Marine Hardener 415,Marine & Offshore,2,171.87,148.16,0.856,343.74,294.24,296.32,97.61,195.21,FY24,FY24 Q1
2023-04-01,2023-04,C0436,Ashgrove Marine Services,Distributor,Distributor,Ireland,EUR,Existing (pre-FY24),Standard,INV-022871,ZN-1105,Marine Basecoat 606,Marine & Offshore,8,289.61,249.66,0.856,2316.92,1983.28,1997.28,184.29,1474.36,FY24,FY24 Q1
2023-04-01,2023-04,C0443,Stanmore Trade Centre,Distributor,National Accounts,EU - Benelux,EUR,Existing (pre-FY24),Standard,INV-023728,TG-1403,Specialty Hardener 394,Specialty Resins & Additives,19,392.79,338.6,0.856,7462.99,6388.32,6433.4,228.48,4341.16,FY24,FY24 Q1
2023-04-01,2023-04,C0104,Wexford Engineering,Mid-Market,E-commerce,UK - Midlands,GBP,Existing (pre-FY24),Standard,INV-010337,SI-1303,Powder Sealer 169,Powder Coatings,19,90.74,90.74,0.856,1724.01,1724.01,1724.01,62.33,1184.21,FY24,FY24 Q1
2023-04-01,2023-04,C0390,Fairhurst Distribution,Distributor,Distributor,EU - Benelux,EUR,Existing (pre-FY24),Standard,INV-018230,PR-1001,Industrial Finish 723,Industrial Protective,17,143.73,123.9,0.856,2443.38,2091.53,2106.29,80.03,1360.55,FY24,FY24 Q1
2023-04-01,2023-04,C0094,Pentland Engineering,Mid-Market,Trade Counter,UK - Midlands,GBP,Existing (pre-FY24),Standard,INV-009542,MX-1012,Industrial Etch Primer 949,Industrial Protective,6,99.17,99.17,0.856,594.99,594.99,594.99,66.61,399.66,FY24,FY24 Q1
2023-04-01,2023-04,C0398,Vandermeer Finishing Ltd,Distributor,Distributor,UK - Midlands,GBP,Existing (pre-FY24),Standard,INV-018955,EP-1204,Architectural Basecoat 436,Architectural Trade,6,47.62,47.62,0.856,285.7,285.7,285.7,39.69,238.16,FY24,FY24 Q1
2023-04-01,2023-04,C0032,Whitlock Trade Centre,Mid-Market,Direct Sales,UK - South,GBP,Existing (pre-FY24),Standard,INV-005032,SI-1313,Powder Thinner 115,Powder Coatings,1,92.81,92.81,0.856,92.81,92.81,92.81,71.29,71.29,FY24,FY24 Q1
2023-04-01,2023-04,C0154,Corby Fabrications,SME,Trade Counter,EU - Benelux,EUR,Existing (pre-FY24),Standard,INV-012680,EP-1200,Architectural Thinner 140,Architectural Trade,1,61.4,52.93,0.856,61.4,52.56,52.93,31.22,31.22,FY24,FY24 Q1
2023-04-01,2023-04,C0032,Whitlock Trade Centre,Mid-Market,Direct Sales,UK - South,GBP,Existing (pre-FY24),Standard,INV-005032,ZN-1107,Marine Basecoat 792,Marine & Offshore,2,154.36,154.36,0.856,308.73,308.73,308.73,92.6,185.19,FY24,FY24 Q1
2023-04-01,2023-04,C0154,Corby Fabrications,SME,Trade Counter,EU - Benelux,EUR,Existing (pre-FY24),Standard,INV-012680,EP-1204,Architectural Basecoat 436,Architectural Trade,1,66.99,57.75,0.856,66.99,57.34,57.75,39.69,39.69,FY24,FY24 Q1
2023-04-01,2023-04,C0088,Sandhurst Distribution,Mid-Market,Direct Sales,Ireland,EUR,Existing (pre-FY24),Standard,INV-008875,PR-1013,Industrial Sealer 927,Industrial Protective,8,178.15,153.57,0.856,1425.17,1219.95,1228.56,100.52,804.12,FY24,FY24 Q1
2023-04-01,2023-04,C0436,Ashgrove Marine Services,Distributor,Distributor,Ireland,EUR,Existing (pre-FY24),Standard,INV-022871,DX-1108,Marine Thinner 344,Marine & Offshore,1,303.49,261.62,0.856,303.49,259.79,261.62,170.76,170.76,FY24,FY24 Q1
2023-04-01,2023-04,C0088,Sandhurst Distribution,Mid-Market,Direct Sales,Ireland,EUR,Existing (pre-FY24),Standard,INV-008875,MX-1004,Industrial Sealer 279,Industrial Protective,8,139.33,120.11,0.856,1114.63,954.12,960.85,77.74,621.92,FY24,FY24 Q1
2023-04-01,2023-04,C0032,Whitlock Trade Centre,Mid-Market,Direct Sales,UK - South,GBP,Existing (pre-FY24),Standard,INV-005032,ZN-1103,Marine Topcoat 913,Marine & Offshore,1,266.61,266.61,0.856,266.61,266.61,266.61,173.06,173.06,FY24,FY24 Q1
2023-04-01,2023-04,C0088,Sandhurst Distribution,Mid-Market,Direct Sales,Ireland,EUR,Existing (pre-FY24),Standard,INV-008875,MX-1010,Industrial Clearcoat 270,Industrial Protective,3,161.25,139.0,0.856,483.74,414.08,417.0,88.62,265.85,FY24,FY24 Q1
2023-04-02,2023-04,C0402,Marlowe Engineering,Distributor,Distributor,UK - North,GBP,Existing (pre-FY24),Standard,INV-019517,PU-1203,Architectural Basecoat 206,Architectural Trade,17,45.69,45.69,0.856,776.68,776.68,776.68,37.97,645.42,FY24,FY24 Q1
2023-04-02,2023-04,C0402,Marlowe Engineering,Distributor,Distributor,UK - North,GBP,Existing (pre-FY24),Standard,INV-019517,PU-1205,Architectural Finish 184,Architectural Trade,9,43.96,43.96,0.856,395.68,395.68,395.68,33.84,304.52,FY24,FY24 Q1
2023-04-02,2023-04,C0436,Ashgrove Marine Services,Distributor,Distributor,Ireland,EUR,Existing (pre-FY24),Standard,INV-022872,DX-1104,Marine Hardener 415,Marine & Offshore,1,163.21,140.69,0.856,163.21,139.71,140.69,97.61,97.61,FY24,FY24 Q1
2023-04-02,2023-04,C0436,Ashgrove Marine Services,Distributor,Distributor,Ireland,EUR,Existing (pre-FY24),Standard,INV-022872,DX-1108,Marine Thinner 344,Marine & Offshore,1,294.72,254.06,0.856,294.72,252.28,254.06,170.76,170.76,FY24,FY24 Q1
2023-04-02,2023-04,C0050,Nystrom Builders Merchants,Mid-Market,Trade Counter,UK - South,GBP,Existing (pre-FY24),Standard,INV-006549,PR-1013,Industrial Sealer 927,Industrial Protective,4,158.05,158.05,0.856,632.21,632.21,632.21,100.52,402.06,FY24,FY24 Q1
2023-04-02,2023-04,C0436,Ashgrove Marine Services,Distributor,Distributor,Ireland,EUR,Existing (pre-FY24),Standard,INV-022872,ZN-1105,Marine Basecoat 606,Marine & Offshore,14,295.49,254.73,0.856,4136.92,3541.2,3566.19,184.29,2580.13,FY24,FY24 Q1
2023-04-02,2023-04,C0226,Fairhurst Engineering,SME,E-commerce,EU - Nordics,EUR,Existing (pre-FY24),Standard,INV-014201,AC-1300,Powder Basecoat 659,Powder Coatings,1,175.82,151.56,0.856,175.82,150.5,151.56,90.04,90.04,FY24,FY24 Q1
2023-04-02,2023-04,C0018,Redmayne Builders Merchants,Key Account,Direct Sales,UK - South,GBP,Existing (pre-FY24),Standard,INV-002997,PU-1203,Architectural Basecoat 206,Architectural Trade,2,50.75,50.75,0.856,101.51,101.51,101.51,37.97,75.93,FY24,FY24 Q1
2023-04-02,2023-04,C0402,Marlowe Engineering,Distributor,Distributor,UK - North,GBP,Existing (pre-FY24),Standard,INV-019517,PU-1207,Architectural Intermediate 132,Architectural Trade,1,41.94,41.94,0.856,41.94,41.94,41.94,35.04,35.04,FY24,FY24 Q1
2023-04-02,2023-04,C0127,Elmsworth Marine Services,SME,E-commerce,UK - North,GBP,Existing (pre-FY24),Standard,INV-012162,PR-1001,Industrial Finish 723,Industrial Protective,1,144.8,144.8,0.856,144.8,144.8,144.8,80.03,80.03,FY24,FY24 Q1
2023-04-02,2023-04,C0105,Pentland Paint & Decorating,Mid-Market,Direct Sales,UK - Midlands,GBP,Existing (pre-FY24),Standard,INV-010412,PR-1005,Industrial Basecoat 645,Industrial Protective,7,122.66,122.66,0.856,858.64,858.64,858.64,79.21,554.5,FY24,FY24 Q1
2023-04-02,2023-04,C0404,Dunmore Paint & Decorating,Distributor,Distributor,UK - South,GBP,Existing (pre-FY24),Standard,INV-019689,EP-1206,Architectural Primer 286,Architectural Trade,14,58.94,58.94,0.856,825.1,825.1,825.1,43.78,612.97,FY24,FY24 Q1
2023-04-02,2023-04,C0417,Elmsworth Engineering,Distributor,Distributor,UK - Midlands,GBP,Existing (pre-FY24),Standard,INV-021071,PU-1209,Architectural Topcoat 701,Architectural Trade,3,66.29,66.29,0.856,198.86,198.86,198.86,49.78,149.35,FY24,FY24 Q1
2023-04-02,2023-04,C0297,Brackley Industrial Supplies,SME,Direct Sales,UK - South,GBP,Existing (pre-FY24),Standard,INV-015808,PR-1011,Industrial Primer 364,Industrial Protective,3,150.18,150.18,0.856,450.54,450.54,450.54,90.65,271.94,FY24,FY24 Q1
2023-04-02,2023-04,C0127,Elmsworth Marine Services,SME,E-commerce,UK - North,GBP,Existing (pre-FY24),Standard,INV-012162,PU-1209,Architectural Topcoat 701,Architectural Trade,1,80.01,80.01,0.856,80.01,80.01,80.01,49.78,49.78,FY24,FY24 Q1
2023-04-02,2023-04,C0211,Latimer Marine Services,SME,Trade Counter,Ireland,EUR,Existing (pre-FY24),Standard,INV-013916,AC-1312,Powder Basecoat 150,Powder Coatings,1,203.6,175.51,0.856,203.6,174.28,175.51,108.59,108.59,FY24,FY24 Q1
2023-04-02,2023-04,C0211,Latimer Marine Services,SME,Trade Counter,Ireland,EUR,Existing (pre-FY24),Standard,INV-013916,EP-1202,Architectural Clearcoat 145,Architectural Trade,1,74.24,64.0,0.856,74.24,63.55,64.0,41.5,41.5,FY24,FY24 Q1
2023-04-02,2023-04,C0302,Stanmore Engineering,SME,Trade Counter,EU - Nordics,EUR,Existing (pre-FY24),Standard,INV-016002,SI-1307,Powder Etch Primer 568,Powder Coatings,3,97.2,83.79,0.856,291.6,249.61,251.37,48.69,146.08,FY24,FY24 Q1
2023-04-02,2023-04,C0302,Stanmore Engineering,SME,Trade Counter,EU - Nordics,EUR,Existing (pre-FY24),Standard,INV-016002,AC-1300,Powder Basecoat 659,Powder Coatings,2,170.96,147.38,0.856,341.93,292.69,294.76,90.04,180.08,FY24,FY24 Q1
2023-04-02,2023-04,C0427,Ingleton Paint & Decorating,Distributor,Distributor,UK - North,GBP,Existing (pre-FY24),Standard,INV-022342,ZN-1105,Marine Basecoat 606,Marine & Offshore,1,265.02,265.02,0.856,265.02,265.02,265.02,184.29,184.29,FY24,FY24 Q1
2023-04-02,2023-04,C0132,Blackthorn Trade Centre,SME,Trade Counter,UK - Midlands,GBP,Existing (pre-FY24),Standard,INV-012259,SI-1305,Powder Finish 204,Powder Coatings,1,92.9,92.9,0.856,92.9,92.9,92.9,56.45,56.45,FY24,FY24 Q1
2023-04-02,2023-04,C0132,Blackthorn Trade Centre,SME,Trade Counter,UK - Midlands,GBP,Existing (pre-FY24),Standard,INV-012259,VX-1408,Specialty Sealer 363,Specialty Resins & Additives,1,395.11,395.11,0.856,395.11,395.11,395.11,214.33,214.33,FY24,FY24 Q1
2023-04-02,2023-04,C0132,Blackthorn Trade Centre,SME,Trade Counter,UK - Midlands,GBP,Existing (pre-FY24),Standard,INV-012259,VX-1404,Specialty Finish 330,Specialty Resins & Additives,1,260.97,260.97,0.856,260.97,260.97,260.97,145.42,145.42,FY24,FY24 Q1
2023-04-02,2023-04,C0132,Blackthorn Trade Centre,SME,Trade Counter,UK - Midlands,GBP,Existing (pre-FY24),Standard,INV-012259,SI-1307,Powder Etch Primer 568,Powder Coatings,1,85.15,85.15,0.856,85.15,85.15,85.15,48.69,48.69,FY24,FY24 Q1
2023-04-02,2023-04,C0211,Latimer Marine Services,SME,Trade Counter,Ireland,EUR,Existing (pre-FY24),Standard,INV-013916,SI-1309,Powder Thinner 475,Powder Coatings,1,155.87,134.36,0.856,155.87,133.42,134.36,79.06,79.06,FY24,FY24 Q1
2023-04-02,2023-04,C0211,Latimer Marine Services,SME,Trade Counter,Ireland,EUR,Existing (pre-FY24),Standard,INV-013916,AC-1310,Powder Topcoat 491,Powder Coatings,1,165.74,142.88,0.856,165.74,141.88,142.88,82.89,82.89,FY24,FY24 Q1
2023-04-02,2023-04,C0417,Elmsworth Engineering,Distributor,Distributor,UK - Midlands,GBP,Existing (pre-FY24),Standard,INV-021066,PR-1013,Industrial Sealer 927,Industrial Protective,1,132.18,132.18,0.856,132.18,132.18,132.18,100.52,100.52,FY24,FY24 Q1
2023-04-02,2023-04,C0417,Elmsworth Engineering,Distributor,Distributor,UK - Midlands,GBP,Existing (pre-FY24),Standard,INV-021066,PU-1203,Architectural Basecoat 206,Architectural Trade,2,47.15,47.15,0.856,94.3,94.3,94.3,37.97,75.93,FY24,FY24 Q1
2023-04-02,2023-04,C0417,Elmsworth Engineering,Distributor,Distributor,UK - Midlands,GBP,Existing (pre-FY24),Standard,INV-021066,TG-1401,Specialty Finish 328,Specialty Resins & Additives,4,310.75,310.75,0.856,1243.01,1243.01,1243.01,217.05,868.2,FY24,FY24 Q1
2023-04-02,2023-04,C0284,Selby Paint & Decorating,SME,Direct Sales,UK - Midlands,GBP,Existing (pre-FY24),Standard,INV-015545,VX-1406,Specialty Thinner 831,Specialty Resins & Additives,1,294.95,294.95,0.856,294.95,294.95,294.95,150.66,150.66,FY24,FY24 Q1
2023-04-02,2023-04,C0223,Redmayne Finishing Ltd,SME,Trade Counter,UK - South,GBP,Existing (pre-FY24),Standard,INV-014129,SI-1309,Powder Thinner 475,Powder Coatings,7,127.44,127.44,0.856,892.11,892.11,892.11,79.06,553.44,FY24,FY24 Q1
2023-04-02,2023-04,C0223,Redmayne Finishing Ltd,SME,Trade Counter,UK - South,GBP,Existing (pre-FY24),Standard,INV-014129,ZN-1109,Marine Finish 533,Marine & Offshore,2,291.91,291.91,0.856,583.82,583.82,583.82,152.22,304.43,FY24,FY24 Q1
2023-04-02,2023-04,C0018,Redmayne Builders Merchants,Key Account,Direct Sales,UK - South,GBP,Existing (pre-FY24),Standard,INV-003007,PU-1201,Architectural Clearcoat 929,Architectural Trade,2,43.48,43.48,0.856,86.95,86.95,86.95,30.74,61.49,FY24,FY24 Q1
2023-04-02,2023-04,C0105,Pentland Paint & Decorating,Mid-Market,Direct Sales,UK - Midlands,GBP,Existing (pre-FY24),Standard,INV-010412,EP-1200,Architectural Thinner 140,Architectural Trade,16,48.72,48.72,0.856,779.51,779.51,779.51,31.22,499.51,FY24,FY24 Q1
2023-04-02,2023-04,C0417,Elmsworth Engineering,Distributor,Distributor,UK - Midlands,GBP,Existing (pre-FY24),Standard,INV-021066,EP-1202,Architectural Clearcoat 145,Architectural Trade,1,48.45,48.45,0.856,48.45,48.45,48.45,41.5,41.5,FY24,FY24 Q1
2023-04-02,2023-04,C0127,Elmsworth Marine Services,SME,E-commerce,UK - North,GBP,Existing (pre-FY24),Standard,INV-012162,MX-1000,Industrial Clearcoat 174,Industrial Protective,1,183.13,183.13,0.856,183.13,183.13,183.13,112.72,112.72,FY24,FY24 Q1
2023-04-02,2023-04,C0232,Selby Steelworks,SME,Trade Counter,UK - Midlands,GBP,Existing (pre-FY24),Standard,INV-014406,EP-1210,Architectural Topcoat 371,Architectural Trade,9,51.6,51.6,0.856,464.37,464.37,464.37,33.89,304.97,FY24,FY24 Q1
2023-04-02,2023-04,C0250,Pentland Trade Centre,SME,Trade Counter,UK - Midlands,GBP,Existing (pre-FY24),Standard,INV-014801,PR-1013,Industrial Sealer 927,Industrial Protective,3,154.84,154.84,0.856,464.53,464.53,464.53,100.52,301.55,FY24,FY24 Q1
2023-04-02,2023-04,C0250,Pentland Trade Centre,SME,Trade Counter,UK - Midlands,GBP,Existing (pre-FY24),Standard,INV-014801,PR-1001,Industrial Finish 723,Industrial Protective,2,142.29,142.29,0.856,284.59,284.59,284.59,80.03,160.06,FY24,FY24 Q1
2023-04-02,2023-04,C0127,Elmsworth Marine Services,SME,E-commerce,UK - North,GBP,Existing (pre-FY24),Standard,INV-012162,PU-1207,Architectural Intermediate 132,Architectural Trade,1,51.63,51.63,0.856,51.63,51.63,51.63,35.04,35.04,FY24,FY24 Q1
2023-04-02,2023-04,C0421,Dunmore Fabrications,Distributor,Distributor,UK - North,GBP,Existing (pre-FY24),Standard,INV-021631,SI-1307,Powder Etch Primer 568,Powder Coatings,6,65.38,65.38,0.856,392.3,392.3,392.3,48.69,292.15,FY24,FY24 Q1
2023-04-02,2023-04,C0421,Dunmore Fabrications,Distributor,Distributor,UK - North,GBP,Existing (pre-FY24),Standard,INV-021631,AC-1308,Powder Intermediate 381,Powder Coatings,13,91.1,91.1,0.856,1184.24,1184.24,1184.24,75.89,986.59,FY24,FY24 Q1
2023-04-02,2023-04,C0338,Nystrom Distribution,SME,E-commerce,EU - Nordics,EUR,Existing (pre-FY24),Standard,INV-016831,PU-1205,Architectural Finish 184,Architectural Trade,2,62.24,53.65,0.856,124.48,106.55,107.3,33.84,67.67,FY24,FY24 Q1
2023-04-02,2023-04,C0338,Nystrom Distribution,SME,E-commerce,EU - Nordics,EUR,Existing (pre-FY24),Standard,INV-016831,EP-1202,Architectural Clearcoat 145,Architectural Trade,1,67.59,58.26,0.856,67.59,57.86,58.26,41.5,41.5,FY24,FY24 Q1
2023-04-02,2023-04,C0338,Nystrom Distribution,SME,E-commerce,EU - Nordics,EUR,Existing (pre-FY24),Standard,INV-016831,PU-1207,Architectural Intermediate 132,Architectural Trade,1,59.15,50.99,0.856,59.15,50.63,50.99,35.04,35.04,FY24,FY24 Q1
2023-04-02,2023-04,C0338,Nystrom Distribution,SME,E-commerce,EU - Nordics,EUR,Existing (pre-FY24),Standard,INV-016831,PU-1215,Architectural Etch Primer 121,Architectural Trade,1,83.77,72.21,0.856,83.77,71.71,72.21,47.9,47.9,FY24,FY24 Q1
2023-04-02,2023-04,C0413,Blackthorn Distribution,Distributor,Distributor,UK - North,GBP,Existing (pre-FY24),Standard,INV-020535,PR-1003,Industrial Clearcoat 594,Industrial Protective,34,130.09,130.09,0.856,4423.05,4423.05,4423.05,95.62,3250.97,FY24,FY24 Q1
2023-04-02,2023-04,C0413,Blackthorn Distribution,Distributor,Distributor,UK - North,GBP,Existing (pre-FY24),Standard,INV-020535,ZN-1103,Marine Topcoat 913,Marine & Offshore,29,239.37,239.37,0.856,6941.67,6941.67,6941.67,173.06,5018.84,FY24,FY24 Q1
2023-04-02,2023-04,C0413,Blackthorn Distribution,Distributor,Distributor,UK - North,GBP,Existing (pre-FY24),Standard,INV-020535,DX-1108,Marine Thinner 344,Marine & Offshore,4,265.67,265.67,0.856,1062.66,1062.66,1062.66,170.76,683.04,FY24,FY24 Q1
2023-04-02,2023-04,C0033,Kestrel Distribution,Mid-Market,E-commerce,UK - North,GBP,Existing (pre-FY24),Standard,INV-005180,PU-1205,Architectural Finish 184,Architectural Trade,3,50.45,50.45,0.856,151.36,151.36,151.36,33.84,101.5,FY24,FY24 Q1
2023-04-02,2023-04,C0338,Nystrom Distribution,SME,E-commerce,EU - Nordics,EUR,Existing (pre-FY24),Standard,INV-016831,EP-1200,Architectural Thinner 140,Architectural Trade,2,58.64,50.55,0.856,117.28,100.4,101.1,31.22,62.44,FY24,FY24 Q1
2023-04-02,2023-04,C0042,Ilkley Contracting,Mid-Market,Direct Sales,UK - South,GBP,Existing (pre-FY24),Standard,INV-005810,SI-1303,Powder Sealer 169,Powder Coatings,1,90.11,90.11,0.856,90.11,90.11,90.11,62.33,62.33,FY24,FY24 Q1
2023-04-02,2023-04,C0108,Marlowe Surface Technologies,Mid-Market,E-commerce,UK - South,GBP,Existing (pre-FY24),Standard,INV-010733,VX-1404,Specialty Finish 330,Specialty Resins & Additives,1,227.54,227.54,0.856,227.54,227.54,227.54,145.42,145.42,FY24,FY24 Q1
2023-04-02,2023-04,C0108,Marlowe Surface Technologies,Mid-Market,E-commerce,UK - South,GBP,Existing (pre-FY24),Standard,INV-010733,VX-1406,Specialty Thinner 831,Specialty Resins & Additives,3,251.36,251.36,0.856,754.09,754.09,754.09,150.66,451.99,FY24,FY24 Q1
2023-04-02,2023-04,C0421,Dunmore Fabrications,Distributor,Distributor,UK - North,GBP,Existing (pre-FY24),Standard,INV-021631,SI-1303,Powder Sealer 169,Powder Coatings,6,76.43,76.43,0.856,458.57,458.57,458.57,62.33,373.96,FY24,FY24 Q1
2023-04-02,2023-04,C0421,Dunmore Fabrications,Distributor,Distributor,UK - North,GBP,Existing (pre-FY24),Standard,INV-021631,SI-1309,Powder Thinner 475,Powder Coatings,14,103.17,103.17,0.856,1444.43,1444.43,1444.43,79.06,1106.88,FY24,FY24 Q1
2023-04-02,2023-04,C0391,Sandhurst Builders Merchants,Distributor,Distributor,UK - South,GBP,Existing (pre-FY24),Standard,INV-018315,MX-1008,Industrial Thinner 425,Industrial Protective,64,155.78,155.78,0.856,9970.06,9970.06,9970.06,116.21,7437.48,FY24,FY24 Q1
2023-04-02,2023-04,C0395,Harlow Finishing Ltd,Distributor,Distributor,UK - South,GBP,Existing (pre-FY24),Standard,INV-018693,PR-1013,Industrial Sealer 927,Industrial Protective,4,130.76,130.76,0.856,523.06,523.06,523.06,100.52,402.06,FY24,FY24 Q1
2023-04-02,2023-04,C0250,Pentland Trade Centre,SME,Trade Counter,UK - Midlands,GBP,Existing (pre-FY24),Standard,INV-014801,PR-1009,Industrial Clearcoat 704,Industrial Protective,1,96.35,96.35,0.856,96.35,96.35,96.35,58.12,58.12,FY24,FY24 Q1
2023-04-02,2023-04,C0395,Harlow Finishing Ltd,Distributor,Distributor,UK - South,GBP,Existing (pre-FY24),Standard,INV-018693,DX-1106,Marine Thinner 814,Marine & Offshore,2,181.2,181.2,0.856,362.4,362.4,362.4,121.73,243.45,FY24,FY24 Q1
2023-04-02,2023-04,C0232,Selby Steelworks,SME,Trade Counter,UK - Midlands,GBP,Existing (pre-FY24),Standard,INV-014406,VX-1402,Specialty Basecoat 172,Specialty Resins & Additives,7,361.64,361.64,0.856,2531.49,2531.49,2531.49,206.28,1443.98,FY24,FY24 Q1
2023-04-02,2023-04,C0232,Selby Steelworks,SME,Trade Counter,UK - Midlands,GBP,Existing (pre-FY24),Standard,INV-014406,PU-1209,Architectural Topcoat 701,Architectural Trade,2,82.14,82.14,0.856,164.28,164.28,164.28,49.78,99.57,FY24,FY24 Q1
2023-04-02,2023-04,C0092,Blackthorn Finishing Ltd,Mid-Market,Trade Counter,UK - South,GBP,Existing (pre-FY24),Standard,INV-009360,PU-1203,Architectural Basecoat 206,Architectural Trade,2,55.64,55.64,0.856,111.28,111.28,111.28,37.97,75.93,FY24,FY24 Q1
2023-04-02,2023-04,C0059,Aalders Marine Services,Mid-Market,Direct Sales,UK - North,GBP,Existing (pre-FY24),Standard,INV-007224,AC-1304,Powder Hardener 392,Powder Coatings,1,119.94,119.94,0.856,119.94,119.94,119.94,74.5,74.5,FY24,FY24 Q1
2023-04-02,2023-04,C0302,Stanmore Engineering,SME,Trade Counter,EU - Nordics,EUR,Existing (pre-FY24),Standard,INV-016002,AC-1308,Powder Intermediate 381,Powder Coatings,1,135.02,116.4,0.856,135.02,115.58,116.4,75.89,75.89,FY24,FY24 Q1
2023-04-02,2023-04,C0038,Whitlock Coatings Group,Mid-Market,Direct Sales,EU - Benelux,EUR,Existing (pre-FY24),Standard,INV-005554,PR-1005,Industrial Basecoat 645,Industrial Protective,1,137.8,118.79,0.856,137.8,117.95,118.79,79.21,79.21,FY24,FY24 Q1
2023-04-02,2023-04,C0038,Whitlock Coatings Group,Mid-Market,Direct Sales,EU - Benelux,EUR,Existing (pre-FY24),Standard,INV-005554,MX-1010,Industrial Clearcoat 270,Industrial Protective,2,158.15,136.33,0.856,316.3,270.75,272.66,88.62,177.23,FY24,FY24 Q1
2023-04-02,2023-04,C0395,Harlow Finishing Ltd,Distributor,Distributor,UK - South,GBP,Existing (pre-FY24),Standard,INV-018693,DX-1102,Marine Clearcoat 265,Marine & Offshore,3,158.48,158.48,0.856,475.45,475.45,475.45,117.87,353.6,FY24,FY24 Q1
2023-04-02,2023-04,C0439,Quorn Protective Systems,Distributor,National Accounts,UK - North,GBP,Existing (pre-FY24),Standard,INV-023201,SI-1305,Powder Finish 204,Powder Coatings,5,76.36,76.36,0.856,381.82,381.82,381.82,56.45,282.24,FY24,FY24 Q1
2023-04-02,2023-04,C0439,Quorn Protective Systems,Distributor,National Accounts,UK - North,GBP,Existing (pre-FY24),Standard,INV-023201,AC-1308,Powder Intermediate 381,Powder Coatings,3,95.48,95.48,0.856,286.44,286.44,286.44,75.89,227.67,FY24,FY24 Q1
2023-04-02,2023-04,C0439,Quorn Protective Systems,Distributor,National Accounts,UK - North,GBP,Existing (pre-FY24),Standard,INV-023201,AC-1304,Powder Hardener 392,Powder Coatings,10,105.07,105.07,0.856,1050.73,1050.73,1050.73,74.5,744.98,FY24,FY24 Q1
2023-04-02,2023-04,C0439,Quorn Protective Systems,Distributor,National Accounts,UK - North,GBP,Existing (pre-FY24),Standard,INV-023201,SI-1311,Powder Primer 434,Powder Coatings,10,72.52,72.52,0.856,725.22,725.22,725.22,55.82,558.23,FY24,FY24 Q1
2023-04-02,2023-04,C0421,Dunmore Fabrications,Distributor,Distributor,UK - North,GBP,Existing (pre-FY24),Standard,INV-021631,AC-1304,Powder Hardener 392,Powder Coatings,6,101.72,101.72,0.856,610.31,610.31,610.31,74.5,446.99,FY24,FY24 Q1
2023-04-02,2023-04,C0038,Whitlock Coatings Group,Mid-Market,Direct Sales,EU - Benelux,EUR,Existing (pre-FY24),Standard,INV-005554,DX-1106,Marine Thinner 814,Marine & Offshore,4,241.61,208.27,0.856,966.42,827.26,833.1,121.73,486.9,FY24,FY24 Q1
2023-04-02,2023-04,C0038,Whitlock Coatings Group,Mid-Market,Direct Sales,EU - Benelux,EUR,Existing (pre-FY24),Standard,INV-005554,ZN-1103,Marine Topcoat 913,Marine & Offshore,1,323.12,278.55,0.856,323.12,276.59,278.55,173.06,173.06,FY24,FY24 Q1
2023-04-02,2023-04,C0240,Thornbury Trade Centre,SME,Trade Counter,UK - South,GBP,Existing (pre-FY24),Standard,INV-014607,MX-1012,Industrial Etch Primer 949,Industrial Protective,2,112.42,112.42,0.856,224.84,224.84,224.84,66.61,133.22,FY24,FY24 Q1
2023-04-02,2023-04,C0240,Thornbury Trade Centre,SME,Trade Counter,UK - South,GBP,Existing (pre-FY24),Standard,INV-014607,PR-1005,Industrial Basecoat 645,Industrial Protective,8,141.15,141.15,0.856,1129.21,1129.21,1129.21,79.21,633.71,FY24,FY24 Q1
2023-04-02,2023-04,C0240,Thornbury Trade Centre,SME,Trade Counter,UK - South,GBP,Existing (pre-FY24),Standard,INV-014607,PR-1003,Industrial Clearcoat 594,Industrial Protective,1,172.16,172.16,0.856,172.16,172.16,172.16,95.62,95.62,FY24,FY24 Q1
2023-04-02,2023-04,C0395,Harlow Finishing Ltd,Distributor,Distributor,UK - South,GBP,Existing (pre-FY24),Standard,INV-018693,MX-1008,Industrial Thinner 425,Industrial Protective,7,150.72,150.72,0.856,1055.01,1055.01,1055.01,116.21,813.47,FY24,FY24 Q1
2023-04-02,2023-04,C0395,Harlow Finishing Ltd,Distributor,Distributor,UK - South,GBP,Existing (pre-FY24),Standard,INV-018693,MX-1000,Industrial Clearcoat 174,Industrial Protective,3,149.49,149.49,0.856,448.48,448.48,448.48,112.72,338.15,FY24,FY24 Q1
2023-04-03,2023-04,C0425,Ossett Distribution,Distributor,Distributor,EU - Nordics,EUR,Existing (pre-FY24),Standard,INV-022044,TG-1409,Specialty Finish 766,Specialty Resins & Additives,10,233.81,201.56,0.856,2338.13,2001.44,2015.56,141.48,1414.81,FY24,FY24 Q1
2023-04-03,2023-04,C0425,Ossett Distribution,Distributor,Distributor,EU - Nordics,EUR,Existing (pre-FY24),Standard,INV-022044,VX-1400,Specialty Sealer 476,Specialty Resins & Additives,4,333.11,287.15,0.856,1332.43,1140.56,1148.61,184.25,737.02,FY24,FY24 Q1
2023-04-03,2023-04,C0445,Harlow Trade Centre,Distributor,Distributor,UK - South,GBP,Existing (pre-FY24),Standard,INV-023924,DX-1100,Marine Primer 939,Marine & Offshore,3,203.49,203.49,0.856,610.46,610.46,610.46,140.06,420.17,FY24,FY24 Q1
2023-04-03,2023-04,C0445,Harlow Trade Centre,Distributor,Distributor,UK - South,GBP,Existing (pre-FY24),Standard,INV-023924,DX-1102,Marine Clearcoat 265,Marine & Offshore,3,163.35,163.35,0.856,490.06,490.06,490.06,117.87,353.6,FY24,FY24 Q1
2023-04-03,2023-04,C0445,Harlow Trade Centre,Distributor,Distributor,UK - South,GBP,Existing (pre-FY24),Standard,INV-023924,DX-1108,Marine Thinner 344,Marine & Offshore,7,261.8,261.8,0.856,1832.61,1832.61,1832.61,170.76,1195.32,FY24,FY24 Q1
2023-04-03,2023-04,C0445,Harlow Trade Centre,Distributor,Distributor,UK - South,GBP,Existing (pre-FY24),Standard,INV-023924,ZN-1105,Marine Basecoat 606,Marine & Offshore,4,260.62,260.62,0.856,1042.46,1042.46,1042.46,184.29,737.18,FY24,FY24 Q1
2023-04-03,2023-04,C0336,Ilkley Paint & Decorating,SME,Trade Counter,UK - South,GBP,Existing (pre-FY24),Standard,INV-016794,SI-1307,Powder Etch Primer 568,Powder Coatings,2,83.97,83.97,0.856,167.94,167.94,167.94,48.69,97.38,FY24,FY24 Q1
2023-04-03,2023-04,C0007,Whitlock Builders Merchants,Key Account,Direct Sales,EU - Nordics,EUR,Existing (pre-FY24),Standard,INV-000912,MX-1012,Industrial Etch Primer 949,Industrial Protective,2,115.76,99.79,0.856,231.52,198.18,199.58,66.61,133.22,FY24,FY24 Q1
2023-04-03,2023-04,C0286,Harlow Industrial Supplies,SME,Trade Counter,UK - South,GBP,Existing (pre-FY24),Standard,INV-015584,EP-1202,Architectural Clearcoat 145,Architectural Trade,1,59.77,59.77,0.856,59.77,59.77,59.77,41.5,41.5,FY24,FY24 Q1
2023-04-03,2023-04,C0007,Whitlock Builders Merchants,Key Account,Direct Sales,EU - Nordics,EUR,Existing (pre-FY24),Standard,INV-000912,PR-1007,Industrial Clearcoat 512,Industrial Protective,4,121.29,104.56,0.856,485.17,415.3,418.23,68.21,272.82,FY24,FY24 Q1
2023-04-03,2023-04,C0007,Whitlock Builders Merchants,Key Account,Direct Sales,EU - Nordics,EUR,Existing (pre-FY24),Standard,INV-000912,MX-1008,Industrial Thinner 425,Industrial Protective,1,206.19,177.75,0.856,206.19,176.5,177.75,116.21,116.21,FY24,FY24 Q1
2023-04-03,2023-04,C0022,Orwell Finishing Ltd,Key Account,National Accounts,EU - Benelux,EUR,Existing (pre-FY24),Standard,INV-003749,SI-1311,Powder Primer 434,Powder Coatings,3,82.19,70.85,0.856,246.57,211.06,212.55,55.82,167.47,FY24,FY24 Q1
2023-04-03,2023-04,C0022,Orwell Finishing Ltd,Key Account,National Accounts,EU - Benelux,EUR,Existing (pre-FY24),Standard,INV-003749,DX-1104,Marine Hardener 415,Marine & Offshore,13,171.08,147.48,0.856,2224.1,1903.83,1917.26,97.61,1268.88,FY24,FY24 Q1
2023-04-03,2023-04,C0022,Orwell Finishing Ltd,Key Account,National Accounts,EU - Benelux,EUR,Existing (pre-FY24),Standard,INV-003749,SI-1313,Powder Thinner 115,Powder Coatings,7,102.8,88.61,0.856,719.57,615.96,620.3,71.29,499.0,FY24,FY24 Q1
2023-04-03,2023-04,C0022,Orwell Finishing Ltd,Key Account,National Accounts,EU - Benelux,EUR,Existing (pre-FY24),Standard,INV-003749,AC-1300,Powder Basecoat 659,Powder Coatings,4,145.35,125.29,0.856,581.38,497.67,501.18,90.04,360.17,FY24,FY24 Q1
2023-04-03,2023-04,C0425,Ossett Distribution,Distributor,Distributor,EU - Nordics,EUR,Existing (pre-FY24),Standard,INV-022044,PU-1213,Architectural Sealer 861,Architectural Trade,11,61.75,53.23,0.856,679.23,581.42,585.52,44.82,493.06,FY24,FY24 Q1
2023-04-03,2023-04,C0007,Whitlock Builders Merchants,Key Account,Direct Sales,EU - Nordics,EUR,Existing (pre-FY24),Standard,INV-000912,MX-1000,Industrial Clearcoat 174,Industrial Protective,6,204.77,176.52,0.856,1228.6,1051.68,1059.1,112.72,676.3,FY24,FY24 Q1
2023-04-03,2023-04,C0007,Whitlock Builders Merchants,Key Account,Direct Sales,EU - Nordics,EUR,Existing (pre-FY24),Standard,INV-000912,MX-1002,Industrial Intermediate 850,Industrial Protective,7,202.78,174.8,0.856,1419.45,1215.05,1223.62,114.22,799.55,FY24,FY24 Q1
2023-04-03,2023-04,C0336,Ilkley Paint & Decorating,SME,Trade Counter,UK - South,GBP,Existing (pre-FY24),Standard,INV-016794,PR-1001,Industrial Finish 723,Industrial Protective,9,152.48,152.48,0.856,1372.36,1372.36,1372.36,80.03,720.29,FY24,FY24 Q1
2023-04-03,2023-04,C0312,Pentland Coatings Group,SME,E-commerce,UK - Midlands,GBP,Existing (pre-FY24),Standard,INV-016224,EP-1204,Architectural Basecoat 436,Architectural Trade,1,56.96,56.96,0.856,56.96,56.96,56.96,39.69,39.69,FY24,FY24 Q1
2023-04-03,2023-04,C0336,Ilkley Paint & Decorating,SME,Trade Counter,UK - South,GBP,Existing (pre-FY24),Standard,INV-016794,MX-1002,Industrial Intermediate 850,Industrial Protective,10,194.69,194.69,0.856,1946.9,1946.9,1946.9,114.22,1142.21,FY24,FY24 Q1
2023-04-03,2023-04,C0312,Pentland Coatings Group,SME,E-commerce,UK - Midlands,GBP,Existing (pre-FY24),Standard,INV-016224,PU-1215,Architectural Etch Primer 121,Architectural Trade,1,72.39,72.39,0.856,72.39,72.39,72.39,47.9,47.9,FY24,FY24 Q1
2023-04-03,2023-04,C0249,Stanmore Builders Merchants,SME,Trade Counter,EU - Nordics,EUR,Existing (pre-FY24),Standard,INV-014789,MX-1000,Industrial Clearcoat 174,Industrial Protective,1,215.33,185.62,0.856,215.33,184.32,185.62,112.72,112.72,FY24,FY24 Q1
2023-04-03,2023-04,C0249,Stanmore Builders Merchants,SME,Trade Counter,EU - Nordics,EUR,Existing (pre-FY24),Standard,INV-014789,MX-1008,Industrial Thinner 425,Industrial Protective,1,220.23,189.85,0.856,220.23,188.52,189.85,116.21,116.21,FY24,FY24 Q1
2023-04-03,2023-04,C0268,Sandhurst Fabrications,SME,Direct Sales,UK - South,GBP,Existing (pre-FY24),Standard,INV-015228,PR-1007,Industrial Clearcoat 512,Industrial Protective,2,116.48,116.48,0.856,232.95,232.95,232.95,68.21,136.41,FY24,FY24 Q1
2023-04-03,2023-04,C0268,Sandhurst Fabrications,SME,Direct Sales,UK - South,GBP,Existing (pre-FY24),Standard,INV-015228,MX-1004,Industrial Sealer 279,Industrial Protective,2,131.28,131.28,0.856,262.55,262.55,262.55,77.74,155.48,FY24,FY24 Q1
2023-04-03,2023-04,C0097,Vandermeer Coatings Group,Mid-Market,Direct Sales,UK - South,GBP,Existing (pre-FY24),Standard,INV-009713,VX-1408,Specialty Sealer 363,Specialty Resins & Additives,3,371.42,371.42,0.856,1114.27,1114.27,1114.27,214.33,643.0,FY24,FY24 Q1
2023-04-03,2023-04,C0097,Vandermeer Coatings Group,Mid-Market,Direct Sales,UK - South,GBP,Existing (pre-FY24),Standard,INV-009713,ZN-1103,Marine Topcoat 913,Marine & Offshore,1,284.74,284.74,0.856,284.74,284.74,284.74,173.06,173.06,FY24,FY24 Q1
2023-04-03,2023-04,C0097,Vandermeer Coatings Group,Mid-Market,Direct Sales,UK - South,GBP,Existing (pre-FY24),Standard,INV-009713,ZN-1109,Marine Finish 533,Marine & Offshore,9,281.27,281.27,0.856,2531.44,2531.44,2531.44,152.22,1369.95,FY24,FY24 Q1
2023-04-03,2023-04,C0097,Vandermeer Coatings Group,Mid-Market,Direct Sales,UK - South,GBP,Existing (pre-FY24),Standard,INV-009713,DX-1104,Marine Hardener 415,Marine & Offshore,1,176.05,176.05,0.856,176.05,176.05,176.05,97.61,97.61,FY24,FY24 Q1
2023-04-03,2023-04,C0097,Vandermeer Coatings Group,Mid-Market,Direct Sales,UK - South,GBP,Existing (pre-FY24),Standard,INV-009713,PR-1011,Industrial Primer 364,Industrial Protective,1,138.85,138.85,0.856,138.85,138.85,138.85,90.65,90.65,FY24,FY24 Q1
2023-04-03,2023-04,C0097,Vandermeer Coatings Group,Mid-Market,Direct Sales,UK - South,GBP,Existing (pre-FY24),Standard,INV-009710,PR-1011,Industrial Primer 364,Industrial Protective,3,144.55,144.55,0.856,433.66,433.66,433.66,90.65,271.94,FY24,FY24 Q1
2023-04-03,2023-04,C0097,Vandermeer Coatings Group,Mid-Market,Direct Sales,UK - South,GBP,Existing (pre-FY24),Standard,INV-009710,DX-1104,Marine Hardener 415,Marine & Offshore,2,176.0,176.0,0.856,352.01,352.01,352.01,97.61,195.21,FY24,FY24 Q1
2023-04-03,2023-04,C0268,Sandhurst Fabrications,SME,Direct Sales,UK - South,GBP,Existing (pre-FY24),Standard,INV-015228,MX-1006,Industrial Sealer 703,Industrial Protective,3,121.91,121.91,0.856,365.74,365.74,365.74,67.69,203.07,FY24,FY24 Q1
2023-04-03,2023-04,C0097,Vandermeer Coatings Group,Mid-Market,Direct Sales,UK - South,GBP,Existing (pre-FY24),Standard,INV-009710,ZN-1103,Marine Topcoat 913,Marine & Offshore,1,291.06,291.06,0.856,291.06,291.06,291.06,173.06,173.06,FY24,FY24 Q1
2023-04-03,2023-04,C0260,Redmayne Industrial Supplies,SME,E-commerce,UK - South,GBP,Existing (pre-FY24),Standard,INV-014995,ZN-1107,Marine Basecoat 792,Marine & Offshore,1,184.75,184.75,0.856,184.75,184.75,184.75,92.6,92.6,FY24,FY24 Q1
2023-04-03,2023-04,C0096,Blackthorn Engineering,Mid-Market,E-commerce,UK - North,GBP,Existing (pre-FY24),Standard,INV-009647,SI-1303,Powder Sealer 169,Powder Coatings,4,85.97,85.97,0.856,343.89,343.89,343.89,62.33,249.31,FY24,FY24 Q1
2023-04-03,2023-04,C0096,Blackthorn Engineering,Mid-Market,E-commerce,UK - North,GBP,Existing (pre-FY24),Standard,INV-009647,ZN-1101,Marine Sealer 740,Marine & Offshore,3,233.32,233.32,0.856,699.96,699.96,699.96,140.66,421.99,FY24,FY24 Q1
2023-04-03,2023-04,C0096,Blackthorn Engineering,Mid-Market,E-commerce,UK - North,GBP,Existing (pre-FY24),Standard,INV-009647,DX-1106,Marine Thinner 814,Marine & Offshore,2,203.0,203.0,0.856,406.01,406.01,406.01,121.73,243.45,FY24,FY24 Q1
2023-04-03,2023-04,C0096,Blackthorn Engineering,Mid-Market,E-commerce,UK - North,GBP,Existing (pre-FY24),Standard,INV-009647,EP-1200,Architectural Thinner 140,Architectural Trade,6,46.44,46.44,0.856,278.64,278.64,278.64,31.22,187.31,FY24,FY24 Q1
2023-04-03,2023-04,C0096,Blackthorn Engineering,Mid-Market,E-commerce,UK - North,GBP,Existing (pre-FY24),Standard,INV-009647,ZN-1107,Marine Basecoat 792,Marine & Offshore,2,153.0,153.0,0.856,306.01,306.01,306.01,92.6,185.19,FY24,FY24 Q1
2023-04-03,2023-04,C0055,Blackthorn Fabrications,Mid-Market,Direct Sales,UK - South,GBP,Existing (pre-FY24),Standard,INV-006882,VX-1404,Specialty Finish 330,Specialty Resins & Additives,1,227.85,227.85,0.856,227.85,227.85,227.85,145.42,145.42,FY24,FY24 Q1
2023-04-03,2023-04,C0055,Blackthorn Fabrications,Mid-Market,Direct Sales,UK - South,GBP,Existing (pre-FY24),Standard,INV-006882,VX-1402,Specialty Basecoat 172,Specialty Resins & Additives,4,323.64,323.64,0.856,1294.58,1294.58,1294.58,206.28,825.13,FY24,FY24 Q1
2023-04-03,2023-04,C0055,Blackthorn Fabrications,Mid-Market,Direct Sales,UK - South,GBP,Existing (pre-FY24),Standard,INV-006882,TG-1409,Specialty Finish 766,Specialty Resins & Additives,1,228.82,228.82,0.856,228.82,228.82,228.82,141.48,141.48,FY24,FY24 Q1
2023-04-03,2023-04,C0055,Blackthorn Fabrications,Mid-Market,Direct Sales,UK - South,GBP,Existing (pre-FY24),Standard,INV-006882,TG-1401,Specialty Finish 328,Specialty Resins & Additives,1,338.15,338.15,0.856,338.15,338.15,338.15,217.05,217.05,FY24,FY24 Q1
2023-04-03,2023-04,C0055,Blackthorn Fabrications,Mid-Market,Direct Sales,UK - South,GBP,Existing (pre-FY24),Standard,INV-006878,TG-1409,Specialty Finish 766,Specialty Resins & Additives,1,228.59,228.59,0.856,228.59,228.59,228.59,141.48,141.48,FY24,FY24 Q1
2023-04-03,2023-04,C0097,Vandermeer Coatings Group,Mid-Market,Direct Sales,UK - South,GBP,Existing (pre-FY24),Standard,INV-009710,VX-1402,Specialty Basecoat 172,Specialty Resins & Additives,1,355.72,355.72,0.856,355.72,355.72,355.72,206.28,206.28,FY24,FY24 Q1
2023-04-03,2023-04,C0092,Blackthorn Finishing Ltd,Mid-Market,Trade Counter,UK - South,GBP,Existing (pre-FY24),Standard,INV-009365,MX-1012,Industrial Etch Primer 949,Industrial Protective,13,99.37,99.37,0.856,1291.87,1291.87,1291.87,66.61,865.92,FY24,FY24 Q1
2023-04-03,2023-04,C0092,Blackthorn Finishing Ltd,Mid-Market,Trade Counter,UK - South,GBP,Existing (pre-FY24),Standard,INV-009365,PR-1007,Industrial Clearcoat 512,Industrial Protective,7,109.29,109.29,0.856,765.02,765.02,765.02,68.21,477.44,FY24,FY24 Q1
2023-04-03,2023-04,C0401,Ravensworth Contracting,Distributor,Distributor,UK - South,GBP,Existing (pre-FY24),Standard,INV-019390,SI-1309,Powder Thinner 475,Powder Coatings,4,95.15,95.15,0.856,380.58,380.58,380.58,79.06,316.25,FY24,FY24 Q1
2023-04-03,2023-04,C0076,Ingleton Steelworks,Mid-Market,E-commerce,UK - Midlands,GBP,Existing (pre-FY24),Standard,INV-008107,AC-1312,Powder Basecoat 150,Powder Coatings,9,162.21,162.21,0.856,1459.92,1459.92,1459.92,108.59,977.27,FY24,FY24 Q1
2023-04-03,2023-04,C0076,Ingleton Steelworks,Mid-Market,E-commerce,UK - Midlands,GBP,Existing (pre-FY24),Standard,INV-008107,DX-1104,Marine Hardener 415,Marine & Offshore,8,168.93,168.93,0.856,1351.4,1351.4,1351.4,97.61,780.85,FY24,FY24 Q1
2023-04-03,2023-04,C0014,Garforth Protective Systems,Key Account,Direct Sales,EU - Benelux,EUR,Existing (pre-FY24),Standard,INV-002051,EP-1200,Architectural Thinner 140,Architectural Trade,1,52.01,44.83,0.856,52.01,44.52,44.83,31.22,31.22,FY24,FY24 Q1
2023-04-03,2023-04,C0447,Ferndale Trade Centre,Distributor,Distributor,EU - Benelux,EUR,Existing (pre-FY24),Standard,INV-024190,PR-1001,Industrial Finish 723,Industrial Protective,1,139.54,120.29,0.856,139.54,119.44,120.29,80.03,80.03,FY24,FY24 Q1
2023-04-03,2023-04,C0014,Garforth Protective Systems,Key Account,Direct Sales,EU - Benelux,EUR,Existing (pre-FY24),Standard,INV-002051,PU-1201,Architectural Clearcoat 929,Architectural Trade,3,50.9,43.88,0.856,152.7,130.71,131.63,30.74,92.23,FY24,FY24 Q1
2023-04-03,2023-04,C0198,Halstead Paint & Decorating,SME,Trade Counter,UK - Midlands,GBP,Existing (pre-FY24),Standard,INV-013614,DX-1100,Marine Primer 939,Marine & Offshore,1,263.69,263.69,0.856,263.69,263.69,263.69,140.06,140.06,FY24,FY24 Q1
2023-04-03,2023-04,C0198,Halstead Paint & Decorating,SME,Trade Counter,UK - Midlands,GBP,Existing (pre-FY24),Standard,INV-013614,SI-1301,Powder Primer 767,Powder Coatings,2,130.58,130.58,0.856,261.15,261.15,261.15,69.48,138.96,FY24,FY24 Q1
2023-04-03,2023-04,C0448,Tavistock Marine Services,Distributor,Distributor,UK - South,GBP,Existing (pre-FY24),Standard,INV-024356,PU-1203,Architectural Basecoat 206,Architectural Trade,4,46.12,46.12,0.856,184.47,184.47,184.47,37.97,151.86,FY24,FY24 Q1
2023-04-03,2023-04,C0448,Tavistock Marine Services,Distributor,Distributor,UK - South,GBP,Existing (pre-FY24),Standard,INV-024356,DX-1104,Marine Hardener 415,Marine & Offshore,3,145.34,145.34,0.856,436.02,436.02,436.02,97.61,292.82,FY24,FY24 Q1
2023-04-03,2023-04,C0448,Tavistock Marine Services,Distributor,Distributor,UK - South,GBP,Existing (pre-FY24),Standard,INV-024356,MX-1004,Industrial Sealer 279,Industrial Protective,3,103.68,103.68,0.856,311.05,311.05,311.05,77.74,233.22,FY24,FY24 Q1
2023-04-03,2023-04,C0086,Thornbury Engineering,Mid-Market,Direct Sales,EU - Nordics,EUR,Existing (pre-FY24),Standard,INV-008777,DX-1106,Marine Thinner 814,Marine & Offshore,1,237.01,204.31,0.856,237.01,202.88,204.31,121.73,121.73,FY24,FY24 Q1
2023-04-03,2023-04,C0101,Stanmore Finishing Ltd,Mid-Market,E-commerce,UK - South,GBP,Existing (pre-FY24),Standard,INV-010041,DX-1104,Marine Hardener 415,Marine & Offshore,2,169.43,169.43,0.856,338.86,338.86,338.86,97.61,195.21,FY24,FY24 Q1
2023-04-03,2023-04,C0101,Stanmore Finishing Ltd,Mid-Market,E-commerce,UK - South,GBP,Existing (pre-FY24),Standard,INV-010041,ZN-1101,Marine Sealer 740,Marine & Offshore,4,242.48,242.48,0.856,969.91,969.91,969.91,140.66,562.65,FY24,FY24 Q1
2023-04-03,2023-04,C0101,Stanmore Finishing Ltd,Mid-Market,E-commerce,UK - South,GBP,Existing (pre-FY24),Standard,INV-010041,DX-1108,Marine Thinner 344,Marine & Offshore,9,288.17,288.17,0.856,2593.52,2593.52,2593.52,170.76,1536.85,FY24,FY24 Q1
2023-04-03,2023-04,C0107,Coniston Steelworks,Mid-Market,Direct Sales,UK - South,GBP,Existing (pre-FY24),Standard,INV-010639,TG-1403,Specialty Hardener 394,Specialty Resins & Additives,3,396.53,396.53,0.856,1189.59,1189.59,1189.59,228.48,685.45,FY24,FY24 Q1
2023-04-03,2023-04,C0099,Sandhurst Finishing Ltd,Mid-Market,Direct Sales,UK - North,GBP,Existing (pre-FY24),Standard,INV-009861,EP-1206,Architectural Primer 286,Architectural Trade,2,68.42,68.42,0.856,136.84,136.84,136.84,43.78,87.57,FY24,FY24 Q1
2023-04-03,2023-04,C0099,Sandhurst Finishing Ltd,Mid-Market,Direct Sales,UK - North,GBP,Existing (pre-FY24),Standard,INV-009861,EP-1202,Architectural Clearcoat 145,Architectural Trade,6,56.35,56.35,0.856,338.11,338.11,338.11,41.5,249.01,FY24,FY24 Q1
2023-04-03,2023-04,C0099,Sandhurst Finishing Ltd,Mid-Market,Direct Sales,UK - North,GBP,Existing (pre-FY24),Standard,INV-009861,PU-1201,Architectural Clearcoat 929,Architectural Trade,4,47.45,47.45,0.856,189.79,189.79,189.79,30.74,122.98,FY24,FY24 Q1
2023-04-03,2023-04,C0099,Sandhurst Finishing Ltd,Mid-Market,Direct Sales,UK - North,GBP,Existing (pre-FY24),Standard,INV-009861,PU-1205,Architectural Finish 184,Architectural Trade,3,50.83,50.83,0.856,152.5,152.5,152.5,33.84,101.5,FY24,FY24 Q1
2023-04-03,2023-04,C0099,Sandhurst Finishing Ltd,Mid-Market,Direct Sales,UK - North,GBP,Existing (pre-FY24),Standard,INV-009861,PU-1209,Architectural Topcoat 701,Architectural Trade,3,75.29,75.29,0.856,225.86,225.86,225.86,49.78,149.35,FY24,FY24 Q1
2023-04-03,2023-04,C0239,Caldera Industrial Supplies,SME,Trade Counter,UK - South,GBP,Existing (pre-FY24),Standard,INV-014564,TG-1403,Specialty Hardener 394,Specialty Resins & Additives,2,425.84,425.84,0.856,851.69,851.69,851.69,228.48,456.96,FY24,FY24 Q1
2023-04-03,2023-04,C0016,Wraysbury Distribution,Key Account,National Accounts,UK - South,GBP,Existing (pre-FY24),Standard,INV-002601,EP-1204,Architectural Basecoat 436,Architectural Trade,8,49.03,49.03,0.856,392.25,392.25,392.25,39.69,317.54,FY24,FY24 Q1
2023-04-03,2023-04,C0242,Bellingham Marine Services,SME,E-commerce,UK - Midlands,GBP,Existing (pre-FY24),Standard,INV-014636,PR-1003,Industrial Clearcoat 594,Industrial Protective,1,154.19,154.19,0.856,154.19,154.19,154.19,95.62,95.62,FY24,FY24 Q1
2023-04-03,2023-04,C0242,Bellingham Marine Services,SME,E-commerce,UK - Midlands,GBP,Existing (pre-FY24),Standard,INV-014636,PR-1013,Industrial Sealer 927,Industrial Protective,1,157.39,157.39,0.856,157.39,157.39,157.39,100.52,100.52,FY24,FY24 Q1
2023-04-03,2023-04,C0401,Ravensworth Contracting,Distributor,Distributor,UK - South,GBP,Existing (pre-FY24),Standard,INV-019390,AC-1308,Powder Intermediate 381,Powder Coatings,4,90.22,90.22,0.856,360.9,360.9,360.9,75.89,303.57,FY24,FY24 Q1
2023-04-03,2023-04,C0312,Pentland Coatings Group,SME,E-commerce,UK - Midlands,GBP,Existing (pre-FY24),Standard,INV-016224,EP-1212,Architectural Thinner 608,Architectural Trade,1,49.03,49.03,0.856,49.03,49.03,49.03,34.08,34.08,FY24,FY24 Q1
2023-04-03,2023-04,C0107,Coniston Steelworks,Mid-Market,Direct Sales,UK - South,GBP,Existing (pre-FY24),Standard,INV-010639,PR-1005,Industrial Basecoat 645,Industrial Protective,2,128.69,128.69,0.856,257.38,257.38,257.38,79.21,158.43,FY24,FY24 Q1
2023-04-03,2023-04,C0055,Blackthorn Fabrications,Mid-Market,Direct Sales,UK - South,GBP,Existing (pre-FY24),Standard,INV-006878,VX-1402,Specialty Basecoat 172,Specialty Resins & Additives,4,324.94,324.94,0.856,1299.77,1299.77,1299.77,206.28,825.13,FY24,FY24 Q1
2023-04-03,2023-04,C0030,Halstead Coatings Group,Mid-Market,Direct Sales,UK - South,GBP,Existing (pre-FY24),Standard,INV-004874,PR-1005,Industrial Basecoat 645,Industrial Protective,6,131.41,131.41,0.856,788.46,788.46,788.46,79.21,475.29,FY24,FY24 Q1
2023-04-03,2023-04,C0413,Blackthorn Distribution,Distributor,Distributor,UK - North,GBP,Existing (pre-FY24),Standard,INV-020533,PR-1003,Industrial Clearcoat 594,Industrial Protective,41,132.89,132.89,0.856,5448.5,5448.5,5448.5,95.62,3920.28,FY24,FY24 Q1
2023-04-03,2023-04,C0413,Blackthorn Distribution,Distributor,Distributor,UK - North,GBP,Existing (pre-FY24),Standard,INV-020533,ZN-1103,Marine Topcoat 913,Marine & Offshore,51,245.27,245.27,0.856,12508.55,12508.55,12508.55,173.06,8826.24,FY24,FY24 Q1
2023-04-03,2023-04,C0042,Ilkley Contracting,Mid-Market,Direct Sales,UK - South,GBP,Existing (pre-FY24),Standard,INV-005803,DX-1108,Marine Thinner 344,Marine & Offshore,2,306.7,306.7,0.856,613.4,613.4,613.4,170.76,341.52,FY24,FY24 Q1
2023-04-03,2023-04,C0042,Ilkley Contracting,Mid-Market,Direct Sales,UK - South,GBP,Existing (pre-FY24),Standard,INV-005803,DX-1100,Marine Primer 939,Marine & Offshore,3,231.36,231.36,0.856,694.09,694.09,694.09,140.06,420.17,FY24,FY24 Q1
2023-04-03,2023-04,C0424,Caldera Trade Centre,Distributor,Distributor,EU - Nordics,EUR,Existing (pre-FY24),Standard,INV-021887,PR-1009,Industrial Clearcoat 704,Industrial Protective,1,91.58,78.95,0.856,91.58,78.4,78.95,58.12,58.12,FY24,FY24 Q1
2023-04-03,2023-04,C0424,Caldera Trade Centre,Distributor,Distributor,EU - Nordics,EUR,Existing (pre-FY24),Standard,INV-021887,AC-1310,Powder Topcoat 491,Powder Coatings,5,124.45,107.28,0.856,622.26,532.66,536.41,82.89,414.45,FY24,FY24 Q1
2023-04-03,2023-04,C0030,Halstead Coatings Group,Mid-Market,Direct Sales,UK - South,GBP,Existing (pre-FY24),Standard,INV-004871,PR-1005,Industrial Basecoat 645,Industrial Protective,5,134.46,134.46,0.856,672.32,672.32,672.32,79.21,396.07,FY24,FY24 Q1
2023-04-03,2023-04,C0458,Fairhurst Marine Services,Distributor,Distributor,UK - South,GBP,Existing (pre-FY24),Standard,INV-025470,ZN-1109,Marine Finish 533,Marine & Offshore,50,237.69,237.69,0.856,11884.63,11884.63,11884.63,152.22,7610.86,FY24,FY24 Q1
2023-04-03,2023-04,C0141,Langdale Trade Centre,SME,E-commerce,EU - Nordics,EUR,Existing (pre-FY24),Standard,INV-012426,EP-1208,Architectural Thinner 773,Architectural Trade,1,147.67,127.3,0.856,147.67,126.41,127.3,79.89,79.89,FY24,FY24 Q1
2023-04-03,2023-04,C0141,Langdale Trade Centre,SME,E-commerce,EU - Nordics,EUR,Existing (pre-FY24),Standard,INV-012426,PU-1201,Architectural Clearcoat 929,Architectural Trade,1,59.11,50.95,0.856,59.11,50.59,50.95,30.74,30.74,FY24,FY24 Q1
2023-04-03,2023-04,C0141,Langdale Trade Centre,SME,E-commerce,EU - Nordics,EUR,Existing (pre-FY24),Standard,INV-012426,PU-1207,Architectural Intermediate 132,Architectural Trade,1,60.75,52.37,0.856,60.75,52.0,52.37,35.04,35.04,FY24,FY24 Q1
2023-04-03,2023-04,C0458,Fairhurst Marine Services,Distributor,Distributor,UK - South,GBP,Existing (pre-FY24),Standard,INV-025470,SI-1305,Powder Finish 204,Powder Coatings,67,75.0,75.0,0.856,5024.88,5024.88,5024.88,56.45,3782.08,FY24,FY24 Q1
2023-04-03,2023-04,C0424,Caldera Trade Centre,Distributor,Distributor,EU - Nordics,EUR,Existing (pre-FY24),Standard,INV-021882,PR-1009,Industrial Clearcoat 704,Industrial Protective,1,91.71,79.05,0.856,91.71,78.5,79.05,58.12,58.12,FY24,FY24 Q1
2023-04-03,2023-04,C0030,Halstead Coatings Group,Mid-Market,Direct Sales,UK - South,GBP,Existing (pre-FY24),Standard,INV-004871,PR-1013,Industrial Sealer 927,Industrial Protective,1,164.59,164.59,0.856,164.59,164.59,164.59,100.52,100.52,FY24,FY24 Q1
2023-04-03,2023-04,C0030,Halstead Coatings Group,Mid-Market,Direct Sales,UK - South,GBP,Existing (pre-FY24),Standard,INV-004871,PR-1011,Industrial Primer 364,Industrial Protective,3,142.32,142.32,0.856,426.95,426.95,426.95,90.65,271.94,FY24,FY24 Q1
2023-04-03,2023-04,C0030,Halstead Coatings Group,Mid-Market,Direct Sales,UK - South,GBP,Existing (pre-FY24),Standard,INV-004871,MX-1002,Industrial Intermediate 850,Industrial Protective,4,188.31,188.31,0.856,753.23,753.23,753.23,114.22,456.88,FY24,FY24 Q1
2023-04-03,2023-04,C0424,Caldera Trade Centre,Distributor,Distributor,EU - Nordics,EUR,Existing (pre-FY24),Standard,INV-021882,PR-1001,Industrial Finish 723,Industrial Protective,5,134.77,116.18,0.856,673.87,576.83,580.9,80.03,400.16,FY24,FY24 Q1
2023-04-03,2023-04,C0424,Caldera Trade Centre,Distributor,Distributor,EU - Nordics,EUR,Existing (pre-FY24),Standard,INV-021882,AC-1310,Powder Topcoat 491,Powder Coatings,2,124.6,107.41,0.856,249.19,213.31,214.82,82.89,165.78,FY24,FY24 Q1
2023-04-03,2023-04,C0424,Caldera Trade Centre,Distributor,Distributor,EU - Nordics,EUR,Existing (pre-FY24),Standard,INV-021882,PR-1003,Industrial Clearcoat 594,Industrial Protective,2,150.75,129.95,0.856,301.5,258.08,259.9,95.62,191.23,FY24,FY24 Q1
2023-04-03,2023-04,C0002,Caldera Infrastructure Group,Key Account,Direct Sales,UK - Midlands,GBP,Existing (pre-FY24),Standard,INV-000052,DX-1104,Marine Hardener 415,Marine & Offshore,14,162.62,162.62,0.856,2276.61,2276.61,2276.61,97.61,1366.49,FY24,FY24 Q1
2023-04-03,2023-04,C0002,Caldera Infrastructure Group,Key Account,Direct Sales,UK - Midlands,GBP,Existing (pre-FY24),Standard,INV-000052,PU-1215,Architectural Etch Primer 121,Architectural Trade,1,64.78,64.78,0.856,64.78,64.78,64.78,47.9,47.9,FY24,FY24 Q1
2023-04-03,2023-04,C0412,Kinross Paint & Decorating,Distributor,Distributor,UK - North,GBP,Existing (pre-FY24),Standard,INV-020456,EP-1214,Architectural Clearcoat 734,Architectural Trade,2,43.4,43.4,0.856,86.81,86.81,86.81,38.0,75.99,FY24,FY24 Q1
2023-04-03,2023-04,C0412,Kinross Paint & Decorating,Distributor,Distributor,UK - North,GBP,Existing (pre-FY24),Standard,INV-020456,EP-1208,Architectural Thinner 773,Architectural Trade,13,98.61,98.61,0.856,1281.98,1281.98,1281.98,79.89,1038.58,FY24,FY24 Q1
2023-04-03,2023-04,C0002,Caldera Infrastructure Group,Key Account,Direct Sales,UK - Midlands,GBP,Existing (pre-FY24),Standard,INV-000052,DX-1106,Marine Thinner 814,Marine & Offshore,2,201.35,201.35,0.856,402.69,402.69,402.69,121.73,243.45,FY24,FY24 Q1
2023-04-03,2023-04,C0002,Caldera Infrastructure Group,Key Account,Direct Sales,UK - Midlands,GBP,Existing (pre-FY24),Standard,INV-000058,ZN-1109,Marine Finish 533,Marine & Offshore,4,258.18,258.18,0.856,1032.7,1032.7,1032.7,152.22,608.87,FY24,FY24 Q1
2023-04-03,2023-04,C0002,Caldera Infrastructure Group,Key Account,Direct Sales,UK - Midlands,GBP,Existing (pre-FY24),Standard,INV-000058,DX-1104,Marine Hardener 415,Marine & Offshore,15,165.23,165.23,0.856,2478.5,2478.5,2478.5,97.61,1464.1,FY24,FY24 Q1
2023-04-03,2023-04,C0030,Halstead Coatings Group,Mid-Market,Direct Sales,UK - South,GBP,Existing (pre-FY24),Standard,INV-004871,MX-1006,Industrial Sealer 703,Industrial Protective,1,121.77,121.77,0.856,121.77,121.77,121.77,67.69,67.69,FY24,FY24 Q1
2023-04-03,2023-04,C0013,Ferndale Paint & Decorating,Key Account,National Accounts,UK - South,GBP,Existing (pre-FY24),Standard,INV-001822,EP-1208,Architectural Thinner 773,Architectural Trade,44,114.12,114.12,0.856,5021.32,5021.32,5021.32,79.89,3515.2,FY24,FY24 Q1
2023-04-03,2023-04,C0108,Marlowe Surface Technologies,Mid-Market,E-commerce,UK - South,GBP,Existing (pre-FY24),Standard,INV-010735,TG-1405,Specialty Topcoat 401,Specialty Resins & Additives,2,231.57,231.57,0.856,463.15,463.15,463.15,129.82,259.63,FY24,FY24 Q1
2023-04-03,2023-04,C0458,Fairhurst Marine Services,Distributor,Distributor,UK - South,GBP,Existing (pre-FY24),Standard,INV-025470,DX-1102,Marine Clearcoat 265,Marine & Offshore,40,167.49,167.49,0.856,6699.69,6699.69,6699.69,117.87,4714.68,FY24,FY24 Q1
2023-04-03,2023-04,C0410,Garforth Steelworks,Distributor,Distributor,Ireland,EUR,Existing (pre-FY24),Standard,INV-020271,PU-1209,Architectural Topcoat 701,Architectural Trade,9,77.73,67.0,0.856,699.55,598.81,603.04,49.78,448.05,FY24,FY24 Q1
2023-04-03,2023-04,C0410,Garforth Steelworks,Distributor,Distributor,Ireland,EUR,Existing (pre-FY24),Standard,INV-020271,EP-1204,Architectural Basecoat 436,Architectural Trade,16,55.51,47.86,0.856,888.22,760.32,765.68,39.69,635.09,FY24,FY24 Q1
2023-04-03,2023-04,C0413,Blackthorn Distribution,Distributor,Distributor,UK - North,GBP,Existing (pre-FY24),Standard,INV-020533,DX-1108,Marine Thinner 344,Marine & Offshore,6,256.64,256.64,0.856,1539.83,1539.83,1539.83,170.76,1024.56,FY24,FY24 Q1
2023-04-03,2023-04,C0414,Caldera Marine Services,Distributor,Distributor,EU - Nordics,EUR,Existing (pre-FY24),Standard,INV-020570,PU-1215,Architectural Etch Primer 121,Architectural Trade,3,72.98,62.92,0.856,218.95,187.43,188.75,47.9,143.71,FY24,FY24 Q1
2023-04-03,2023-04,C0414,Caldera Marine Services,Distributor,Distributor,EU - Nordics,EUR,Existing (pre-FY24),Standard,INV-020570,EP-1200,Architectural Thinner 140,Architectural Trade,17,49.44,42.62,0.856,840.45,719.42,724.5,31.22,530.72,FY24,FY24 Q1
2023-04-03,2023-04,C0028,Ilkley Distribution,Mid-Market,Direct Sales,EU - Nordics,EUR,Existing (pre-FY24),Standard,INV-004611,PR-1011,Industrial Primer 364,Industrial Protective,6,164.34,141.66,0.856,986.01,844.02,849.98,90.65,543.88,FY24,FY24 Q1
2023-04-03,2023-04,C0125,Stanmore Coatings Group,SME,E-commerce,UK - South,GBP,Existing (pre-FY24),Standard,INV-012110,PR-1007,Industrial Clearcoat 512,Industrial Protective,1,111.21,111.21,0.856,111.21,111.21,111.21,68.21,68.21,FY24,FY24 Q1
2023-04-03,2023-04,C0028,Ilkley Distribution,Mid-Market,Direct Sales,EU - Nordics,EUR,Existing (pre-FY24),Standard,INV-004611,MX-1000,Industrial Clearcoat 174,Industrial Protective,16,206.63,178.12,0.856,3306.03,2829.97,2849.93,112.72,1803.46,FY24,FY24 Q1
2023-04-03,2023-04,C0028,Ilkley Distribution,Mid-Market,Direct Sales,EU - Nordics,EUR,Existing (pre-FY24),Standard,INV-004611,EP-1200,Architectural Thinner 140,Architectural Trade,3,56.23,48.47,0.856,168.68,144.39,145.41,31.22,93.66,FY24,FY24 Q1
2023-04-03,2023-04,C0410,Garforth Steelworks,Distributor,Distributor,Ireland,EUR,Existing (pre-FY24),Standard,INV-020271,PU-1207,Architectural Intermediate 132,Architectural Trade,13,48.47,41.78,0.856,630.13,539.39,543.2,35.04,455.48,FY24,FY24 Q1
2023-04-03,2023-04,C0410,Garforth Steelworks,Distributor,Distributor,Ireland,EUR,Existing (pre-FY24),Standard,INV-020271,PU-1203,Architectural Basecoat 206,Architectural Trade,3,55.68,48.0,0.856,167.04,142.99,144.0,37.97,113.9,FY24,FY24 Q1
2023-04-04,2023-04,C0144,Wraysbury Industrial Supplies,SME,E-commerce,UK - North,GBP,Existing (pre-FY24),Standard,INV-012474,TG-1405,Specialty Topcoat 401,Specialty Resins & Additives,4,245.41,245.41,0.856,981.63,981.63,981.63,129.82,519.26,FY24,FY24 Q1
2023-04-04,2023-04,C0434,Ilkley Marine Services,Distributor,Distributor,UK - North,GBP,Existing (pre-FY24),Standard,INV-022836,MX-1000,Industrial Clearcoat 174,Industrial Protective,70,163.5,163.5,0.856,11445.27,11445.27,11445.27,112.72,7890.12,FY24,FY24 Q1
2023-04-04,2023-04,C0086,Thornbury Engineering,Mid-Market,Direct Sales,EU - Nordics,EUR,Existing (pre-FY24),Standard,INV-008782,DX-1102,Marine Clearcoat 265,Marine & Offshore,8,210.64,181.58,0.856,1685.1,1442.44,1452.62,117.87,942.94,FY24,FY24 Q1
2023-04-04,2023-04,C0312,Pentland Coatings Group,SME,E-commerce,UK - Midlands,GBP,Existing (pre-FY24),Standard,INV-016225,PU-1207,Architectural Intermediate 132,Architectural Trade,1,52.33,52.33,0.856,52.33,52.33,52.33,35.04,35.04,FY24,FY24 Q1
2023-04-04,2023-04,C0142,Kestrel Paint & Decorating,SME,E-commerce,EU - Nordics,EUR,Existing (pre-FY24),Standard,INV-012447,DX-1108,Marine Thinner 344,Marine & Offshore,1,396.28,341.61,0.856,396.28,339.21,341.61,170.76,170.76,FY24,FY24 Q1
2023-04-04,2023-04,C0142,Kestrel Paint & Decorating,SME,E-commerce,EU - Nordics,EUR,Existing (pre-FY24),Standard,INV-012447,TG-1407,Specialty Thinner 155,Specialty Resins & Additives,1,624.58,538.41,0.856,624.58,534.64,538.41,304.88,304.88,FY24,FY24 Q1
2023-04-04,2023-04,C0002,Caldera Infrastructure Group,Key Account,Direct Sales,UK - Midlands,GBP,Existing (pre-FY24),Standard,INV-000050,ZN-1109,Marine Finish 533,Marine & Offshore,3,261.28,261.28,0.856,783.83,783.83,783.83,152.22,456.65,FY24,FY24 Q1
2023-04-04,2023-04,C0002,Caldera Infrastructure Group,Key Account,Direct Sales,UK - Midlands,GBP,Existing (pre-FY24),Standard,INV-000050,PU-1211,Architectural Hardener 296,Architectural Trade,2,62.11,62.11,0.856,124.23,124.23,124.23,45.61,91.22,FY24,FY24 Q1
2023-04-04,2023-04,C0312,Pentland Coatings Group,SME,E-commerce,UK - Midlands,GBP,Existing (pre-FY24),Standard,INV-016225,EP-1210,Architectural Topcoat 371,Architectural Trade,1,53.1,53.1,0.856,53.1,53.1,53.1,33.89,33.89,FY24,FY24 Q1
2023-04-04,2023-04,C0002,Caldera Infrastructure Group,Key Account,Direct Sales,UK - Midlands,GBP,Existing (pre-FY24),Standard,INV-000050,DX-1104,Marine Hardener 415,Marine & Offshore,17,169.59,169.59,0.856,2883.03,2883.03,2883.03,97.61,1659.31,FY24,FY24 Q1
2023-04-04,2023-04,C0062,Kestrel Contracting,Mid-Market,Trade Counter,UK - South,GBP,Existing (pre-FY24),Standard,INV-007426,VX-1404,Specialty Finish 330,Specialty Resins & Additives,1,237.17,237.17,0.856,237.17,237.17,237.17,145.42,145.42,FY24,FY24 Q1
2023-04-04,2023-04,C0273,Wraysbury Trade Centre,SME,Trade Counter,UK - South,GBP,Existing (pre-FY24),Standard,INV-015319,PR-1009,Industrial Clearcoat 704,Industrial Protective,2,97.04,97.04,0.856,194.09,194.09,194.09,58.12,116.23,FY24,FY24 Q1
2023-04-04,2023-04,C0142,Kestrel Paint & Decorating,SME,E-commerce,EU - Nordics,EUR,Existing (pre-FY24),Standard,INV-012447,VX-1408,Specialty Sealer 363,Specialty Resins & Additives,1,475.16,409.61,0.856,475.16,406.74,409.61,214.33,214.33,FY24,FY24 Q1
2023-04-04,2023-04,C0144,Wraysbury Industrial Supplies,SME,E-commerce,UK - North,GBP,Existing (pre-FY24),Standard,INV-012474,PU-1203,Architectural Basecoat 206,Architectural Trade,2,55.56,55.56,0.856,111.12,111.12,111.12,37.97,75.93,FY24,FY24 Q1
2023-04-04,2023-04,C0091,Latimer Finishing Ltd,Mid-Market,Direct Sales,UK - Midlands,GBP,Existing (pre-FY24),Standard,INV-009217,SI-1303,Powder Sealer 169,Powder Coatings,7,90.85,90.85,0.856,635.93,635.93,635.93,62.33,436.29,FY24,FY24 Q1
2023-04-04,2023-04,C0091,Latimer Finishing Ltd,Mid-Market,Direct Sales,UK - Midlands,GBP,Existing (pre-FY24),Standard,INV-009217,PU-1211,Architectural Hardener 296,Architectural Trade,5,66.14,66.14,0.856,330.68,330.68,330.68,45.61,228.06,FY24,FY24 Q1
2023-04-04,2023-04,C0091,Latimer Finishing Ltd,Mid-Market,Direct Sales,UK - Midlands,GBP,Existing (pre-FY24),Standard,INV-009217,SI-1311,Powder Primer 434,Powder Coatings,3,80.93,80.93,0.856,242.79,242.79,242.79,55.82,167.47,FY24,FY24 Q1
2023-04-04,2023-04,C0018,Redmayne Builders Merchants,Key Account,Direct Sales,UK - South,GBP,Existing (pre-FY24),Standard,INV-002999,PU-1201,Architectural Clearcoat 929,Architectural Trade,3,43.02,43.02,0.856,129.07,129.07,129.07,30.74,92.23,FY24,FY24 Q1
2023-04-04,2023-04,C0018,Redmayne Builders Merchants,Key Account,Direct Sales,UK - South,GBP,Existing (pre-FY24),Standard,INV-002999,PU-1213,Architectural Sealer 861,Architectural Trade,10,62.38,62.38,0.856,623.81,623.81,623.81,44.82,448.24,FY24,FY24 Q1
2023-04-04,2023-04,C0431,Cranfield Trade Centre,Distributor,National Accounts,UK - South,GBP,Existing (pre-FY24),Standard,INV-022726,EP-1208,Architectural Thinner 773,Architectural Trade,7,94.75,94.75,0.856,663.22,663.22,663.22,79.89,559.24,FY24,FY24 Q1
2023-04-04,2023-04,C0144,Wraysbury Industrial Supplies,SME,E-commerce,UK - North,GBP,Existing (pre-FY24),Standard,INV-012474,EP-1206,Architectural Primer 286,Architectural Trade,2,70.79,70.79,0.856,141.59,141.59,141.59,43.78,87.57,FY24,FY24 Q1
2023-04-04,2023-04,C0431,Cranfield Trade Centre,Distributor,National Accounts,UK - South,GBP,Existing (pre-FY24),Standard,INV-022726,EP-1204,Architectural Basecoat 436,Architectural Trade,8,43.01,43.01,0.856,344.09,344.09,344.09,39.69,317.54,FY24,FY24 Q1
2023-04-04,2023-04,C0273,Wraysbury Trade Centre,SME,Trade Counter,UK - South,GBP,Existing (pre-FY24),Standard,INV-015319,ZN-1105,Marine Basecoat 606,Marine & Offshore,4,316.71,316.71,0.856,1266.83,1266.83,1266.83,184.29,737.18,FY24,FY24 Q1
2023-04-04,2023-04,C0026,Orwell Surface Technologies,Key Account,Direct Sales,UK - North,GBP,Existing (pre-FY24),Standard,INV-004407,DX-1100,Marine Primer 939,Marine & Offshore,7,225.78,225.78,0.856,1580.49,1580.49,1580.49,140.06,980.4,FY24,FY24 Q1
2023-04-04,2023-04,C0026,Orwell Surface Technologies,Key Account,Direct Sales,UK - North,GBP,Existing (pre-FY24),Standard,INV-004407,SI-1303,Powder Sealer 169,Powder Coatings,69,91.88,91.88,0.856,6339.46,6339.46,6339.46,62.33,4300.57,FY24,FY24 Q1
2023-04-04,2023-04,C0026,Orwell Surface Technologies,Key Account,Direct Sales,UK - North,GBP,Existing (pre-FY24),Standard,INV-004407,ZN-1103,Marine Topcoat 913,Marine & Offshore,51,277.46,277.46,0.856,14150.35,14150.35,14150.35,173.06,8826.24,FY24,FY24 Q1
2023-04-04,2023-04,C0026,Orwell Surface Technologies,Key Account,Direct Sales,UK - North,GBP,Existing (pre-FY24),Standard,INV-004407,ZN-1109,Marine Finish 533,Marine & Offshore,31,278.4,278.4,0.856,8630.55,8630.55,8630.55,152.22,4718.73,FY24,FY24 Q1
2023-04-04,2023-04,C0313,Kestrel Surface Technologies,SME,Trade Counter,UK - North,GBP,Existing (pre-FY24),Standard,INV-016256,TG-1403,Specialty Hardener 394,Specialty Resins & Additives,1,414.88,414.88,0.856,414.88,414.88,414.88,228.48,228.48,FY24,FY24 Q1
2023-04-04,2023-04,C0434,Ilkley Marine Services,Distributor,Distributor,UK - North,GBP,Existing (pre-FY24),Standard,INV-022836,PR-1013,Industrial Sealer 927,Industrial Protective,7,137.07,137.07,0.856,959.52,959.52,959.52,100.52,703.61,FY24,FY24 Q1
2023-04-04,2023-04,C0063,Nystrom Coatings Group,Mid-Market,Direct Sales,UK - Midlands,GBP,Existing (pre-FY24),Standard,INV-007527,PU-1211,Architectural Hardener 296,Architectural Trade,3,64.93,64.93,0.856,194.78,194.78,194.78,45.61,136.83,FY24,FY24 Q1
2023-04-04,2023-04,C0142,Kestrel Paint & Decorating,SME,E-commerce,EU - Nordics,EUR,Existing (pre-FY24),Standard,INV-012447,ZN-1101,Marine Sealer 740,Marine & Offshore,1,330.54,284.94,0.856,330.54,282.94,284.94,140.66,140.66,FY24,FY24 Q1
2023-04-04,2023-04,C0002,Caldera Infrastructure Group,Key Account,Direct Sales,UK - Midlands,GBP,Existing (pre-FY24),Standard,INV-000049,PU-1211,Architectural Hardener 296,Architectural Trade,2,62.6,62.6,0.856,125.2,125.2,125.2,45.61,91.22,FY24,FY24 Q1
2023-04-04,2023-04,C0417,Elmsworth Engineering,Distributor,Distributor,UK - Midlands,GBP,Existing (pre-FY24),Standard,INV-021074,PU-1211,Architectural Hardener 296,Architectural Trade,3,55.19,55.19,0.856,165.57,165.57,165.57,45.61,136.83,FY24,FY24 Q1
2023-04-04,2023-04,C0086,Thornbury Engineering,Mid-Market,Direct Sales,EU - Nordics,EUR,Existing (pre-FY24),Standard,INV-008782,ZN-1109,Marine Finish 533,Marine & Offshore,1,303.37,261.52,0.856,303.37,259.68,261.52,152.22,152.22,FY24,FY24 Q1
2023-04-04,2023-04,C0086,Thornbury Engineering,Mid-Market,Direct Sales,EU - Nordics,EUR,Existing (pre-FY24),Standard,INV-008782,DX-1106,Marine Thinner 814,Marine & Offshore,1,232.79,200.67,0.856,232.79,199.27,200.67,121.73,121.73,FY24,FY24 Q1
2023-04-04,2023-04,C0062,Kestrel Contracting,Mid-Market,Trade Counter,UK - South,GBP,Existing (pre-FY24),Standard,INV-007426,TG-1401,Specialty Finish 328,Specialty Resins & Additives,2,359.31,359.31,0.856,718.62,718.62,718.62,217.05,434.1,FY24,FY24 Q1
2023-04-04,2023-04,C0215,Ilkley Coatings Group,SME,E-commerce,UK - North,GBP,Existing (pre-FY24),Standard,INV-013973,PR-1003,Industrial Clearcoat 594,Industrial Protective,2,161.15,161.15,0.856,322.29,322.29,322.29,95.62,191.23,FY24,FY24 Q1
2023-04-04,2023-04,C0215,Ilkley Coatings Group,SME,E-commerce,UK - North,GBP,Existing (pre-FY24),Standard,INV-013973,MX-1006,Industrial Sealer 703,Industrial Protective,1,128.16,128.16,0.856,128.16,128.16,128.16,67.69,67.69,FY24,FY24 Q1
2023-04-04,2023-04,C0215,Ilkley Coatings Group,SME,E-commerce,UK - North,GBP,Existing (pre-FY24),Standard,INV-013973,MX-1008,Industrial Thinner 425,Industrial Protective,6,187.77,187.77,0.856,1126.64,1126.64,1126.64,116.21,697.26,FY24,FY24 Q1
2023-04-04,2023-04,C0215,Ilkley Coatings Group,SME,E-commerce,UK - North,GBP,Existing (pre-FY24),Standard,INV-013973,PR-1009,Industrial Clearcoat 704,Industrial Protective,7,99.18,99.18,0.856,694.23,694.23,694.23,58.12,406.81,FY24,FY24 Q1
2023-04-04,2023-04,C0012,Kinross Protective Systems,Key Account,National Accounts,EU - Benelux,EUR,Existing (pre-FY24),Standard,INV-001585,MX-1008,Industrial Thinner 425,Industrial Protective,28,189.76,163.58,0.856,5313.36,4548.24,4580.33,116.21,3253.9,FY24,FY24 Q1
2023-04-04,2023-04,C0215,Ilkley Coatings Group,SME,E-commerce,UK - North,GBP,Existing (pre-FY24),Standard,INV-013973,MX-1004,Industrial Sealer 279,Industrial Protective,2,128.31,128.31,0.856,256.61,256.61,256.61,77.74,155.48,FY24,FY24 Q1
2023-04-04,2023-04,C0301,Lindholm Distribution,SME,E-commerce,UK - Midlands,GBP,Existing (pre-FY24),Standard,INV-015959,PU-1205,Architectural Finish 184,Architectural Trade,1,54.45,54.45,0.856,54.45,54.45,54.45,33.84,33.84,FY24,FY24 Q1
2023-04-04,2023-04,C0301,Lindholm Distribution,SME,E-commerce,UK - Midlands,GBP,Existing (pre-FY24),Standard,INV-015959,PU-1211,Architectural Hardener 296,Architectural Trade,3,68.05,68.05,0.856,204.16,204.16,204.16,45.61,136.83,FY24,FY24 Q1
2023-04-04,2023-04,C0456,Fairhurst Builders Merchants,Distributor,National Accounts,EU - Benelux,EUR,Existing (pre-FY24),Standard,INV-025196,SI-1305,Powder Finish 204,Powder Coatings,114,85.0,73.28,0.856,9690.3,8294.9,8353.43,56.45,6435.17,FY24,FY24 Q1
2023-04-04,2023-04,C0456,Fairhurst Builders Merchants,Distributor,National Accounts,EU - Benelux,EUR,Existing (pre-FY24),Standard,INV-025196,PU-1203,Architectural Basecoat 206,Architectural Trade,10,53.92,46.48,0.856,539.18,461.54,464.8,37.97,379.66,FY24,FY24 Q1
2023-04-04,2023-04,C0456,Fairhurst Builders Merchants,Distributor,National Accounts,EU - Benelux,EUR,Existing (pre-FY24),Standard,INV-025196,AC-1304,Powder Hardener 392,Powder Coatings,37,115.57,99.62,0.856,4276.01,3660.26,3686.09,74.5,2756.41,FY24,FY24 Q1
2023-04-04,2023-04,C0448,Tavistock Marine Services,Distributor,Distributor,UK - South,GBP,Existing (pre-FY24),Standard,INV-024355,DX-1108,Marine Thinner 344,Marine & Offshore,3,258.31,258.31,0.856,774.94,774.94,774.94,170.76,512.28,FY24,FY24 Q1
2023-04-04,2023-04,C0312,Pentland Coatings Group,SME,E-commerce,UK - Midlands,GBP,Existing (pre-FY24),Standard,INV-016225,EP-1214,Architectural Clearcoat 734,Architectural Trade,2,55.71,55.71,0.856,111.42,111.42,111.42,38.0,75.99,FY24,FY24 Q1
2023-04-04,2023-04,C0448,Tavistock Marine Services,Distributor,Distributor,UK - South,GBP,Existing (pre-FY24),Standard,INV-024355,DX-1104,Marine Hardener 415,Marine & Offshore,2,144.99,144.99,0.856,289.99,289.99,289.99,97.61,195.21,FY24,FY24 Q1
2023-04-04,2023-04,C0449,Latimer Surface Technologies,Distributor,Distributor,EU - Benelux,EUR,Existing (pre-FY24),Standard,INV-024488,SI-1303,Powder Sealer 169,Powder Coatings,5,89.06,76.77,0.856,445.3,381.18,383.87,62.33,311.64,FY24,FY24 Q1
2023-04-04,2023-04,C0449,Latimer Surface Technologies,Distributor,Distributor,EU - Benelux,EUR,Existing (pre-FY24),Standard,INV-024489,SI-1307,Powder Etch Primer 568,Powder Coatings,1,75.79,65.33,0.856,75.79,64.87,65.33,48.69,48.69,FY24,FY24 Q1
2023-04-04,2023-04,C0102,Harlow Fabrications,Mid-Market,Trade Counter,UK - South,GBP,Existing (pre-FY24),Standard,INV-010179,PR-1009,Industrial Clearcoat 704,Industrial Protective,14,91.91,91.91,0.856,1286.75,1286.75,1286.75,58.12,813.62,FY24,FY24 Q1
2023-04-04,2023-04,C0102,Harlow Fabrications,Mid-Market,Trade Counter,UK - South,GBP,Existing (pre-FY24),Standard,INV-010179,PR-1005,Industrial Basecoat 645,Industrial Protective,13,119.03,119.03,0.856,1547.42,1547.42,1547.42,79.21,1029.79,FY24,FY24 Q1
2023-04-04,2023-04,C0102,Harlow Fabrications,Mid-Market,Trade Counter,UK - South,GBP,Existing (pre-FY24),Standard,INV-010179,PR-1007,Industrial Clearcoat 512,Industrial Protective,27,101.17,101.17,0.856,2731.46,2731.46,2731.46,68.21,1841.54,FY24,FY24 Q1
2023-04-04,2023-04,C0417,Elmsworth Engineering,Distributor,Distributor,UK - Midlands,GBP,Existing (pre-FY24),Standard,INV-021065,EP-1210,Architectural Topcoat 371,Architectural Trade,1,42.67,42.67,0.856,42.67,42.67,42.67,33.89,33.89,FY24,FY24 Q1
2023-04-04,2023-04,C0417,Elmsworth Engineering,Distributor,Distributor,UK - Midlands,GBP,Existing (pre-FY24),Standard,INV-021065,PU-1211,Architectural Hardener 296,Architectural Trade,2,54.98,54.98,0.856,109.96,109.96,109.96,45.61,91.22,FY24,FY24 Q1
2023-04-04,2023-04,C0012,Kinross Protective Systems,Key Account,National Accounts,EU - Benelux,EUR,Existing (pre-FY24),Standard,INV-001585,PR-1009,Industrial Clearcoat 704,Industrial Protective,4,99.05,85.39,0.856,396.2,339.15,341.54,58.12,232.46,FY24,FY24 Q1
2023-04-04,2023-04,C0449,Latimer Surface Technologies,Distributor,Distributor,EU - Benelux,EUR,Existing (pre-FY24),Standard,INV-024489,ZN-1105,Marine Basecoat 606,Marine & Offshore,1,295.95,255.12,0.856,295.95,253.34,255.12,184.29,184.29,FY24,FY24 Q1
2023-04-04,2023-04,C0449,Latimer Surface Technologies,Distributor,Distributor,EU - Benelux,EUR,Existing (pre-FY24),Standard,INV-024489,SI-1303,Powder Sealer 169,Powder Coatings,3,90.84,78.31,0.856,272.53,233.29,234.94,62.33,186.98,FY24,FY24 Q1
2023-04-04,2023-04,C0417,Elmsworth Engineering,Distributor,Distributor,UK - Midlands,GBP,Existing (pre-FY24),Standard,INV-021074,TG-1401,Specialty Finish 328,Specialty Resins & Additives,4,303.19,303.19,0.856,1212.77,1212.77,1212.77,217.05,868.2,FY24,FY24 Q1
2023-04-04,2023-04,C0449,Latimer Surface Technologies,Distributor,Distributor,EU - Benelux,EUR,Existing (pre-FY24),Standard,INV-024489,DX-1106,Marine Thinner 814,Marine & Offshore,9,202.87,174.88,0.856,1825.8,1562.88,1573.91,121.73,1095.53,FY24,FY24 Q1
2023-04-04,2023-04,C0417,Elmsworth Engineering,Distributor,Distributor,UK - Midlands,GBP,Existing (pre-FY24),Standard,INV-021074,PR-1001,Industrial Finish 723,Industrial Protective,1,115.88,115.88,0.856,115.88,115.88,115.88,80.03,80.03,FY24,FY24 Q1
2023-04-04,2023-04,C0449,Latimer Surface Technologies,Distributor,Distributor,EU - Benelux,EUR,Existing (pre-FY24),Standard,INV-024488,SI-1305,Powder Finish 204,Powder Coatings,3,83.72,72.17,0.856,251.16,214.99,216.51,56.45,169.35,FY24,FY24 Q1
2023-04-04,2023-04,C0417,Elmsworth Engineering,Distributor,Distributor,UK - Midlands,GBP,Existing (pre-FY24),Standard,INV-021074,PR-1013,Industrial Sealer 927,Industrial Protective,1,126.82,126.82,0.856,126.82,126.82,126.82,100.52,100.52,FY24,FY24 Q1
2023-04-04,2023-04,C0449,Latimer Surface Technologies,Distributor,Distributor,EU - Benelux,EUR,Existing (pre-FY24),Standard,INV-024488,SI-1313,Powder Thinner 115,Powder Coatings,3,97.56,84.1,0.856,292.67,250.53,252.29,71.29,213.86,FY24,FY24 Q1
2023-04-04,2023-04,C0448,Tavistock Marine Services,Distributor,Distributor,UK - South,GBP,Existing (pre-FY24),Standard,INV-024355,PU-1203,Architectural Basecoat 206,Architectural Trade,4,46.46,46.46,0.856,185.85,185.85,185.85,37.97,151.86,FY24,FY24 Q1
2023-04-04,2023-04,C0030,Halstead Coatings Group,Mid-Market,Direct Sales,UK - South,GBP,Existing (pre-FY24),Standard,INV-004872,PR-1005,Industrial Basecoat 645,Industrial Protective,5,132.98,132.98,0.856,664.88,664.88,664.88,79.21,396.07,FY24,FY24 Q1
2023-04-04,2023-04,C0312,Pentland Coatings Group,SME,E-commerce,UK - Midlands,GBP,Existing (pre-FY24),Standard,INV-016225,PU-1209,Architectural Topcoat 701,Architectural Trade,1,85.58,85.58,0.856,85.58,85.58,85.58,49.78,49.78,FY24,FY24 Q1
2023-04-04,2023-04,C0272,Garforth Coatings Group,SME,Direct Sales,UK - North,GBP,Existing (pre-FY24),Standard,INV-015311,PR-1007,Industrial Clearcoat 512,Industrial Protective,1,108.84,108.84,0.856,108.84,108.84,108.84,68.21,68.21,FY24,FY24 Q1
2023-04-04,2023-04,C0406,Nystrom Engineering,Distributor,Distributor,UK - Midlands,GBP,Existing (pre-FY24),Standard,INV-019973,PU-1203,Architectural Basecoat 206,Architectural Trade,2,43.38,43.38,0.856,86.75,86.75,86.75,37.97,75.93,FY24,FY24 Q1
2023-04-04,2023-04,C0406,Nystrom Engineering,Distributor,Distributor,UK - Midlands,GBP,Existing (pre-FY24),Standard,INV-019973,PU-1211,Architectural Hardener 296,Architectural Trade,1,51.34,51.34,0.856,51.34,51.34,51.34,45.61,45.61,FY24,FY24 Q1
2023-04-04,2023-04,C0089,Granton Surface Technologies,Mid-Market,E-commerce,UK - South,GBP,Existing (pre-FY24),Standard,INV-008975,ZN-1109,Marine Finish 533,Marine & Offshore,4,260.62,260.62,0.856,1042.48,1042.48,1042.48,152.22,608.87,FY24,FY24 Q1
2023-04-04,2023-04,C0089,Granton Surface Technologies,Mid-Market,E-commerce,UK - South,GBP,Existing (pre-FY24),Standard,INV-008975,AC-1302,Powder Topcoat 441,Powder Coatings,2,126.59,126.59,0.856,253.18,253.18,253.18,90.99,181.98,FY24,FY24 Q1
2023-04-04,2023-04,C0089,Granton Surface Technologies,Mid-Market,E-commerce,UK - South,GBP,Existing (pre-FY24),Standard,INV-008975,AC-1304,Powder Hardener 392,Powder Coatings,4,114.01,114.01,0.856,456.04,456.04,456.04,74.5,297.99,FY24,FY24 Q1
2023-04-04,2023-04,C0249,Stanmore Builders Merchants,SME,Trade Counter,EU - Nordics,EUR,Existing (pre-FY24),Standard,INV-014790,MX-1008,Industrial Thinner 425,Industrial Protective,1,213.06,183.66,0.856,213.06,182.38,183.66,116.21,116.21,FY24,FY24 Q1
2023-04-04,2023-04,C0249,Stanmore Builders Merchants,SME,Trade Counter,EU - Nordics,EUR,Existing (pre-FY24),Standard,INV-014790,PR-1007,Industrial Clearcoat 512,Industrial Protective,1,128.53,110.8,0.856,128.53,110.02,110.8,68.21,68.21,FY24,FY24 Q1
2023-04-04,2023-04,C0262,Burnham Finishing Ltd,SME,E-commerce,EU - Benelux,EUR,Existing (pre-FY24),Standard,INV-015074,SI-1303,Powder Sealer 169,Powder Coatings,3,114.23,98.47,0.856,342.7,293.35,295.42,62.33,186.98,FY24,FY24 Q1
2023-04-04,2023-04,C0093,Harlow Marine Services,Mid-Market,Direct Sales,EU - Benelux,EUR,Existing (pre-FY24),Standard,INV-009463,ZN-1109,Marine Finish 533,Marine & Offshore,5,305.96,263.75,0.856,1529.78,1309.49,1318.73,152.22,761.09,FY24,FY24 Q1
2023-04-04,2023-04,C0006,Wexford Finishing Ltd,Key Account,Direct Sales,UK - Midlands,GBP,Existing (pre-FY24),Standard,INV-000631,TG-1409,Specialty Finish 766,Specialty Resins & Additives,16,215.6,215.6,0.856,3449.63,3449.63,3449.63,141.48,2263.69,FY24,FY24 Q1
2023-04-04,2023-04,C0074,Selby Engineering,Mid-Market,Direct Sales,EU - Nordics,EUR,Existing (pre-FY24),Standard,INV-008077,MX-1006,Industrial Sealer 703,Industrial Protective,2,123.55,106.51,0.856,247.11,211.53,213.02,67.69,135.38,FY24,FY24 Q1
2023-04-04,2023-04,C0089,Granton Surface Technologies,Mid-Market,E-commerce,UK - South,GBP,Existing (pre-FY24),Standard,INV-008975,DX-1106,Marine Thinner 814,Marine & Offshore,7,198.64,198.64,0.856,1390.45,1390.45,1390.45,121.73,852.08,FY24,FY24 Q1
2023-04-04,2023-04,C0074,Selby Engineering,Mid-Market,Direct Sales,EU - Nordics,EUR,Existing (pre-FY24),Standard,INV-008077,DX-1102,Marine Clearcoat 265,Marine & Offshore,21,205.28,176.96,0.856,4310.94,3690.17,3716.2,117.87,2475.21,FY24,FY24 Q1
2023-04-04,2023-04,C0074,Selby Engineering,Mid-Market,Direct Sales,EU - Nordics,EUR,Existing (pre-FY24),Standard,INV-008077,ZN-1101,Marine Sealer 740,Marine & Offshore,26,285.02,245.7,0.856,7410.53,6343.42,6388.18,140.66,3657.23,FY24,FY24 Q1
2023-04-04,2023-04,C0006,Wexford Finishing Ltd,Key Account,Direct Sales,UK - Midlands,GBP,Existing (pre-FY24),Standard,INV-000631,TG-1405,Specialty Topcoat 401,Specialty Resins & Additives,3,213.64,213.64,0.856,640.91,640.91,640.91,129.82,389.45,FY24,FY24 Q1
2023-04-04,2023-04,C0030,Halstead Coatings Group,Mid-Market,Direct Sales,UK - South,GBP,Existing (pre-FY24),Standard,INV-004872,MX-1002,Industrial Intermediate 850,Industrial Protective,3,188.63,188.63,0.856,565.88,565.88,565.88,114.22,342.66,FY24,FY24 Q1
2023-04-04,2023-04,C0096,Blackthorn Engineering,Mid-Market,E-commerce,UK - North,GBP,Existing (pre-FY24),Standard,INV-009649,SI-1303,Powder Sealer 169,Powder Coatings,6,88.62,88.62,0.856,531.69,531.69,531.69,62.33,373.96,FY24,FY24 Q1
2023-04-04,2023-04,C0096,Blackthorn Engineering,Mid-Market,E-commerce,UK - North,GBP,Existing (pre-FY24),Standard,INV-009649,EP-1200,Architectural Thinner 140,Architectural Trade,3,45.19,45.19,0.856,135.56,135.56,135.56,31.22,93.66,FY24,FY24 Q1
2023-04-04,2023-04,C0096,Blackthorn Engineering,Mid-Market,E-commerce,UK - North,GBP,Existing (pre-FY24),Standard,INV-009649,PU-1215,Architectural Etch Primer 121,Architectural Trade,2,67.65,67.65,0.856,135.3,135.3,135.3,47.9,95.81,FY24,FY24 Q1
2023-04-04,2023-04,C0023,Blackthorn Paint & Decorating,Key Account,Direct Sales,UK - Midlands,GBP,Existing (pre-FY24),Standard,INV-004003,PR-1007,Industrial Clearcoat 512,Industrial Protective,9,99.5,99.5,0.856,895.46,895.46,895.46,68.21,613.85,FY24,FY24 Q1
2023-04-04,2023-04,C0023,Blackthorn Paint & Decorating,Key Account,Direct Sales,UK - Midlands,GBP,Existing (pre-FY24),Standard,INV-004003,PR-1003,Industrial Clearcoat 594,Industrial Protective,10,140.8,140.8,0.856,1408.03,1408.03,1408.03,95.62,956.17,FY24,FY24 Q1
2023-04-04,2023-04,C0074,Selby Engineering,Mid-Market,Direct Sales,EU - Nordics,EUR,Existing (pre-FY24),Standard,INV-008077,MX-1002,Industrial Intermediate 850,Industrial Protective,4,198.09,170.76,0.856,792.34,678.25,683.03,114.22,456.88,FY24,FY24 Q1
2023-04-04,2023-04,C0074,Selby Engineering,Mid-Market,Direct Sales,EU - Nordics,EUR,Existing (pre-FY24),Standard,INV-008077,ZN-1109,Marine Finish 533,Marine & Offshore,5,296.85,255.9,0.856,1484.24,1270.51,1279.48,152.22,761.09,FY24,FY24 Q1
2023-04-04,2023-04,C0096,Blackthorn Engineering,Mid-Market,E-commerce,UK - North,GBP,Existing (pre-FY24),Standard,INV-009649,ZN-1101,Marine Sealer 740,Marine & Offshore,3,240.38,240.38,0.856,721.14,721.14,721.14,140.66,421.99,FY24,FY24 Q1
2023-04-04,2023-04,C0093,Harlow Marine Services,Mid-Market,Direct Sales,EU - Benelux,EUR,Existing (pre-FY24),Standard,INV-009463,EP-1202,Architectural Clearcoat 145,Architectural Trade,9,63.43,54.68,0.856,570.83,488.63,492.08,41.5,373.51,FY24,FY24 Q1
2023-04-04,2023-04,C0006,Wexford Finishing Ltd,Key Account,Direct Sales,UK - Midlands,GBP,Existing (pre-FY24),Standard,INV-000631,VX-1402,Specialty Basecoat 172,Specialty Resins & Additives,12,296.97,296.97,0.856,3563.61,3563.61,3563.61,206.28,2475.39,FY24,FY24 Q1
2023-04-04,2023-04,C0093,Harlow Marine Services,Mid-Market,Direct Sales,EU - Benelux,EUR,Existing (pre-FY24),Standard,INV-009463,EP-1206,Architectural Primer 286,Architectural Trade,13,76.51,65.95,0.856,994.6,851.37,857.38,43.78,569.19,FY24,FY24 Q1
2023-04-04,2023-04,C0166,Corby Protective Systems,SME,Trade Counter,UK - South,GBP,Existing (pre-FY24),Standard,INV-012947,TG-1405,Specialty Topcoat 401,Specialty Resins & Additives,5,273.61,273.61,0.856,1368.04,1368.04,1368.04,129.82,649.08,FY24,FY24 Q1
2023-04-04,2023-04,C0249,Stanmore Builders Merchants,SME,Trade Counter,EU - Nordics,EUR,Existing (pre-FY24),Standard,INV-014790,MX-1000,Industrial Clearcoat 174,Industrial Protective,1,224.71,193.71,0.856,224.71,192.35,193.71,112.72,112.72,FY24,FY24 Q1
2023-04-04,2023-04,C0042,Ilkley Contracting,Mid-Market,Direct Sales,UK - South,GBP,Existing (pre-FY24),Standard,INV-005805,DX-1108,Marine Thinner 344,Marine & Offshore,2,300.39,300.39,0.856,600.79,600.79,600.79,170.76,341.52,FY24,FY24 Q1
2023-04-04,2023-04,C0249,Stanmore Builders Merchants,SME,Trade Counter,EU - Nordics,EUR,Existing (pre-FY24),Standard,INV-014786,PR-1007,Industrial Clearcoat 512,Industrial Protective,1,129.09,111.28,0.856,129.09,110.5,111.28,68.21,68.21,FY24,FY24 Q1
2023-04-04,2023-04,C0091,Latimer Finishing Ltd,Mid-Market,Direct Sales,UK - Midlands,GBP,Existing (pre-FY24),Standard,INV-009217,PU-1209,Architectural Topcoat 701,Architectural Trade,3,77.9,77.9,0.856,233.71,233.71,233.71,49.78,149.35,FY24,FY24 Q1
2023-04-04,2023-04,C0430,Nystrom Finishing Ltd,Distributor,Distributor,EU - Nordics,EUR,Existing (pre-FY24),Standard,INV-022635,PU-1203,Architectural Basecoat 206,Architectural Trade,5,56.43,48.65,0.856,282.17,241.54,243.24,37.97,189.83,FY24,FY24 Q1
2023-04-04,2023-04,C0430,Nystrom Finishing Ltd,Distributor,Distributor,EU - Nordics,EUR,Existing (pre-FY24),Standard,INV-022635,EP-1208,Architectural Thinner 773,Architectural Trade,4,122.18,105.32,0.856,488.72,418.35,421.3,79.89,319.56,FY24,FY24 Q1
2023-04-04,2023-04,C0430,Nystrom Finishing Ltd,Distributor,Distributor,EU - Nordics,EUR,Existing (pre-FY24),Standard,INV-022635,EP-1200,Architectural Thinner 140,Architectural Trade,7,49.33,42.52,0.856,345.3,295.58,297.66,31.22,218.53,FY24,FY24 Q1
2023-04-04,2023-04,C0430,Nystrom Finishing Ltd,Distributor,Distributor,EU - Nordics,EUR,Existing (pre-FY24),Standard,INV-022635,PU-1201,Architectural Clearcoat 929,Architectural Trade,2,49.14,42.36,0.856,98.28,84.13,84.72,30.74,61.49,FY24,FY24 Q1
2023-04-04,2023-04,C0421,Dunmore Fabrications,Distributor,Distributor,UK - North,GBP,Existing (pre-FY24),Standard,INV-021636,SI-1305,Powder Finish 204,Powder Coatings,3,72.69,72.69,0.856,218.07,218.07,218.07,56.45,169.35,FY24,FY24 Q1
2023-04-04,2023-04,C0261,Cranfield Steelworks,SME,E-commerce,EU - Benelux,EUR,Existing (pre-FY24),Standard,INV-015049,PU-1211,Architectural Hardener 296,Architectural Trade,3,76.83,66.23,0.856,230.49,197.3,198.7,45.61,136.83,FY24,FY24 Q1
2023-04-04,2023-04,C0401,Ravensworth Contracting,Distributor,Distributor,UK - South,GBP,Existing (pre-FY24),Standard,INV-019392,SI-1301,Powder Primer 767,Powder Coatings,6,98.54,98.54,0.856,591.21,591.21,591.21,69.48,416.87,FY24,FY24 Q1
2023-04-04,2023-04,C0301,Lindholm Distribution,SME,E-commerce,UK - Midlands,GBP,Existing (pre-FY24),Standard,INV-015959,EP-1214,Architectural Clearcoat 734,Architectural Trade,1,56.3,56.3,0.856,56.3,56.3,56.3,38.0,38.0,FY24,FY24 Q1
2023-04-04,2023-04,C0401,Ravensworth Contracting,Distributor,Distributor,UK - South,GBP,Existing (pre-FY24),Standard,INV-019392,SI-1309,Powder Thinner 475,Powder Coatings,6,101.0,101.0,0.856,606.0,606.0,606.0,79.06,474.38,FY24,FY24 Q1
2023-04-04,2023-04,C0261,Cranfield Steelworks,SME,E-commerce,EU - Benelux,EUR,Existing (pre-FY24),Standard,INV-015049,EP-1204,Architectural Basecoat 436,Architectural Trade,1,64.95,55.99,0.856,64.95,55.6,55.99,39.69,39.69,FY24,FY24 Q1
2023-04-04,2023-04,C0372,Brackley Trade Centre,SME,E-commerce,EU - Benelux,EUR,Existing (pre-FY24),Standard,INV-017461,EP-1214,Architectural Clearcoat 734,Architectural Trade,3,66.87,57.65,0.856,200.62,171.73,172.94,38.0,113.99,FY24,FY24 Q1
2023-04-04,2023-04,C0372,Brackley Trade Centre,SME,E-commerce,EU - Benelux,EUR,Existing (pre-FY24),Standard,INV-017461,EP-1208,Architectural Thinner 773,Architectural Trade,1,148.62,128.11,0.856,148.62,127.22,128.11,79.89,79.89,FY24,FY24 Q1
2023-04-04,2023-04,C0401,Ravensworth Contracting,Distributor,Distributor,UK - South,GBP,Existing (pre-FY24),Standard,INV-019392,SI-1313,Powder Thinner 115,Powder Coatings,6,81.52,81.52,0.856,489.13,489.13,489.13,71.29,427.71,FY24,FY24 Q1
2023-04-04,2023-04,C0169,Alderley Contracting,SME,Trade Counter,Ireland,EUR,Existing (pre-FY24),Standard,INV-013047,PU-1215,Architectural Etch Primer 121,Architectural Trade,1,86.35,74.44,0.856,86.35,73.92,74.44,47.9,47.9,FY24,FY24 Q1
2023-04-04,2023-04,C0261,Cranfield Steelworks,SME,E-commerce,EU - Benelux,EUR,Existing (pre-FY24),Standard,INV-015049,EP-1214,Architectural Clearcoat 734,Architectural Trade,7,63.48,54.72,0.856,444.38,380.39,383.07,38.0,265.97,FY24,FY24 Q1
2023-04-04,2023-04,C0421,Dunmore Fabrications,Distributor,Distributor,UK - North,GBP,Existing (pre-FY24),Standard,INV-021636,SI-1309,Powder Thinner 475,Powder Coatings,15,101.05,101.05,0.856,1515.74,1515.74,1515.74,79.06,1185.94,FY24,FY24 Q1
2023-04-04,2023-04,C0421,Dunmore Fabrications,Distributor,Distributor,UK - North,GBP,Existing (pre-FY24),Standard,INV-021636,AC-1304,Powder Hardener 392,Powder Coatings,5,100.79,100.79,0.856,503.95,503.95,503.95,74.5,372.49,FY24,FY24 Q1
2023-04-04,2023-04,C0024,Dunmore Protective Systems,Key Account,Direct Sales,UK - South,GBP,Existing (pre-FY24),Standard,INV-004207,PR-1007,Industrial Clearcoat 512,Industrial Protective,4,93.71,93.71,0.856,374.84,374.84,374.84,68.21,272.82,FY24,FY24 Q1
2023-04-04,2023-04,C0372,Brackley Trade Centre,SME,E-commerce,EU - Benelux,EUR,Existing (pre-FY24),Standard,INV-017461,PU-1209,Architectural Topcoat 701,Architectural Trade,2,94.98,81.88,0.856,189.97,162.61,163.76,49.78,99.57,FY24,FY24 Q1
2023-04-04,2023-04,C0249,Stanmore Builders Merchants,SME,Trade Counter,EU - Nordics,EUR,Existing (pre-FY24),Standard,INV-014786,MX-1000,Industrial Clearcoat 174,Industrial Protective,1,216.33,186.49,0.856,216.33,185.18,186.49,112.72,112.72,FY24,FY24 Q1
2023-04-04,2023-04,C0249,Stanmore Builders Merchants,SME,Trade Counter,EU - Nordics,EUR,Existing (pre-FY24),Standard,INV-014786,MX-1008,Industrial Thinner 425,Industrial Protective,1,214.27,184.71,0.856,214.27,183.41,184.71,116.21,116.21,FY24,FY24 Q1
2023-04-05,2023-04,C0096,Blackthorn Engineering,Mid-Market,E-commerce,UK - North,GBP,Existing (pre-FY24),Standard,INV-009646,SI-1303,Powder Sealer 169,Powder Coatings,3,89.99,89.99,0.856,269.98,269.98,269.98,62.33,186.98,FY24,FY24 Q1
2023-04-05,2023-04,C0018,Redmayne Builders Merchants,Key Account,Direct Sales,UK - South,GBP,Existing (pre-FY24),Standard,INV-003004,EP-1204,Architectural Basecoat 436,Architectural Trade,5,50.77,50.77,0.856,253.84,253.84,253.84,39.69,198.46,FY24,FY24 Q1
2023-04-05,2023-04,C0018,Redmayne Builders Merchants,Key Account,Direct Sales,UK - South,GBP,Existing (pre-FY24),Standard,INV-003004,PU-1203,Architectural Basecoat 206,Architectural Trade,3,51.04,51.04,0.856,153.13,153.13,153.13,37.97,113.9,FY24,FY24 Q1
2023-04-05,2023-04,C0035,Langdale Engineering,Mid-Market,Direct Sales,UK - North,GBP,Existing (pre-FY24),Standard,INV-005363,EP-1206,Architectural Primer 286,Architectural Trade,3,68.09,68.09,0.856,204.26,204.26,204.26,43.78,131.35,FY24,FY24 Q1
2023-04-05,2023-04,C0115,Redmayne Trade Centre,Mid-Market,Trade Counter,UK - South,GBP,Existing (pre-FY24),Standard,INV-011369,EP-1210,Architectural Topcoat 371,Architectural Trade,5,49.94,49.94,0.856,249.72,249.72,249.72,33.89,169.43,FY24,FY24 Q1
2023-04-05,2023-04,C0096,Blackthorn Engineering,Mid-Market,E-commerce,UK - North,GBP,Existing (pre-FY24),Standard,INV-009650,DX-1106,Marine Thinner 814,Marine & Offshore,4,205.48,205.48,0.856,821.91,821.91,821.91,121.73,486.9,FY24,FY24 Q1
2023-04-05,2023-04,C0096,Blackthorn Engineering,Mid-Market,E-commerce,UK - North,GBP,Existing (pre-FY24),Standard,INV-009650,EP-1206,Architectural Primer 286,Architectural Trade,1,66.63,66.63,0.856,66.63,66.63,66.63,43.78,43.78,FY24,FY24 Q1
2023-04-05,2023-04,C0096,Blackthorn Engineering,Mid-Market,E-commerce,UK - North,GBP,Existing (pre-FY24),Standard,INV-009650,SI-1303,Powder Sealer 169,Powder Coatings,9,87.82,87.82,0.856,790.4,790.4,790.4,62.33,560.94,FY24,FY24 Q1
2023-04-05,2023-04,C0115,Redmayne Trade Centre,Mid-Market,Trade Counter,UK - South,GBP,Existing (pre-FY24),Standard,INV-011369,PU-1215,Architectural Etch Primer 121,Architectural Trade,8,66.93,66.93,0.856,535.45,535.45,535.45,47.9,383.23,FY24,FY24 Q1
2023-04-05,2023-04,C0018,Redmayne Builders Merchants,Key Account,Direct Sales,UK - South,GBP,Existing (pre-FY24),Standard,INV-003004,PU-1201,Architectural Clearcoat 929,Architectural Trade,3,43.16,43.16,0.856,129.47,129.47,129.47,30.74,92.23,FY24,FY24 Q1
2023-04-05,2023-04,C0414,Caldera Marine Services,Distributor,Distributor,EU - Nordics,EUR,Existing (pre-FY24),Standard,INV-020565,EP-1200,Architectural Thinner 140,Architectural Trade,9,50.95,43.92,0.856,458.54,392.51,395.28,31.22,280.97,FY24,FY24 Q1
2023-04-05,2023-04,C0414,Caldera Marine Services,Distributor,Distributor,EU - Nordics,EUR,Existing (pre-FY24),Standard,INV-020565,PU-1215,Architectural Etch Primer 121,Architectural Trade,3,73.67,63.51,0.856,221.02,189.19,190.53,47.9,143.71,FY24,FY24 Q1
2023-04-05,2023-04,C0414,Caldera Marine Services,Distributor,Distributor,EU - Nordics,EUR,Existing (pre-FY24),Standard,INV-020561,PU-1213,Architectural Sealer 861,Architectural Trade,10,72.16,62.2,0.856,721.58,617.68,622.03,44.82,448.24,FY24,FY24 Q1
2023-04-05,2023-04,C0414,Caldera Marine Services,Distributor,Distributor,EU - Nordics,EUR,Existing (pre-FY24),Standard,INV-020561,EP-1200,Architectural Thinner 140,Architectural Trade,15,51.43,44.34,0.856,771.46,660.37,665.03,31.22,468.29,FY24,FY24 Q1
2023-04-05,2023-04,C0096,Blackthorn Engineering,Mid-Market,E-commerce,UK - North,GBP,Existing (pre-FY24),Standard,INV-009646,ZN-1107,Marine Basecoat 792,Marine & Offshore,2,157.07,157.07,0.856,314.13,314.13,314.13,92.6,185.19,FY24,FY24 Q1
2023-04-05,2023-04,C0018,Redmayne Builders Merchants,Key Account,Direct Sales,UK - South,GBP,Existing (pre-FY24),Standard,INV-003004,PU-1213,Architectural Sealer 861,Architectural Trade,18,61.03,61.03,0.856,1098.53,1098.53,1098.53,44.82,806.83,FY24,FY24 Q1
2023-04-05,2023-04,C0035,Langdale Engineering,Mid-Market,Direct Sales,UK - North,GBP,Existing (pre-FY24),Standard,INV-005363,EP-1202,Architectural Clearcoat 145,Architectural Trade,9,57.61,57.61,0.856,518.52,518.52,518.52,41.5,373.51,FY24,FY24 Q1
2023-04-05,2023-04,C0096,Blackthorn Engineering,Mid-Market,E-commerce,UK - North,GBP,Existing (pre-FY24),Standard,INV-009646,EP-1200,Architectural Thinner 140,Architectural Trade,6,46.47,46.47,0.856,278.84,278.84,278.84,31.22,187.31,FY24,FY24 Q1
2023-04-05,2023-04,C0018,Redmayne Builders Merchants,Key Account,Direct Sales,UK - South,GBP,Existing (pre-FY24),Standard,INV-003004,PU-1205,Architectural Finish 184,Architectural Trade,1,46.69,46.69,0.856,46.69,46.69,46.69,33.84,33.84,FY24,FY24 Q1
2023-04-05,2023-04,C0035,Langdale Engineering,Mid-Market,Direct Sales,UK - North,GBP,Existing (pre-FY24),Standard,INV-005364,EP-1200,Architectural Thinner 140,Architectural Trade,3,47.43,47.43,0.856,142.28,142.28,142.28,31.22,93.66,FY24,FY24 Q1
2023-04-05,2023-04,C0098,Quorn Marine Services,Mid-Market,Direct Sales,UK - Midlands,GBP,Existing (pre-FY24),Standard,INV-009849,MX-1002,Industrial Intermediate 850,Industrial Protective,22,174.84,174.84,0.856,3846.4,3846.4,3846.4,114.22,2512.86,FY24,FY24 Q1
2023-04-05,2023-04,C0098,Quorn Marine Services,Mid-Market,Direct Sales,UK - Midlands,GBP,Existing (pre-FY24),Standard,INV-009849,MX-1000,Industrial Clearcoat 174,Industrial Protective,5,172.74,172.74,0.856,863.71,863.71,863.71,112.72,563.58,FY24,FY24 Q1
2023-04-05,2023-04,C0401,Ravensworth Contracting,Distributor,Distributor,UK - South,GBP,Existing (pre-FY24),Standard,INV-019395,SI-1313,Powder Thinner 115,Powder Coatings,6,81.81,81.81,0.856,490.85,490.85,490.85,71.29,427.71,FY24,FY24 Q1
2023-04-05,2023-04,C0401,Ravensworth Contracting,Distributor,Distributor,UK - South,GBP,Existing (pre-FY24),Standard,INV-019395,SI-1301,Powder Primer 767,Powder Coatings,5,96.83,96.83,0.856,484.17,484.17,484.17,69.48,347.39,FY24,FY24 Q1
2023-04-05,2023-04,C0401,Ravensworth Contracting,Distributor,Distributor,UK - South,GBP,Existing (pre-FY24),Standard,INV-019395,AC-1310,Powder Topcoat 491,Powder Coatings,7,105.47,105.47,0.856,738.29,738.29,738.29,82.89,580.23,FY24,FY24 Q1
2023-04-05,2023-04,C0401,Ravensworth Contracting,Distributor,Distributor,UK - South,GBP,Existing (pre-FY24),Standard,INV-019395,SI-1309,Powder Thinner 475,Powder Coatings,9,101.22,101.22,0.856,910.99,910.99,910.99,79.06,711.57,FY24,FY24 Q1
2023-04-05,2023-04,C0401,Ravensworth Contracting,Distributor,Distributor,UK - South,GBP,Existing (pre-FY24),Standard,INV-019395,AC-1312,Powder Basecoat 150,Powder Coatings,3,132.76,132.76,0.856,398.27,398.27,398.27,108.59,325.76,FY24,FY24 Q1
2023-04-05,2023-04,C0455,Alderley Builders Merchants,Distributor,Distributor,UK - South,GBP,Existing (pre-FY24),Standard,INV-025077,PR-1013,Industrial Sealer 927,Industrial Protective,24,137.09,137.09,0.856,3290.14,3290.14,3290.14,100.52,2412.36,FY24,FY24 Q1
2023-04-05,2023-04,C0455,Alderley Builders Merchants,Distributor,Distributor,UK - South,GBP,Existing (pre-FY24),Standard,INV-025077,PR-1009,Industrial Clearcoat 704,Industrial Protective,28,81.48,81.48,0.856,2281.45,2281.45,2281.45,58.12,1627.23,FY24,FY24 Q1
2023-04-05,2023-04,C0388,Granton Trade Centre,Distributor,Distributor,UK - South,GBP,Existing (pre-FY24),Standard,INV-017883,MX-1012,Industrial Etch Primer 949,Industrial Protective,6,85.92,85.92,0.856,515.53,515.53,515.53,66.61,399.66,FY24,FY24 Q1
2023-04-05,2023-04,C0439,Quorn Protective Systems,Distributor,National Accounts,UK - North,GBP,Existing (pre-FY24),Standard,INV-023206,SI-1311,Powder Primer 434,Powder Coatings,8,69.98,69.98,0.856,559.84,559.84,559.84,55.82,446.58,FY24,FY24 Q1
2023-04-05,2023-04,C0439,Quorn Protective Systems,Distributor,National Accounts,UK - North,GBP,Existing (pre-FY24),Standard,INV-023206,AC-1310,Powder Topcoat 491,Powder Coatings,2,112.27,112.27,0.856,224.54,224.54,224.54,82.89,165.78,FY24,FY24 Q1
2023-04-05,2023-04,C0439,Quorn Protective Systems,Distributor,National Accounts,UK - North,GBP,Existing (pre-FY24),Standard,INV-023206,AC-1304,Powder Hardener 392,Powder Coatings,9,103.75,103.75,0.856,933.73,933.73,933.73,74.5,670.48,FY24,FY24 Q1
2023-04-05,2023-04,C0439,Quorn Protective Systems,Distributor,National Accounts,UK - North,GBP,Existing (pre-FY24),Standard,INV-023205,SI-1303,Powder Sealer 169,Powder Coatings,4,80.67,80.67,0.856,322.67,322.67,322.67,62.33,249.31,FY24,FY24 Q1
2023-04-05,2023-04,C0439,Quorn Protective Systems,Distributor,National Accounts,UK - North,GBP,Existing (pre-FY24),Standard,INV-023205,AC-1310,Powder Topcoat 491,Powder Coatings,2,113.32,113.32,0.856,226.64,226.64,226.64,82.89,165.78,FY24,FY24 Q1
2023-04-05,2023-04,C0439,Quorn Protective Systems,Distributor,National Accounts,UK - North,GBP,Existing (pre-FY24),Standard,INV-023205,SI-1311,Powder Primer 434,Powder Coatings,8,72.2,72.2,0.856,577.6,577.6,577.6,55.82,446.58,FY24,FY24 Q1
2023-04-05,2023-04,C0388,Granton Trade Centre,Distributor,Distributor,UK - South,GBP,Existing (pre-FY24),Standard,INV-017879,MX-1006,Industrial Sealer 703,Industrial Protective,8,97.27,97.27,0.856,778.17,778.17,778.17,67.69,541.52,FY24,FY24 Q1
2023-04-05,2023-04,C0455,Alderley Builders Merchants,Distributor,Distributor,UK - South,GBP,Existing (pre-FY24),Standard,INV-025077,PR-1007,Industrial Clearcoat 512,Industrial Protective,24,95.38,95.38,0.856,2289.21,2289.21,2289.21,68.21,1636.93,FY24,FY24 Q1
2023-04-05,2023-04,C0035,Langdale Engineering,Mid-Market,Direct Sales,UK - North,GBP,Existing (pre-FY24),Standard,INV-005364,EP-1204,Architectural Basecoat 436,Architectural Trade,2,55.9,55.9,0.856,111.81,111.81,111.81,39.69,79.39,FY24,FY24 Q1
2023-04-05,2023-04,C0439,Quorn Protective Systems,Distributor,National Accounts,UK - North,GBP,Existing (pre-FY24),Standard,INV-023205,SI-1305,Powder Finish 204,Powder Coatings,8,77.69,77.69,0.856,621.51,621.51,621.51,56.45,451.59,FY24,FY24 Q1
2023-04-05,2023-04,C0439,Quorn Protective Systems,Distributor,National Accounts,UK - North,GBP,Existing (pre-FY24),Standard,INV-023205,AC-1308,Powder Intermediate 381,Powder Coatings,3,95.94,95.94,0.856,287.82,287.82,287.82,75.89,227.67,FY24,FY24 Q1
2023-04-05,2023-04,C0035,Langdale Engineering,Mid-Market,Direct Sales,UK - North,GBP,Existing (pre-FY24),Standard,INV-005364,PU-1203,Architectural Basecoat 206,Architectural Trade,3,55.74,55.74,0.856,167.21,167.21,167.21,37.97,113.9,FY24,FY24 Q1
2023-04-05,2023-04,C0449,Latimer Surface Technologies,Distributor,Distributor,EU - Benelux,EUR,Existing (pre-FY24),Standard,INV-024487,SI-1303,Powder Sealer 169,Powder Coatings,4,88.81,76.56,0.856,355.25,304.09,306.24,62.33,249.31,FY24,FY24 Q1
2023-04-05,2023-04,C0035,Langdale Engineering,Mid-Market,Direct Sales,UK - North,GBP,Existing (pre-FY24),Standard,INV-005363,PU-1205,Architectural Finish 184,Architectural Trade,2,51.28,51.28,0.856,102.56,102.56,102.56,33.84,67.67,FY24,FY24 Q1
2023-04-05,2023-04,C0449,Latimer Surface Technologies,Distributor,Distributor,EU - Benelux,EUR,Existing (pre-FY24),Standard,INV-024487,DX-1106,Marine Thinner 814,Marine & Offshore,13,204.11,175.95,0.856,2653.48,2271.38,2287.4,121.73,1582.43,FY24,FY24 Q1
2023-04-05,2023-04,C0449,Latimer Surface Technologies,Distributor,Distributor,EU - Benelux,EUR,Existing (pre-FY24),Standard,INV-024487,AC-1308,Powder Intermediate 381,Powder Coatings,1,106.22,91.57,0.856,106.22,90.93,91.57,75.89,75.89,FY24,FY24 Q1
2023-04-05,2023-04,C0052,Pentland Contracting,Mid-Market,Direct Sales,UK - Midlands,GBP,Existing (pre-FY24),Standard,INV-006742,MX-1010,Industrial Clearcoat 270,Industrial Protective,4,141.86,141.86,0.856,567.45,567.45,567.45,88.62,354.47,FY24,FY24 Q1
2023-04-05,2023-04,C0052,Pentland Contracting,Mid-Market,Direct Sales,UK - Midlands,GBP,Existing (pre-FY24),Standard,INV-006742,PR-1009,Industrial Clearcoat 704,Industrial Protective,1,96.01,96.01,0.856,96.01,96.01,96.01,58.12,58.12,FY24,FY24 Q1
2023-04-05,2023-04,C0052,Pentland Contracting,Mid-Market,Direct Sales,UK - Midlands,GBP,Existing (pre-FY24),Standard,INV-006742,DX-1100,Marine Primer 939,Marine & Offshore,7,237.02,237.02,0.856,1659.11,1659.11,1659.11,140.06,980.4,FY24,FY24 Q1
2023-04-05,2023-04,C0052,Pentland Contracting,Mid-Market,Direct Sales,UK - Midlands,GBP,Existing (pre-FY24),Standard,INV-006742,PR-1007,Industrial Clearcoat 512,Industrial Protective,4,110.2,110.2,0.856,440.8,440.8,440.8,68.21,272.82,FY24,FY24 Q1
2023-04-05,2023-04,C0388,Granton Trade Centre,Distributor,Distributor,UK - South,GBP,Existing (pre-FY24),Standard,INV-017879,PR-1007,Industrial Clearcoat 512,Industrial Protective,6,91.85,91.85,0.856,551.1,551.1,551.1,68.21,409.23,FY24,FY24 Q1
2023-04-05,2023-04,C0449,Latimer Surface Technologies,Distributor,Distributor,EU - Benelux,EUR,Existing (pre-FY24),Standard,INV-024487,SI-1313,Powder Thinner 115,Powder Coatings,5,96.26,82.98,0.856,481.28,411.97,414.88,71.29,356.43,FY24,FY24 Q1
2023-04-05,2023-04,C0449,Latimer Surface Technologies,Distributor,Distributor,EU - Benelux,EUR,Existing (pre-FY24),Standard,INV-024487,DX-1104,Marine Hardener 415,Marine & Offshore,3,167.08,144.03,0.856,501.24,429.06,432.09,97.61,292.82,FY24,FY24 Q1
2023-04-05,2023-04,C0404,Dunmore Paint & Decorating,Distributor,Distributor,UK - South,GBP,Existing (pre-FY24),Standard,INV-019691,PU-1205,Architectural Finish 184,Architectural Trade,18,44.43,44.43,0.856,799.8,799.8,799.8,33.84,609.03,FY24,FY24 Q1
2023-04-05,2023-04,C0347,Lindholm Steelworks,SME,Trade Counter,UK - North,GBP,Existing (pre-FY24),Standard,INV-016990,MX-1008,Industrial Thinner 425,Industrial Protective,1,187.71,187.71,0.856,187.71,187.71,187.71,116.21,116.21,FY24,FY24 Q1
2023-04-05,2023-04,C0057,Newbold Industrial Supplies,Mid-Market,Direct Sales,UK - South,GBP,Existing (pre-FY24),Standard,INV-007043,ZN-1101,Marine Sealer 740,Marine & Offshore,4,239.08,239.08,0.856,956.34,956.34,956.34,140.66,562.65,FY24,FY24 Q1
2023-04-05,2023-04,C0026,Orwell Surface Technologies,Key Account,Direct Sales,UK - North,GBP,Existing (pre-FY24),Standard,INV-004404,SI-1303,Powder Sealer 169,Powder Coatings,59,88.98,88.98,0.856,5249.55,5249.55,5249.55,62.33,3677.3,FY24,FY24 Q1
2023-04-05,2023-04,C0026,Orwell Surface Technologies,Key Account,Direct Sales,UK - North,GBP,Existing (pre-FY24),Standard,INV-004404,ZN-1101,Marine Sealer 740,Marine & Offshore,11,245.7,245.7,0.856,2702.72,2702.72,2702.72,140.66,1547.29,FY24,FY24 Q1
2023-04-05,2023-04,C0026,Orwell Surface Technologies,Key Account,Direct Sales,UK - North,GBP,Existing (pre-FY24),Standard,INV-004404,MX-1010,Industrial Clearcoat 270,Industrial Protective,7,137.44,137.44,0.856,962.1,962.1,962.1,88.62,620.32,FY24,FY24 Q1
2023-04-05,2023-04,C0434,Ilkley Marine Services,Distributor,Distributor,UK - North,GBP,Existing (pre-FY24),Standard,INV-022834,PR-1011,Industrial Primer 364,Industrial Protective,7,126.03,126.03,0.856,882.24,882.24,882.24,90.65,634.53,FY24,FY24 Q1
2023-04-05,2023-04,C0434,Ilkley Marine Services,Distributor,Distributor,UK - North,GBP,Existing (pre-FY24),Standard,INV-022834,MX-1006,Industrial Sealer 703,Industrial Protective,5,101.86,101.86,0.856,509.31,509.31,509.31,67.69,338.45,FY24,FY24 Q1
2023-04-05,2023-04,C0434,Ilkley Marine Services,Distributor,Distributor,UK - North,GBP,Existing (pre-FY24),Standard,INV-022834,MX-1000,Industrial Clearcoat 174,Industrial Protective,99,163.7,163.7,0.856,16206.58,16206.58,16206.58,112.72,11158.88,FY24,FY24 Q1
2023-04-05,2023-04,C0057,Newbold Industrial Supplies,Mid-Market,Direct Sales,UK - South,GBP,Existing (pre-FY24),Standard,INV-007043,ZN-1103,Marine Topcoat 913,Marine & Offshore,4,281.79,281.79,0.856,1127.17,1127.17,1127.17,173.06,692.25,FY24,FY24 Q1
2023-04-05,2023-04,C0404,Dunmore Paint & Decorating,Distributor,Distributor,UK - South,GBP,Existing (pre-FY24),Standard,INV-019691,EP-1214,Architectural Clearcoat 734,Architectural Trade,8,44.83,44.83,0.856,358.62,358.62,358.62,38.0,303.97,FY24,FY24 Q1
2023-04-05,2023-04,C0404,Dunmore Paint & Decorating,Distributor,Distributor,UK - South,GBP,Existing (pre-FY24),Standard,INV-019691,DX-1102,Marine Clearcoat 265,Marine & Offshore,9,152.83,152.83,0.856,1375.43,1375.43,1375.43,117.87,1060.8,FY24,FY24 Q1
2023-04-05,2023-04,C0404,Dunmore Paint & Decorating,Distributor,Distributor,UK - South,GBP,Existing (pre-FY24),Standard,INV-019691,EP-1206,Architectural Primer 286,Architectural Trade,10,59.02,59.02,0.856,590.16,590.16,590.16,43.78,437.84,FY24,FY24 Q1
2023-04-05,2023-04,C0398,Vandermeer Finishing Ltd,Distributor,Distributor,UK - Midlands,GBP,Existing (pre-FY24),Standard,INV-018962,PU-1209,Architectural Topcoat 701,Architectural Trade,9,68.28,68.28,0.856,614.48,614.48,614.48,49.78,448.05,FY24,FY24 Q1
2023-04-05,2023-04,C0141,Langdale Trade Centre,SME,E-commerce,EU - Nordics,EUR,Existing (pre-FY24),Standard,INV-012424,EP-1206,Architectural Primer 286,Architectural Trade,1,83.47,71.95,0.856,83.47,71.45,71.95,43.78,43.78,FY24,FY24 Q1
2023-04-05,2023-04,C0352,Burnham Distribution,SME,Trade Counter,UK - Midlands,GBP,Existing (pre-FY24),Standard,INV-017091,EP-1200,Architectural Thinner 140,Architectural Trade,1,48.96,48.96,0.856,48.96,48.96,48.96,31.22,31.22,FY24,FY24 Q1
2023-04-05,2023-04,C0419,Halstead Industrial Supplies,Distributor,Distributor,Ireland,EUR,Existing (pre-FY24),Standard,INV-021348,PR-1011,Industrial Primer 364,Industrial Protective,2,133.03,114.68,0.856,266.07,227.75,229.36,90.65,181.3,FY24,FY24 Q1
2023-04-05,2023-04,C0419,Halstead Industrial Supplies,Distributor,Distributor,Ireland,EUR,Existing (pre-FY24),Standard,INV-021348,DX-1100,Marine Primer 939,Marine & Offshore,1,224.48,193.51,0.856,224.48,192.16,193.51,140.06,140.06,FY24,FY24 Q1
2023-04-05,2023-04,C0404,Dunmore Paint & Decorating,Distributor,Distributor,UK - South,GBP,Existing (pre-FY24),Standard,INV-019691,PU-1207,Architectural Intermediate 132,Architectural Trade,5,41.56,41.56,0.856,207.8,207.8,207.8,35.04,175.18,FY24,FY24 Q1
2023-04-05,2023-04,C0352,Burnham Distribution,SME,Trade Counter,UK - Midlands,GBP,Existing (pre-FY24),Standard,INV-017091,PU-1209,Architectural Topcoat 701,Architectural Trade,1,82.04,82.04,0.856,82.04,82.04,82.04,49.78,49.78,FY24,FY24 Q1
2023-04-05,2023-04,C0146,Wexford Protective Systems,SME,Trade Counter,EU - Benelux,EUR,Existing (pre-FY24),Standard,INV-012505,DX-1108,Marine Thinner 344,Marine & Offshore,1,383.87,330.91,0.856,383.87,328.59,330.91,170.76,170.76,FY24,FY24 Q1
2023-04-05,2023-04,C0146,Wexford Protective Systems,SME,Trade Counter,EU - Benelux,EUR,Existing (pre-FY24),Standard,INV-012505,ZN-1103,Marine Topcoat 913,Marine & Offshore,1,342.78,295.49,0.856,342.78,293.42,295.49,173.06,173.06,FY24,FY24 Q1
2023-04-05,2023-04,C0398,Vandermeer Finishing Ltd,Distributor,Distributor,UK - Midlands,GBP,Existing (pre-FY24),Standard,INV-018962,PU-1215,Architectural Etch Primer 121,Architectural Trade,7,59.83,59.83,0.856,418.81,418.81,418.81,47.9,335.33,FY24,FY24 Q1
2023-04-05,2023-04,C0169,Alderley Contracting,SME,Trade Counter,Ireland,EUR,Existing (pre-FY24),Standard,INV-013044,PU-1205,Architectural Finish 184,Architectural Trade,1,65.31,56.3,0.856,65.31,55.91,56.3,33.84,33.84,FY24,FY24 Q1
2023-04-05,2023-04,C0169,Alderley Contracting,SME,Trade Counter,Ireland,EUR,Existing (pre-FY24),Standard,INV-013044,EP-1212,Architectural Thinner 608,Architectural Trade,1,60.72,52.35,0.856,60.72,51.98,52.35,34.08,34.08,FY24,FY24 Q1
2023-04-05,2023-04,C0169,Alderley Contracting,SME,Trade Counter,Ireland,EUR,Existing (pre-FY24),Standard,INV-013044,MX-1008,Industrial Thinner 425,Industrial Protective,3,223.87,192.98,0.856,671.6,574.89,578.95,116.21,348.63,FY24,FY24 Q1
2023-04-05,2023-04,C0398,Vandermeer Finishing Ltd,Distributor,Distributor,UK - Midlands,GBP,Existing (pre-FY24),Standard,INV-018962,MX-1008,Industrial Thinner 425,Industrial Protective,5,154.16,154.16,0.856,770.79,770.79,770.79,116.21,581.05,FY24,FY24 Q1
2023-04-05,2023-04,C0398,Vandermeer Finishing Ltd,Distributor,Distributor,UK - Midlands,GBP,Existing (pre-FY24),Standard,INV-018962,EP-1204,Architectural Basecoat 436,Architectural Trade,8,48.83,48.83,0.856,390.63,390.63,390.63,39.69,317.54,FY24,FY24 Q1
2023-04-05,2023-04,C0398,Vandermeer Finishing Ltd,Distributor,Distributor,UK - Midlands,GBP,Existing (pre-FY24),Standard,INV-018962,PR-1011,Industrial Primer 364,Industrial Protective,13,120.76,120.76,0.856,1569.92,1569.92,1569.92,90.65,1178.42,FY24,FY24 Q1
2023-04-05,2023-04,C0060,Thornbury Protective Systems,Mid-Market,Direct Sales,UK - South,GBP,Existing (pre-FY24),Standard,INV-007301,MX-1000,Industrial Clearcoat 174,Industrial Protective,12,175.51,175.51,0.856,2106.1,2106.1,2106.1,112.72,1352.59,FY24,FY24 Q1
2023-04-05,2023-04,C0336,Ilkley Paint & Decorating,SME,Trade Counter,UK - South,GBP,Existing (pre-FY24),Standard,INV-016793,MX-1002,Industrial Intermediate 850,Industrial Protective,10,194.92,194.92,0.856,1949.24,1949.24,1949.24,114.22,1142.21,FY24,FY24 Q1
2023-04-05,2023-04,C0057,Newbold Industrial Supplies,Mid-Market,Direct Sales,UK - South,GBP,Existing (pre-FY24),Standard,INV-007043,DX-1104,Marine Hardener 415,Marine & Offshore,4,167.7,167.7,0.856,670.82,670.82,670.82,97.61,390.43,FY24,FY24 Q1
2023-04-05,2023-04,C0018,Redmayne Builders Merchants,Key Account,Direct Sales,UK - South,GBP,Existing (pre-FY24),Standard,INV-003010,PU-1213,Architectural Sealer 861,Architectural Trade,6,61.61,61.61,0.856,369.66,369.66,369.66,44.82,268.94,FY24,FY24 Q1
2023-04-05,2023-04,C0057,Newbold Industrial Supplies,Mid-Market,Direct Sales,UK - South,GBP,Existing (pre-FY24),Standard,INV-007043,DX-1108,Marine Thinner 344,Marine & Offshore,2,294.98,294.98,0.856,589.97,589.97,589.97,170.76,341.52,FY24,FY24 Q1
2023-04-05,2023-04,C0023,Blackthorn Paint & Decorating,Key Account,Direct Sales,UK - Midlands,GBP,Existing (pre-FY24),Standard,INV-003994,PR-1005,Industrial Basecoat 645,Industrial Protective,21,116.88,116.88,0.856,2454.58,2454.58,2454.58,79.21,1663.5,FY24,FY24 Q1
2023-04-05,2023-04,C0023,Blackthorn Paint & Decorating,Key Account,Direct Sales,UK - Midlands,GBP,Existing (pre-FY24),Standard,INV-003994,MX-1006,Industrial Sealer 703,Industrial Protective,4,104.9,104.9,0.856,419.59,419.59,419.59,67.69,270.76,FY24,FY24 Q1
2023-04-05,2023-04,C0023,Blackthorn Paint & Decorating,Key Account,Direct Sales,UK - Midlands,GBP,Existing (pre-FY24),Standard,INV-003994,PR-1001,Industrial Finish 723,Industrial Protective,14,129.5,129.5,0.856,1812.94,1812.94,1812.94,80.03,1120.45,FY24,FY24 Q1
2023-04-05,2023-04,C0146,Wexford Protective Systems,SME,Trade Counter,EU - Benelux,EUR,Existing (pre-FY24),Standard,INV-012505,DX-1106,Marine Thinner 814,Marine & Offshore,1,253.2,218.27,0.856,253.2,216.74,218.27,121.73,121.73,FY24,FY24 Q1
2023-04-05,2023-04,C0336,Ilkley Paint & Decorating,SME,Trade Counter,UK - South,GBP,Existing (pre-FY24),Standard,INV-016793,PR-1001,Industrial Finish 723,Industrial Protective,6,151.04,151.04,0.856,906.23,906.23,906.23,80.03,480.19,FY24,FY24 Q1
2023-04-05,2023-04,C0352,Burnham Distribution,SME,Trade Counter,UK - Midlands,GBP,Existing (pre-FY24),Standard,INV-017091,EP-1214,Architectural Clearcoat 734,Architectural Trade,1,54.55,54.55,0.856,54.55,54.55,54.55,38.0,38.0,FY24,FY24 Q1
2023-04-05,2023-04,C0169,Alderley Contracting,SME,Trade Counter,Ireland,EUR,Existing (pre-FY24),Standard,INV-013044,PU-1209,Architectural Topcoat 701,Architectural Trade,4,99.28,85.58,0.856,397.1,339.92,342.32,49.78,199.13,FY24,FY24 Q1
2023-04-05,2023-04,C0299,Ferndale Industrial Supplies,SME,E-commerce,EU - Benelux,EUR,Existing (pre-FY24),Standard,INV-015884,DX-1102,Marine Clearcoat 265,Marine & Offshore,3,229.79,198.09,0.856,689.37,590.1,594.27,117.87,353.6,FY24,FY24 Q1
2023-04-05,2023-04,C0353,Coniston Finishing Ltd,SME,Direct Sales,UK - Midlands,GBP,Existing (pre-FY24),Standard,INV-017096,AC-1306,Powder Clearcoat 916,Powder Coatings,1,96.6,96.6,0.856,96.6,96.6,96.6,54.01,54.01,FY24,FY24 Q1
2023-04-05,2023-04,C0353,Coniston Finishing Ltd,SME,Direct Sales,UK - Midlands,GBP,Existing (pre-FY24),Standard,INV-017096,MX-1010,Industrial Clearcoat 270,Industrial Protective,1,163.9,163.9,0.856,163.9,163.9,163.9,88.62,88.62,FY24,FY24 Q1
2023-04-05,2023-04,C0407,Caldera Surface Technologies,Distributor,Distributor,UK - North,GBP,Existing (pre-FY24),Standard,INV-020011,MX-1002,Industrial Intermediate 850,Industrial Protective,2,142.24,142.24,0.856,284.49,284.49,284.49,114.22,228.44,FY24,FY24 Q1
