practice_id,month,fiscal_year,cohort,acquired_month,region,revenue,visits,reviews,rating,in_group
P001,2022-10,FY23,Legacy,,Scotland,96388.0,1004.0,26,4.83,1
P001,2022-11,FY23,Legacy,,Scotland,96035.0,1000.0,19,4.83,1
P001,2022-12,FY23,Legacy,,Scotland,86709.0,903.0,16,4.83,1
P001,2023-01,FY23,Legacy,,Scotland,98296.0,1024.0,31,4.83,1
P001,2023-02,FY23,Legacy,,Scotland,91647.0,955.0,15,4.83,1
P001,2023-03,FY23,Legacy,,Scotland,97574.0,1016.0,14,4.83,1
P001,2023-04,FY24,Legacy,,Scotland,105844.0,1103.0,19,4.83,1
P001,2023-05,FY24,Legacy,,Scotland,97444.0,1015.0,25,4.83,1
P001,2023-06,FY24,Legacy,,Scotland,108487.0,1130.0,22,4.83,1
P001,2023-07,FY24,Legacy,,Scotland,113726.0,1185.0,21,4.83,1
P001,2023-08,FY24,Legacy,,Scotland,104675.0,1090.0,25,4.83,1
P001,2023-09,FY24,Legacy,,Scotland,102365.0,1066.0,22,4.83,1
P001,2023-10,FY24,Legacy,,Scotland,106846.0,1113.0,20,4.83,1
P001,2023-11,FY24,Legacy,,Scotland,90943.0,947.0,29,4.83,1
P001,2023-12,FY24,Legacy,,Scotland,88660.0,924.0,31,4.83,1
P001,2024-01,FY24,Legacy,,Scotland,105753.0,1102.0,21,4.83,1
P001,2024-02,FY24,Legacy,,Scotland,92600.0,965.0,12,4.83,1
P001,2024-03,FY24,Legacy,,Scotland,120484.0,1255.0,28,4.83,1
P001,2024-04,FY25,Legacy,,Scotland,105954.0,1104.0,20,4.83,1
P001,2024-05,FY25,Legacy,,Scotland,117184.0,1221.0,26,4.83,1
P001,2024-06,FY25,Legacy,,Scotland,117465.0,1224.0,26,4.83,1
P001,2024-07,FY25,Legacy,,Scotland,112317.0,1170.0,29,4.83,1
P001,2024-08,FY25,Legacy,,Scotland,107982.0,1125.0,23,4.83,1
P001,2024-09,FY25,Legacy,,Scotland,107744.0,1122.0,31,4.83,1
P001,2024-10,FY25,Legacy,,Scotland,107856.0,1124.0,18,4.83,1
P001,2024-11,FY25,Legacy,,Scotland,109358.0,1139.0,20,4.83,1
P001,2024-12,FY25,Legacy,,Scotland,97951.0,1020.0,26,4.83,1
P001,2025-01,FY25,Legacy,,Scotland,94970.0,989.0,21,4.83,1
P001,2025-02,FY25,Legacy,,Scotland,106078.0,1105.0,27,4.83,1
P001,2025-03,FY25,Legacy,,Scotland,116426.0,1213.0,22,4.83,1
P002,2022-10,FY23,Legacy,,South East,84375.0,879.0,11,4.59,1
P002,2022-11,FY23,Legacy,,South East,75626.0,788.0,19,4.59,1
P002,2022-12,FY23,Legacy,,South East,73606.0,767.0,13,4.59,1
P002,2023-01,FY23,Legacy,,South East,73423.0,765.0,17,4.59,1
P002,2023-02,FY23,Legacy,,South East,79054.0,823.0,14,4.59,1
P002,2023-03,FY23,Legacy,,South East,88435.0,921.0,21,4.59,1
P002,2023-04,FY24,Legacy,,South East,82663.0,861.0,19,4.59,1
P002,2023-05,FY24,Legacy,,South East,100391.0,1046.0,23,4.59,1
P002,2023-06,FY24,Legacy,,South East,94873.0,988.0,26,4.59,1
P002,2023-07,FY24,Legacy,,South East,80310.0,837.0,14,4.59,1
P002,2023-08,FY24,Legacy,,South East,83455.0,869.0,18,4.59,1
P002,2023-09,FY24,Legacy,,South East,84802.0,883.0,14,4.59,1
P002,2023-10,FY24,Legacy,,South East,88446.0,921.0,13,4.59,1
P002,2023-11,FY24,Legacy,,South East,98005.0,1021.0,23,4.59,1
P002,2023-12,FY24,Legacy,,South East,78019.0,813.0,16,4.59,1
P002,2024-01,FY24,Legacy,,South East,80570.0,839.0,24,4.59,1
P002,2024-02,FY24,Legacy,,South East,86315.0,899.0,15,4.59,1
P002,2024-03,FY24,Legacy,,South East,94767.0,987.0,27,4.59,1
P002,2024-04,FY25,Legacy,,South East,90795.0,946.0,26,4.59,1
P002,2024-05,FY25,Legacy,,South East,96305.0,1003.0,22,4.59,1
P002,2024-06,FY25,Legacy,,South East,93648.0,976.0,21,4.59,1
P002,2024-07,FY25,Legacy,,South East,89719.0,935.0,16,4.59,1
P002,2024-08,FY25,Legacy,,South East,100904.0,1051.0,23,4.59,1
P002,2024-09,FY25,Legacy,,South East,83273.0,867.0,19,4.59,1
P002,2024-10,FY25,Legacy,,South East,95803.0,998.0,13,4.59,1
P002,2024-11,FY25,Legacy,,South East,89902.0,936.0,14,4.59,1
P002,2024-12,FY25,Legacy,,South East,87473.0,911.0,17,4.59,1
P002,2025-01,FY25,Legacy,,South East,82211.0,856.0,23,4.59,1
P002,2025-02,FY25,Legacy,,South East,91673.0,955.0,22,4.59,1
P002,2025-03,FY25,Legacy,,South East,93457.0,974.0,27,4.59,1
P003,2022-10,FY23,Legacy,,Scotland,92785.0,967.0,20,4.46,1
P003,2022-11,FY23,Legacy,,Scotland,83142.0,866.0,17,4.46,1
P003,2022-12,FY23,Legacy,,Scotland,83402.0,869.0,15,4.46,1
P003,2023-01,FY23,Legacy,,Scotland,83767.0,873.0,11,4.46,1
P003,2023-02,FY23,Legacy,,Scotland,84829.0,884.0,22,4.46,1
P003,2023-03,FY23,Legacy,,Scotland,92642.0,965.0,24,4.46,1
P003,2023-04,FY24,Legacy,,Scotland,92283.0,961.0,24,4.46,1
P003,2023-05,FY24,Legacy,,Scotland,79846.0,832.0,19,4.46,1
P003,2023-06,FY24,Legacy,,Scotland,92345.0,962.0,18,4.46,1
P003,2023-07,FY24,Legacy,,Scotland,81700.0,851.0,18,4.46,1
P003,2023-08,FY24,Legacy,,Scotland,96708.0,1007.0,19,4.46,1
P003,2023-09,FY24,Legacy,,Scotland,85326.0,889.0,16,4.46,1
P003,2023-10,FY24,Legacy,,Scotland,84244.0,878.0,19,4.46,1
P003,2023-11,FY24,Legacy,,Scotland,84014.0,875.0,20,4.46,1
P003,2023-12,FY24,Legacy,,Scotland,77221.0,804.0,17,4.46,1
P003,2024-01,FY24,Legacy,,Scotland,88765.0,925.0,20,4.46,1
P003,2024-02,FY24,Legacy,,Scotland,88098.0,918.0,19,4.46,1
P003,2024-03,FY24,Legacy,,Scotland,79311.0,826.0,22,4.46,1
P003,2024-04,FY25,Legacy,,Scotland,87908.0,916.0,19,4.46,1
P003,2024-05,FY25,Legacy,,Scotland,98152.0,1022.0,21,4.46,1
P003,2024-06,FY25,Legacy,,Scotland,95257.0,992.0,25,4.46,1
P003,2024-07,FY25,Legacy,,Scotland,92643.0,965.0,23,4.46,1
P003,2024-08,FY25,Legacy,,Scotland,95170.0,991.0,24,4.46,1
P003,2024-09,FY25,Legacy,,Scotland,83594.0,871.0,23,4.46,1
P003,2024-10,FY25,Legacy,,Scotland,103565.0,1079.0,28,4.46,1
P003,2024-11,FY25,Legacy,,Scotland,85352.0,889.0,13,4.46,1
P003,2024-12,FY25,Legacy,,Scotland,90635.0,944.0,13,4.46,1
P003,2025-01,FY25,Legacy,,Scotland,88533.0,922.0,15,4.46,1
P003,2025-02,FY25,Legacy,,Scotland,84091.0,876.0,22,4.46,1
P003,2025-03,FY25,Legacy,,Scotland,85222.0,888.0,14,4.46,1
P004,2022-10,FY23,Legacy,,North West,73351.0,764.0,15,4.47,1
P004,2022-11,FY23,Legacy,,North West,66188.0,689.0,16,4.47,1
P004,2022-12,FY23,Legacy,,North West,62823.0,654.0,15,4.47,1
P004,2023-01,FY23,Legacy,,North West,62599.0,652.0,13,4.47,1
P004,2023-02,FY23,Legacy,,North West,64405.0,671.0,29,4.47,1
P004,2023-03,FY23,Legacy,,North West,64192.0,669.0,22,4.47,1
P004,2023-04,FY24,Legacy,,North West,63922.0,666.0,12,4.47,1
P004,2023-05,FY24,Legacy,,North West,80423.0,838.0,17,4.47,1
P004,2023-06,FY24,Legacy,,North West,74408.0,775.0,20,4.47,1
P004,2023-07,FY24,Legacy,,North West,73700.0,768.0,22,4.47,1
P004,2023-08,FY24,Legacy,,North West,65500.0,682.0,9,4.47,1
P004,2023-09,FY24,Legacy,,North West,84001.0,875.0,16,4.47,1
P004,2023-10,FY24,Legacy,,North West,69611.0,725.0,10,4.47,1
P004,2023-11,FY24,Legacy,,North West,75736.0,789.0,17,4.47,1
P004,2023-12,FY24,Legacy,,North West,62548.0,652.0,16,4.47,1
P004,2024-01,FY24,Legacy,,North West,69888.0,728.0,18,4.47,1
P004,2024-02,FY24,Legacy,,North West,62191.0,648.0,10,4.47,1
P004,2024-03,FY24,Legacy,,North West,77112.0,803.0,10,4.47,1
P004,2024-04,FY25,Legacy,,North West,75782.0,789.0,16,4.47,1
P004,2024-05,FY25,Legacy,,North West,75282.0,784.0,25,4.47,1
P004,2024-06,FY25,Legacy,,North West,92700.0,966.0,28,4.47,1
P004,2024-07,FY25,Legacy,,North West,64332.0,670.0,16,4.47,1
P004,2024-08,FY25,Legacy,,North West,66446.0,692.0,19,4.47,1
P004,2024-09,FY25,Legacy,,North West,73571.0,766.0,17,4.47,1
P004,2024-10,FY25,Legacy,,North West,76521.0,797.0,18,4.47,1
P004,2024-11,FY25,Legacy,,North West,74707.0,778.0,16,4.47,1
P004,2024-12,FY25,Legacy,,North West,64955.0,677.0,11,4.47,1
P004,2025-01,FY25,Legacy,,North West,76334.0,795.0,19,4.47,1
P004,2025-02,FY25,Legacy,,North West,75714.0,789.0,16,4.47,1
P004,2025-03,FY25,Legacy,,North West,81311.0,847.0,25,4.47,1
P005,2022-10,FY23,Legacy,,North East,67897.0,707.0,16,4.27,1
P005,2022-11,FY23,Legacy,,North East,61722.0,643.0,14,4.27,1
P005,2022-12,FY23,Legacy,,North East,62718.0,653.0,17,4.27,1
P005,2023-01,FY23,Legacy,,North East,74874.0,780.0,16,4.27,1
P005,2023-02,FY23,Legacy,,North East,62621.0,652.0,16,4.27,1
P005,2023-03,FY23,Legacy,,North East,71813.0,748.0,19,4.27,1
P005,2023-04,FY24,Legacy,,North East,62836.0,655.0,11,4.27,1
P005,2023-05,FY24,Legacy,,North East,71826.0,748.0,9,4.27,1
P005,2023-06,FY24,Legacy,,North East,74450.0,776.0,21,4.27,1
P005,2023-07,FY24,Legacy,,North East,69369.0,723.0,16,4.27,1
P005,2023-08,FY24,Legacy,,North East,76347.0,795.0,15,4.27,1
P005,2023-09,FY24,Legacy,,North East,65779.0,685.0,15,4.27,1
P005,2023-10,FY24,Legacy,,North East,64487.0,672.0,11,4.27,1
P005,2023-11,FY24,Legacy,,North East,67596.0,704.0,16,4.27,1
P005,2023-12,FY24,Legacy,,North East,60577.0,631.0,11,4.27,1
P005,2024-01,FY24,Legacy,,North East,69819.0,727.0,11,4.27,1
P005,2024-02,FY24,Legacy,,North East,67911.0,707.0,20,4.27,1
P005,2024-03,FY24,Legacy,,North East,77488.0,807.0,14,4.27,1
P005,2024-04,FY25,Legacy,,North East,65147.0,679.0,16,4.27,1
P005,2024-05,FY25,Legacy,,North East,76362.0,795.0,21,4.27,1
P005,2024-06,FY25,Legacy,,North East,69672.0,726.0,19,4.27,1
P005,2024-07,FY25,Legacy,,North East,75870.0,790.0,15,4.27,1
P005,2024-08,FY25,Legacy,,North East,71708.0,747.0,9,4.27,1
P005,2024-09,FY25,Legacy,,North East,67040.0,698.0,22,4.27,1
P005,2024-10,FY25,Legacy,,North East,78187.0,814.0,18,4.27,1
P005,2024-11,FY25,Legacy,,North East,75253.0,784.0,10,4.27,1
P005,2024-12,FY25,Legacy,,North East,64463.0,671.0,12,4.27,1
P005,2025-01,FY25,Legacy,,North East,71901.0,749.0,14,4.27,1
P005,2025-02,FY25,Legacy,,North East,68957.0,718.0,17,4.27,1
P005,2025-03,FY25,Legacy,,North East,77496.0,807.0,16,4.27,1
P006,2022-10,FY23,Legacy,,North East,80374.0,837.0,20,4.15,1
P006,2022-11,FY23,Legacy,,North East,72522.0,755.0,11,4.15,1
P006,2022-12,FY23,Legacy,,North East,69457.0,724.0,15,4.15,1
P006,2023-01,FY23,Legacy,,North East,76372.0,796.0,15,4.15,1
P006,2023-02,FY23,Legacy,,North East,82961.0,864.0,20,4.15,1
P006,2023-03,FY23,Legacy,,North East,78944.0,822.0,21,4.15,1
P006,2023-04,FY24,Legacy,,North East,84975.0,885.0,15,4.15,1
P006,2023-05,FY24,Legacy,,North East,103667.0,1080.0,17,4.15,1
P006,2023-06,FY24,Legacy,,North East,83401.0,869.0,24,4.15,1
P006,2023-07,FY24,Legacy,,North East,76415.0,796.0,11,4.15,1
P006,2023-08,FY24,Legacy,,North East,82902.0,864.0,15,4.15,1
P006,2023-09,FY24,Legacy,,North East,76303.0,795.0,16,4.15,1
P006,2023-10,FY24,Legacy,,North East,78559.0,818.0,11,4.15,1
P006,2023-11,FY24,Legacy,,North East,85826.0,894.0,18,4.15,1
P006,2023-12,FY24,Legacy,,North East,69683.0,726.0,13,4.15,1
P006,2024-01,FY24,Legacy,,North East,75563.0,787.0,19,4.15,1
P006,2024-02,FY24,Legacy,,North East,82150.0,856.0,24,4.15,1
P006,2024-03,FY24,Legacy,,North East,95903.0,999.0,25,4.15,1
P006,2024-04,FY25,Legacy,,North East,78932.0,822.0,24,4.15,1
P006,2024-05,FY25,Legacy,,North East,91776.0,956.0,27,4.15,1
P006,2024-06,FY25,Legacy,,North East,95441.0,994.0,23,4.15,1
P006,2024-07,FY25,Legacy,,North East,98061.0,1021.0,32,4.15,1
P006,2024-08,FY25,Legacy,,North East,76698.0,799.0,22,4.15,1
P006,2024-09,FY25,Legacy,,North East,76332.0,795.0,11,4.15,1
P006,2024-10,FY25,Legacy,,North East,80230.0,836.0,13,4.15,1
P006,2024-11,FY25,Legacy,,North East,79455.0,828.0,6,4.15,1
P006,2024-12,FY25,Legacy,,North East,89183.0,929.0,29,4.15,1
P006,2025-01,FY25,Legacy,,North East,92735.0,966.0,19,4.15,1
P006,2025-02,FY25,Legacy,,North East,80767.0,841.0,22,4.15,1
P006,2025-03,FY25,Legacy,,North East,88489.0,922.0,19,4.15,1
P007,2022-10,FY23,Legacy,,Wales,59980.0,625.0,18,4.5,1
P007,2022-11,FY23,Legacy,,Wales,53059.0,553.0,11,4.5,1
P007,2022-12,FY23,Legacy,,Wales,53156.0,554.0,13,4.5,1
P007,2023-01,FY23,Legacy,,Wales,58575.0,610.0,17,4.5,1
P007,2023-02,FY23,Legacy,,Wales,50714.0,528.0,10,4.5,1
P007,2023-03,FY23,Legacy,,Wales,51247.0,534.0,15,4.5,1
P007,2023-04,FY24,Legacy,,Wales,51870.0,540.0,10,4.5,1
P007,2023-05,FY24,Legacy,,Wales,62445.0,650.0,18,4.5,1
P007,2023-06,FY24,Legacy,,Wales,59291.0,618.0,10,4.5,1
P007,2023-07,FY24,Legacy,,Wales,52201.0,544.0,10,4.5,1
P007,2023-08,FY24,Legacy,,Wales,59039.0,615.0,15,4.5,1
P007,2023-09,FY24,Legacy,,Wales,57985.0,604.0,10,4.5,1
P007,2023-10,FY24,Legacy,,Wales,62690.0,653.0,15,4.5,1
P007,2023-11,FY24,Legacy,,Wales,59372.0,618.0,11,4.5,1
P007,2023-12,FY24,Legacy,,Wales,46382.0,483.0,10,4.5,1
P007,2024-01,FY24,Legacy,,Wales,55139.0,574.0,15,4.5,1
P007,2024-02,FY24,Legacy,,Wales,51194.0,533.0,15,4.5,1
P007,2024-03,FY24,Legacy,,Wales,55147.0,574.0,11,4.5,1
P007,2024-04,FY25,Legacy,,Wales,51997.0,542.0,7,4.5,1
P007,2024-05,FY25,Legacy,,Wales,52103.0,543.0,13,4.5,1
P007,2024-06,FY25,Legacy,,Wales,56422.0,588.0,12,4.5,1
P007,2024-07,FY25,Legacy,,Wales,57061.0,594.0,15,4.5,1
P007,2024-08,FY25,Legacy,,Wales,53276.0,555.0,10,4.5,1
P007,2024-09,FY25,Legacy,,Wales,57592.0,600.0,11,4.5,1
P007,2024-10,FY25,Legacy,,Wales,61202.0,638.0,10,4.5,1
P007,2024-11,FY25,Legacy,,Wales,53481.0,557.0,13,4.5,1
P007,2024-12,FY25,Legacy,,Wales,59727.0,622.0,16,4.5,1
P007,2025-01,FY25,Legacy,,Wales,65083.0,678.0,12,4.5,1
P007,2025-02,FY25,Legacy,,Wales,56067.0,584.0,17,4.5,1
P007,2025-03,FY25,Legacy,,Wales,63101.0,657.0,10,4.5,1
P008,2022-10,FY23,Legacy,,North West,74093.0,772.0,10,4.38,1
P008,2022-11,FY23,Legacy,,North West,57820.0,602.0,9,4.38,1
P008,2022-12,FY23,Legacy,,North West,69700.0,726.0,18,4.38,1
P008,2023-01,FY23,Legacy,,North West,60863.0,634.0,11,4.38,1
P008,2023-02,FY23,Legacy,,North West,65019.0,677.0,12,4.38,1
P008,2023-03,FY23,Legacy,,North West,64278.0,670.0,16,4.38,1
P008,2023-04,FY24,Legacy,,North West,66893.0,697.0,14,4.38,1
P008,2023-05,FY24,Legacy,,North West,69456.0,723.0,12,4.38,1
P008,2023-06,FY24,Legacy,,North West,71557.0,745.0,14,4.38,1
P008,2023-07,FY24,Legacy,,North West,80188.0,835.0,22,4.38,1
P008,2023-08,FY24,Legacy,,North West,64992.0,677.0,13,4.38,1
P008,2023-09,FY24,Legacy,,North West,55889.0,582.0,7,4.38,1
P008,2023-10,FY24,Legacy,,North West,65200.0,679.0,13,4.38,1
P008,2023-11,FY24,Legacy,,North West,68719.0,716.0,12,4.38,1
P008,2023-12,FY24,Legacy,,North West,60064.0,626.0,10,4.38,1
P008,2024-01,FY24,Legacy,,North West,63838.0,665.0,16,4.38,1
P008,2024-02,FY24,Legacy,,North West,65536.0,683.0,19,4.38,1
P008,2024-03,FY24,Legacy,,North West,68497.0,714.0,19,4.38,1
P008,2024-04,FY25,Legacy,,North West,76843.0,800.0,15,4.38,1
P008,2024-05,FY25,Legacy,,North West,82655.0,861.0,17,4.38,1
P008,2024-06,FY25,Legacy,,North West,74313.0,774.0,21,4.38,1
P008,2024-07,FY25,Legacy,,North West,70438.0,734.0,17,4.38,1
P008,2024-08,FY25,Legacy,,North West,73134.0,762.0,15,4.38,1
P008,2024-09,FY25,Legacy,,North West,89267.0,930.0,19,4.38,1
P008,2024-10,FY25,Legacy,,North West,65293.0,680.0,8,4.38,1
P008,2024-11,FY25,Legacy,,North West,76167.0,793.0,12,4.38,1
P008,2024-12,FY25,Legacy,,North West,67117.0,699.0,23,4.38,1
P008,2025-01,FY25,Legacy,,North West,70675.0,736.0,16,4.38,1
P008,2025-02,FY25,Legacy,,North West,64933.0,676.0,14,4.38,1
P008,2025-03,FY25,Legacy,,North West,67898.0,707.0,10,4.38,1
P009,2022-10,FY23,Legacy,,North East,47950.0,499.0,9,4.43,1
P009,2022-11,FY23,Legacy,,North East,42334.0,441.0,4,4.43,1
P009,2022-12,FY23,Legacy,,North East,42669.0,444.0,7,4.43,1
P009,2023-01,FY23,Legacy,,North East,52958.0,552.0,10,4.43,1
P009,2023-02,FY23,Legacy,,North East,44351.0,462.0,7,4.43,1
P009,2023-03,FY23,Legacy,,North East,49381.0,514.0,11,4.43,1
P009,2023-04,FY24,Legacy,,North East,45128.0,470.0,13,4.43,1
P009,2023-05,FY24,Legacy,,North East,56885.0,593.0,16,4.43,1
P009,2023-06,FY24,Legacy,,North East,52186.0,544.0,8,4.43,1
P009,2023-07,FY24,Legacy,,North East,48405.0,504.0,14,4.43,1
P009,2023-08,FY24,Legacy,,North East,46569.0,485.0,6,4.43,1
P009,2023-09,FY24,Legacy,,North East,48888.0,509.0,8,4.43,1
P009,2023-10,FY24,Legacy,,North East,51731.0,539.0,7,4.43,1
P009,2023-11,FY24,Legacy,,North East,44629.0,465.0,13,4.43,1
P009,2023-12,FY24,Legacy,,North East,46529.0,485.0,7,4.43,1
P009,2024-01,FY24,Legacy,,North East,43836.0,457.0,10,4.43,1
P009,2024-02,FY24,Legacy,,North East,46537.0,485.0,12,4.43,1
P009,2024-03,FY24,Legacy,,North East,47480.0,495.0,6,4.43,1
P009,2024-04,FY25,Legacy,,North East,57070.0,594.0,9,4.43,1
P009,2024-05,FY25,Legacy,,North East,57427.0,598.0,11,4.43,1
P009,2024-06,FY25,Legacy,,North East,54150.0,564.0,8,4.43,1
P009,2024-07,FY25,Legacy,,North East,49903.0,520.0,11,4.43,1
P009,2024-08,FY25,Legacy,,North East,45594.0,475.0,10,4.43,1
P009,2024-09,FY25,Legacy,,North East,52620.0,548.0,7,4.43,1
P009,2024-10,FY25,Legacy,,North East,57264.0,597.0,12,4.43,1
P009,2024-11,FY25,Legacy,,North East,55445.0,578.0,12,4.43,1
P009,2024-12,FY25,Legacy,,North East,51737.0,539.0,14,4.43,1
P009,2025-01,FY25,Legacy,,North East,50846.0,530.0,12,4.43,1
P009,2025-02,FY25,Legacy,,North East,42248.0,440.0,3,4.43,1
P009,2025-03,FY25,Legacy,,North East,55876.0,582.0,11,4.43,1
P010,2022-10,FY23,Legacy,,South West,112117.0,1168.0,24,4.11,1
P010,2022-11,FY23,Legacy,,South West,108744.0,1133.0,30,4.11,1
P010,2022-12,FY23,Legacy,,South West,89168.0,929.0,20,4.11,1
P010,2023-01,FY23,Legacy,,South West,98384.0,1025.0,25,4.11,1
P010,2023-02,FY23,Legacy,,South West,105701.0,1101.0,21,4.11,1
P010,2023-03,FY23,Legacy,,South West,103362.0,1077.0,21,4.11,1
P010,2023-04,FY24,Legacy,,South West,111280.0,1159.0,24,4.11,1
P010,2023-05,FY24,Legacy,,South West,120755.0,1258.0,31,4.11,1
P010,2023-06,FY24,Legacy,,South West,129998.0,1354.0,31,4.11,1
P010,2023-07,FY24,Legacy,,South West,120789.0,1258.0,26,4.11,1
P010,2023-08,FY24,Legacy,,South West,104777.0,1091.0,16,4.11,1
P010,2023-09,FY24,Legacy,,South West,102827.0,1071.0,22,4.11,1
P010,2023-10,FY24,Legacy,,South West,103258.0,1076.0,21,4.11,1
P010,2023-11,FY24,Legacy,,South West,107124.0,1116.0,13,4.11,1
P010,2023-12,FY24,Legacy,,South West,102657.0,1069.0,17,4.11,1
P010,2024-01,FY24,Legacy,,South West,101820.0,1061.0,26,4.11,1
P010,2024-02,FY24,Legacy,,South West,116227.0,1211.0,27,4.11,1
P010,2024-03,FY24,Legacy,,South West,127615.0,1329.0,22,4.11,1
P010,2024-04,FY25,Legacy,,South West,109727.0,1143.0,24,4.11,1
P010,2024-05,FY25,Legacy,,South West,127601.0,1329.0,34,4.11,1
P010,2024-06,FY25,Legacy,,South West,132675.0,1382.0,25,4.11,1
P010,2024-07,FY25,Legacy,,South West,127732.0,1331.0,21,4.11,1
P010,2024-08,FY25,Legacy,,South West,122972.0,1281.0,30,4.11,1
P010,2024-09,FY25,Legacy,,South West,123899.0,1291.0,24,4.11,1
P010,2024-10,FY25,Legacy,,South West,122045.0,1271.0,26,4.11,1
P010,2024-11,FY25,Legacy,,South West,119038.0,1240.0,26,4.11,1
P010,2024-12,FY25,Legacy,,South West,121083.0,1261.0,32,4.11,1
P010,2025-01,FY25,Legacy,,South West,110054.0,1146.0,22,4.11,1
P010,2025-02,FY25,Legacy,,South West,122842.0,1280.0,20,4.11,1
P010,2025-03,FY25,Legacy,,South West,128904.0,1343.0,32,4.11,1
P011,2022-10,FY23,Legacy,,Midlands,68386.0,712.0,17,4.39,1
P011,2022-11,FY23,Legacy,,Midlands,65267.0,680.0,17,4.39,1
P011,2022-12,FY23,Legacy,,Midlands,68459.0,713.0,13,4.39,1
P011,2023-01,FY23,Legacy,,Midlands,68282.0,711.0,14,4.39,1
P011,2023-02,FY23,Legacy,,Midlands,63923.0,666.0,11,4.39,1
P011,2023-03,FY23,Legacy,,Midlands,74656.0,778.0,24,4.39,1
P011,2023-04,FY24,Legacy,,Midlands,69040.0,719.0,16,4.39,1
P011,2023-05,FY24,Legacy,,Midlands,75399.0,785.0,16,4.39,1
P011,2023-06,FY24,Legacy,,Midlands,80672.0,840.0,23,4.39,1
P011,2023-07,FY24,Legacy,,Midlands,81617.0,850.0,14,4.39,1
P011,2023-08,FY24,Legacy,,Midlands,73449.0,765.0,10,4.39,1
P011,2023-09,FY24,Legacy,,Midlands,67023.0,698.0,19,4.39,1
P011,2023-10,FY24,Legacy,,Midlands,72452.0,755.0,10,4.39,1
P011,2023-11,FY24,Legacy,,Midlands,72706.0,757.0,17,4.39,1
P011,2023-12,FY24,Legacy,,Midlands,63510.0,662.0,20,4.39,1
P011,2024-01,FY24,Legacy,,Midlands,74680.0,778.0,17,4.39,1
P011,2024-02,FY24,Legacy,,Midlands,76175.0,793.0,20,4.39,1
P011,2024-03,FY24,Legacy,,Midlands,74841.0,780.0,21,4.39,1
P011,2024-04,FY25,Legacy,,Midlands,76838.0,800.0,14,4.39,1
P011,2024-05,FY25,Legacy,,Midlands,88373.0,921.0,19,4.39,1
P011,2024-06,FY25,Legacy,,Midlands,82128.0,855.0,14,4.39,1
P011,2024-07,FY25,Legacy,,Midlands,86108.0,897.0,17,4.39,1
P011,2024-08,FY25,Legacy,,Midlands,78918.0,822.0,20,4.39,1
P011,2024-09,FY25,Legacy,,Midlands,83951.0,874.0,22,4.39,1
P011,2024-10,FY25,Legacy,,Midlands,80452.0,838.0,18,4.39,1
P011,2024-11,FY25,Legacy,,Midlands,84997.0,885.0,17,4.39,1
P011,2024-12,FY25,Legacy,,Midlands,71453.0,744.0,9,4.39,1
P011,2025-01,FY25,Legacy,,Midlands,82271.0,857.0,17,4.39,1
P011,2025-02,FY25,Legacy,,Midlands,75178.0,783.0,17,4.39,1
P011,2025-03,FY25,Legacy,,Midlands,81920.0,853.0,19,4.39,1
P012,2022-10,FY23,Legacy,,North East,76661.0,799.0,20,4.41,1
P012,2022-11,FY23,Legacy,,North East,80372.0,837.0,19,4.41,1
P012,2022-12,FY23,Legacy,,North East,75743.0,789.0,25,4.41,1
P012,2023-01,FY23,Legacy,,North East,79448.0,828.0,16,4.41,1
P012,2023-02,FY23,Legacy,,North East,70600.0,735.0,12,4.41,1
P012,2023-03,FY23,Legacy,,North East,82932.0,864.0,18,4.41,1
P012,2023-04,FY24,Legacy,,North East,81605.0,850.0,14,4.41,1
P012,2023-05,FY24,Legacy,,North East,78257.0,815.0,21,4.41,1
P012,2023-06,FY24,Legacy,,North East,86541.0,901.0,15,4.41,1
P012,2023-07,FY24,Legacy,,North East,88477.0,922.0,25,4.41,1
P012,2023-08,FY24,Legacy,,North East,85537.0,891.0,28,4.41,1
P012,2023-09,FY24,Legacy,,North East,80311.0,837.0,17,4.41,1
P012,2023-10,FY24,Legacy,,North East,83210.0,867.0,17,4.41,1
P012,2023-11,FY24,Legacy,,North East,87174.0,908.0,13,4.41,1
P012,2023-12,FY24,Legacy,,North East,90462.0,942.0,18,4.41,1
P012,2024-01,FY24,Legacy,,North East,73711.0,768.0,14,4.41,1
P012,2024-02,FY24,Legacy,,North East,72065.0,751.0,14,4.41,1
P012,2024-03,FY24,Legacy,,North East,89100.0,928.0,10,4.41,1
P012,2024-04,FY25,Legacy,,North East,95262.0,992.0,20,4.41,1
P012,2024-05,FY25,Legacy,,North East,89675.0,934.0,28,4.41,1
P012,2024-06,FY25,Legacy,,North East,85985.0,896.0,25,4.41,1
P012,2024-07,FY25,Legacy,,North East,88008.0,917.0,19,4.41,1
P012,2024-08,FY25,Legacy,,North East,90250.0,940.0,18,4.41,1
P012,2024-09,FY25,Legacy,,North East,94860.0,988.0,16,4.41,1
P012,2024-10,FY25,Legacy,,North East,93138.0,970.0,25,4.41,1
P012,2024-11,FY25,Legacy,,North East,82234.0,857.0,13,4.41,1
P012,2024-12,FY25,Legacy,,North East,85654.0,892.0,17,4.41,1
P012,2025-01,FY25,Legacy,,North East,85226.0,888.0,18,4.41,1
P012,2025-02,FY25,Legacy,,North East,89901.0,936.0,21,4.41,1
P012,2025-03,FY25,Legacy,,North East,96295.0,1003.0,18,4.41,1
P013,2022-10,FY23,Legacy,,Midlands,40214.0,419.0,9,4.03,1
P013,2022-11,FY23,Legacy,,Midlands,42180.0,439.0,4,4.03,1
P013,2022-12,FY23,Legacy,,Midlands,36996.0,385.0,7,4.03,1
P013,2023-01,FY23,Legacy,,Midlands,42590.0,444.0,12,4.03,1
P013,2023-02,FY23,Legacy,,Midlands,42938.0,447.0,6,4.03,1
P013,2023-03,FY23,Legacy,,Midlands,44796.0,467.0,7,4.03,1
P013,2023-04,FY24,Legacy,,Midlands,42991.0,448.0,10,4.03,1
P013,2023-05,FY24,Legacy,,Midlands,44021.0,459.0,9,4.03,1
P013,2023-06,FY24,Legacy,,Midlands,46956.0,489.0,8,4.03,1
P013,2023-07,FY24,Legacy,,Midlands,42857.0,446.0,11,4.03,1
P013,2023-08,FY24,Legacy,,Midlands,42985.0,448.0,11,4.03,1
P013,2023-09,FY24,Legacy,,Midlands,50160.0,522.0,10,4.03,1
P013,2023-10,FY24,Legacy,,Midlands,45953.0,479.0,11,4.03,1
P013,2023-11,FY24,Legacy,,Midlands,45941.0,479.0,12,4.03,1
P013,2023-12,FY24,Legacy,,Midlands,43801.0,456.0,8,4.03,1
P013,2024-01,FY24,Legacy,,Midlands,51207.0,533.0,18,4.03,1
P013,2024-02,FY24,Legacy,,Midlands,42595.0,444.0,10,4.03,1
P013,2024-03,FY24,Legacy,,Midlands,38184.0,398.0,10,4.03,1
P013,2024-04,FY25,Legacy,,Midlands,43928.0,458.0,9,4.03,1
P013,2024-05,FY25,Legacy,,Midlands,46255.0,482.0,16,4.03,1
P013,2024-06,FY25,Legacy,,Midlands,47752.0,497.0,7,4.03,1
P013,2024-07,FY25,Legacy,,Midlands,49328.0,514.0,10,4.03,1
P013,2024-08,FY25,Legacy,,Midlands,46591.0,485.0,12,4.03,1
P013,2024-09,FY25,Legacy,,Midlands,50505.0,526.0,9,4.03,1
P013,2024-10,FY25,Legacy,,Midlands,41481.0,432.0,7,4.03,1
P013,2024-11,FY25,Legacy,,Midlands,42449.0,442.0,8,4.03,1
P013,2024-12,FY25,Legacy,,Midlands,42804.0,446.0,10,4.03,1
P013,2025-01,FY25,Legacy,,Midlands,48891.0,509.0,11,4.03,1
P013,2025-02,FY25,Legacy,,Midlands,53895.0,561.0,17,4.03,1
P013,2025-03,FY25,Legacy,,Midlands,51239.0,534.0,13,4.03,1
P014,2022-10,FY23,Legacy,,North East,103455.0,1078.0,21,4.15,1
P014,2022-11,FY23,Legacy,,North East,126447.0,1317.0,27,4.15,1
P014,2022-12,FY23,Legacy,,North East,111508.0,1162.0,22,4.15,1
P014,2023-01,FY23,Legacy,,North East,126427.0,1317.0,23,4.15,1
P014,2023-02,FY23,Legacy,,North East,99404.0,1035.0,38,4.15,1
P014,2023-03,FY23,Legacy,,North East,128014.0,1333.0,26,4.15,1
P014,2023-04,FY24,Legacy,,North East,131280.0,1368.0,32,4.15,1
P014,2023-05,FY24,Legacy,,North East,149563.0,1558.0,26,4.15,1
P014,2023-06,FY24,Legacy,,North East,114150.0,1189.0,36,4.15,1
P014,2023-07,FY24,Legacy,,North East,124156.0,1293.0,25,4.15,1
P014,2023-08,FY24,Legacy,,North East,106300.0,1107.0,20,4.15,1
P014,2023-09,FY24,Legacy,,North East,140297.0,1461.0,35,4.15,1
P014,2023-10,FY24,Legacy,,North East,133786.0,1394.0,35,4.15,1
P014,2023-11,FY24,Legacy,,North East,124513.0,1297.0,35,4.15,1
P014,2023-12,FY24,Legacy,,North East,106525.0,1110.0,23,4.15,1
P014,2024-01,FY24,Legacy,,North East,125912.0,1312.0,31,4.15,1
P014,2024-02,FY24,Legacy,,North East,109632.0,1142.0,22,4.15,1
P014,2024-03,FY24,Legacy,,North East,128962.0,1343.0,24,4.15,1
P014,2024-04,FY25,Legacy,,North East,123946.0,1291.0,34,4.15,1
P014,2024-05,FY25,Legacy,,North East,123597.0,1287.0,28,4.15,1
P014,2024-06,FY25,Legacy,,North East,136164.0,1418.0,21,4.15,1
P014,2024-07,FY25,Legacy,,North East,142190.0,1481.0,27,4.15,1
P014,2024-08,FY25,Legacy,,North East,137164.0,1429.0,25,4.15,1
P014,2024-09,FY25,Legacy,,North East,126154.0,1314.0,25,4.15,1
P014,2024-10,FY25,Legacy,,North East,128290.0,1336.0,23,4.15,1
P014,2024-11,FY25,Legacy,,North East,120198.0,1252.0,25,4.15,1
P014,2024-12,FY25,Legacy,,North East,120286.0,1253.0,18,4.15,1
P014,2025-01,FY25,Legacy,,North East,135969.0,1416.0,32,4.15,1
P014,2025-02,FY25,Legacy,,North East,119195.0,1242.0,27,4.15,1
P014,2025-03,FY25,Legacy,,North East,151165.0,1575.0,25,4.15,1
P015,2022-10,FY23,Legacy,,South West,66686.0,695.0,12,4.7,1
P015,2022-11,FY23,Legacy,,South West,60759.0,633.0,13,4.7,1
P015,2022-12,FY23,Legacy,,South West,65893.0,686.0,9,4.7,1
P015,2023-01,FY23,Legacy,,South West,66008.0,688.0,15,4.7,1
P015,2023-02,FY23,Legacy,,South West,59506.0,620.0,13,4.7,1
P015,2023-03,FY23,Legacy,,South West,64559.0,672.0,19,4.7,1
P015,2023-04,FY24,Legacy,,South West,68802.0,717.0,20,4.7,1
P015,2023-05,FY24,Legacy,,South West,70428.0,734.0,13,4.7,1
P015,2023-06,FY24,Legacy,,South West,72509.0,755.0,20,4.7,1
P015,2023-07,FY24,Legacy,,South West,72538.0,756.0,16,4.7,1
P015,2023-08,FY24,Legacy,,South West,59187.0,617.0,15,4.7,1
P015,2023-09,FY24,Legacy,,South West,56126.0,585.0,11,4.7,1
P015,2023-10,FY24,Legacy,,South West,71452.0,744.0,19,4.7,1
P015,2023-11,FY24,Legacy,,South West,67976.0,708.0,9,4.7,1
P015,2023-12,FY24,Legacy,,South West,54088.0,563.0,12,4.7,1
P015,2024-01,FY24,Legacy,,South West,73032.0,761.0,27,4.7,1
P015,2024-02,FY24,Legacy,,South West,62080.0,647.0,13,4.7,1
P015,2024-03,FY24,Legacy,,South West,68676.0,715.0,12,4.7,1
P015,2024-04,FY25,Legacy,,South West,71877.0,749.0,23,4.7,1
P015,2024-05,FY25,Legacy,,South West,74217.0,773.0,15,4.7,1
P015,2024-06,FY25,Legacy,,South West,72650.0,757.0,12,4.7,1
P015,2024-07,FY25,Legacy,,South West,67151.0,699.0,14,4.7,1
P015,2024-08,FY25,Legacy,,South West,72197.0,752.0,13,4.7,1
P015,2024-09,FY25,Legacy,,South West,69825.0,727.0,23,4.7,1
P015,2024-10,FY25,Legacy,,South West,72198.0,752.0,17,4.7,1
P015,2024-11,FY25,Legacy,,South West,77408.0,806.0,14,4.7,1
P015,2024-12,FY25,Legacy,,South West,62897.0,655.0,14,4.7,1
P015,2025-01,FY25,Legacy,,South West,76069.0,792.0,16,4.7,1
P015,2025-02,FY25,Legacy,,South West,67214.0,700.0,15,4.7,1
P015,2025-03,FY25,Legacy,,South West,73568.0,766.0,15,4.7,1
P016,2022-10,FY23,Legacy,,Midlands,55776.0,581.0,17,4.22,1
P016,2022-11,FY23,Legacy,,Midlands,58759.0,612.0,15,4.22,1
P016,2022-12,FY23,Legacy,,Midlands,57130.0,595.0,8,4.22,1
P016,2023-01,FY23,Legacy,,Midlands,63287.0,659.0,16,4.22,1
P016,2023-02,FY23,Legacy,,Midlands,58027.0,604.0,10,4.22,1
P016,2023-03,FY23,Legacy,,Midlands,54269.0,565.0,11,4.22,1
P016,2023-04,FY24,Legacy,,Midlands,63849.0,665.0,17,4.22,1
P016,2023-05,FY24,Legacy,,Midlands,63478.0,661.0,11,4.22,1
P016,2023-06,FY24,Legacy,,Midlands,62583.0,652.0,22,4.22,1
P016,2023-07,FY24,Legacy,,Midlands,66228.0,690.0,21,4.22,1
P016,2023-08,FY24,Legacy,,Midlands,62703.0,653.0,16,4.22,1
P016,2023-09,FY24,Legacy,,Midlands,62534.0,651.0,10,4.22,1
P016,2023-10,FY24,Legacy,,Midlands,58351.0,608.0,15,4.22,1
P016,2023-11,FY24,Legacy,,Midlands,54980.0,573.0,14,4.22,1
P016,2023-12,FY24,Legacy,,Midlands,59326.0,618.0,11,4.22,1
P016,2024-01,FY24,Legacy,,Midlands,67140.0,699.0,16,4.22,1
P016,2024-02,FY24,Legacy,,Midlands,69802.0,727.0,13,4.22,1
P016,2024-03,FY24,Legacy,,Midlands,57860.0,603.0,11,4.22,1
P016,2024-04,FY25,Legacy,,Midlands,65004.0,677.0,13,4.22,1
P016,2024-05,FY25,Legacy,,Midlands,64514.0,672.0,11,4.22,1
P016,2024-06,FY25,Legacy,,Midlands,69312.0,722.0,16,4.22,1
P016,2024-07,FY25,Legacy,,Midlands,81994.0,854.0,18,4.22,1
P016,2024-08,FY25,Legacy,,Midlands,65345.0,681.0,14,4.22,1
P016,2024-09,FY25,Legacy,,Midlands,65401.0,681.0,11,4.22,1
P016,2024-10,FY25,Legacy,,Midlands,75745.0,789.0,18,4.22,1
P016,2024-11,FY25,Legacy,,Midlands,67184.0,700.0,15,4.22,1
P016,2024-12,FY25,Legacy,,Midlands,58563.0,610.0,22,4.22,1
P016,2025-01,FY25,Legacy,,Midlands,66295.0,691.0,14,4.22,1
P016,2025-02,FY25,Legacy,,Midlands,66447.0,692.0,20,4.22,1
P016,2025-03,FY25,Legacy,,Midlands,74126.0,772.0,20,4.22,1
P017,2022-10,FY23,Legacy,,South West,98178.0,1023.0,21,4.46,1
P017,2022-11,FY23,Legacy,,South West,91191.0,950.0,24,4.46,1
P017,2022-12,FY23,Legacy,,South West,96973.0,1010.0,23,4.46,1
P017,2023-01,FY23,Legacy,,South West,91119.0,949.0,16,4.46,1
P017,2023-02,FY23,Legacy,,South West,86461.0,901.0,21,4.46,1
P017,2023-03,FY23,Legacy,,South West,113850.0,1186.0,23,4.46,1
P017,2023-04,FY24,Legacy,,South West,108180.0,1127.0,27,4.46,1
P017,2023-05,FY24,Legacy,,South West,112853.0,1176.0,38,4.46,1
P017,2023-06,FY24,Legacy,,South West,113038.0,1177.0,15,4.46,1
P017,2023-07,FY24,Legacy,,South West,100551.0,1047.0,21,4.46,1
P017,2023-08,FY24,Legacy,,South West,100792.0,1050.0,29,4.46,1
P017,2023-09,FY24,Legacy,,South West,117551.0,1224.0,25,4.46,1
P017,2023-10,FY24,Legacy,,South West,123790.0,1289.0,27,4.46,1
P017,2023-11,FY24,Legacy,,South West,100149.0,1043.0,22,4.46,1
P017,2023-12,FY24,Legacy,,South West,91556.0,954.0,18,4.46,1
P017,2024-01,FY24,Legacy,,South West,106095.0,1105.0,25,4.46,1
P017,2024-02,FY24,Legacy,,South West,93605.0,975.0,20,4.46,1
P017,2024-03,FY24,Legacy,,South West,108386.0,1129.0,26,4.46,1
P017,2024-04,FY25,Legacy,,South West,113599.0,1183.0,26,4.46,1
P017,2024-05,FY25,Legacy,,South West,128314.0,1337.0,29,4.46,1
P017,2024-06,FY25,Legacy,,South West,126412.0,1317.0,30,4.46,1
P017,2024-07,FY25,Legacy,,South West,103455.0,1078.0,19,4.46,1
P017,2024-08,FY25,Legacy,,South West,109436.0,1140.0,16,4.46,1
P017,2024-09,FY25,Legacy,,South West,121472.0,1265.0,23,4.46,1
P017,2024-10,FY25,Legacy,,South West,114600.0,1194.0,22,4.46,1
P017,2024-11,FY25,Legacy,,South West,106227.0,1107.0,22,4.46,1
P017,2024-12,FY25,Legacy,,South West,103335.0,1076.0,24,4.46,1
P017,2025-01,FY25,Legacy,,South West,118876.0,1238.0,26,4.46,1
P017,2025-02,FY25,Legacy,,South West,115484.0,1203.0,29,4.46,1
P017,2025-03,FY25,Legacy,,South West,112644.0,1173.0,14,4.46,1
P018,2022-10,FY23,Legacy,,South West,103230.0,1075.0,20,4.61,1
P018,2022-11,FY23,Legacy,,South West,100692.0,1049.0,19,4.61,1
P018,2022-12,FY23,Legacy,,South West,97213.0,1013.0,20,4.61,1
P018,2023-01,FY23,Legacy,,South West,106721.0,1112.0,21,4.61,1
P018,2023-02,FY23,Legacy,,South West,98016.0,1021.0,20,4.61,1
P018,2023-03,FY23,Legacy,,South West,93718.0,976.0,24,4.61,1
P018,2023-04,FY24,Legacy,,South West,92427.0,963.0,28,4.61,1
P018,2023-05,FY24,Legacy,,South West,108265.0,1128.0,22,4.61,1
P018,2023-06,FY24,Legacy,,South West,104348.0,1087.0,32,4.61,1
P018,2023-07,FY24,Legacy,,South West,103875.0,1082.0,23,4.61,1
P018,2023-08,FY24,Legacy,,South West,91909.0,957.0,20,4.61,1
P018,2023-09,FY24,Legacy,,South West,103083.0,1074.0,24,4.61,1
P018,2023-10,FY24,Legacy,,South West,111597.0,1162.0,29,4.61,1
P018,2023-11,FY24,Legacy,,South West,94583.0,985.0,21,4.61,1
P018,2023-12,FY24,Legacy,,South West,95794.0,998.0,25,4.61,1
P018,2024-01,FY24,Legacy,,South West,100463.0,1046.0,21,4.61,1
P018,2024-02,FY24,Legacy,,South West,96397.0,1004.0,23,4.61,1
P018,2024-03,FY24,Legacy,,South West,103354.0,1077.0,19,4.61,1
P018,2024-04,FY25,Legacy,,South West,99960.0,1041.0,22,4.61,1
P018,2024-05,FY25,Legacy,,South West,115155.0,1200.0,24,4.61,1
P018,2024-06,FY25,Legacy,,South West,113092.0,1178.0,23,4.61,1
P018,2024-07,FY25,Legacy,,South West,107218.0,1117.0,30,4.61,1
P018,2024-08,FY25,Legacy,,South West,118952.0,1239.0,17,4.61,1
P018,2024-09,FY25,Legacy,,South West,94211.0,981.0,15,4.61,1
P018,2024-10,FY25,Legacy,,South West,118671.0,1236.0,27,4.61,1
P018,2024-11,FY25,Legacy,,South West,106116.0,1105.0,23,4.61,1
P018,2024-12,FY25,Legacy,,South West,92613.0,965.0,18,4.61,1
P018,2025-01,FY25,Legacy,,South West,114523.0,1193.0,21,4.61,1
P018,2025-02,FY25,Legacy,,South West,105773.0,1102.0,22,4.61,1
P018,2025-03,FY25,Legacy,,South West,113908.0,1187.0,21,4.61,1
P019,2022-10,FY23,Legacy,,North West,73872.0,770.0,15,4.45,1
P019,2022-11,FY23,Legacy,,North West,99758.0,1039.0,21,4.45,1
P019,2022-12,FY23,Legacy,,North West,72583.0,756.0,15,4.45,1
P019,2023-01,FY23,Legacy,,North West,85613.0,892.0,23,4.45,1
P019,2023-02,FY23,Legacy,,North West,81478.0,849.0,14,4.45,1
P019,2023-03,FY23,Legacy,,North West,93250.0,971.0,24,4.45,1
P019,2023-04,FY24,Legacy,,North West,89143.0,929.0,23,4.45,1
P019,2023-05,FY24,Legacy,,North West,92287.0,961.0,23,4.45,1
P019,2023-06,FY24,Legacy,,North West,84511.0,880.0,17,4.45,1
P019,2023-07,FY24,Legacy,,North West,76634.0,798.0,10,4.45,1
P019,2023-08,FY24,Legacy,,North West,80475.0,838.0,14,4.45,1
P019,2023-09,FY24,Legacy,,North West,86760.0,904.0,15,4.45,1
P019,2023-10,FY24,Legacy,,North West,86788.0,904.0,20,4.45,1
P019,2023-11,FY24,Legacy,,North West,93760.0,977.0,17,4.45,1
P019,2023-12,FY24,Legacy,,North West,77363.0,806.0,15,4.45,1
P019,2024-01,FY24,Legacy,,North West,86404.0,900.0,15,4.45,1
P019,2024-02,FY24,Legacy,,North West,82655.0,861.0,21,4.45,1
P019,2024-03,FY24,Legacy,,North West,92588.0,964.0,17,4.45,1
P019,2024-04,FY25,Legacy,,North West,89109.0,928.0,17,4.45,1
P019,2024-05,FY25,Legacy,,North West,89210.0,929.0,18,4.45,1
P019,2024-06,FY25,Legacy,,North West,93635.0,975.0,26,4.45,1
P019,2024-07,FY25,Legacy,,North West,96609.0,1006.0,24,4.45,1
P019,2024-08,FY25,Legacy,,North West,91301.0,951.0,27,4.45,1
P019,2024-09,FY25,Legacy,,North West,96513.0,1005.0,22,4.45,1
P019,2024-10,FY25,Legacy,,North West,92085.0,959.0,19,4.45,1
P019,2024-11,FY25,Legacy,,North West,92464.0,963.0,20,4.45,1
P019,2024-12,FY25,Legacy,,North West,87525.0,912.0,20,4.45,1
P019,2025-01,FY25,Legacy,,North West,93073.0,970.0,22,4.45,1
P019,2025-02,FY25,Legacy,,North West,91697.0,955.0,24,4.45,1
P019,2025-03,FY25,Legacy,,North West,97876.0,1020.0,27,4.45,1
P020,2022-10,FY23,Legacy,,South West,67785.0,706.0,18,4.76,1
P020,2022-11,FY23,Legacy,,South West,71029.0,740.0,11,4.76,1
P020,2022-12,FY23,Legacy,,South West,70672.0,736.0,12,4.76,1
P020,2023-01,FY23,Legacy,,South West,73568.0,766.0,25,4.76,1
P020,2023-02,FY23,Legacy,,South West,78974.0,823.0,18,4.76,1
P020,2023-03,FY23,Legacy,,South West,77415.0,806.0,24,4.76,1
P020,2023-04,FY24,Legacy,,South West,83157.0,866.0,14,4.76,1
P020,2023-05,FY24,Legacy,,South West,81529.0,849.0,13,4.76,1
P020,2023-06,FY24,Legacy,,South West,83648.0,871.0,18,4.76,1
P020,2023-07,FY24,Legacy,,South West,75141.0,783.0,15,4.76,1
P020,2023-08,FY24,Legacy,,South West,78741.0,820.0,15,4.76,1
P020,2023-09,FY24,Legacy,,South West,82815.0,863.0,28,4.76,1
P020,2023-10,FY24,Legacy,,South West,76600.0,798.0,20,4.76,1
P020,2023-11,FY24,Legacy,,South West,75493.0,786.0,10,4.76,1
P020,2023-12,FY24,Legacy,,South West,85942.0,895.0,16,4.76,1
P020,2024-01,FY24,Legacy,,South West,85944.0,895.0,22,4.76,1
P020,2024-02,FY24,Legacy,,South West,72505.0,755.0,15,4.76,1
P020,2024-03,FY24,Legacy,,South West,80405.0,838.0,18,4.76,1
P020,2024-04,FY25,Legacy,,South West,81612.0,850.0,31,4.76,1
P020,2024-05,FY25,Legacy,,South West,87933.0,916.0,11,4.76,1
P020,2024-06,FY25,Legacy,,South West,86082.0,897.0,16,4.76,1
P020,2024-07,FY25,Legacy,,South West,100547.0,1047.0,33,4.76,1
P020,2024-08,FY25,Legacy,,South West,86405.0,900.0,21,4.76,1
P020,2024-09,FY25,Legacy,,South West,90039.0,938.0,22,4.76,1
P020,2024-10,FY25,Legacy,,South West,88781.0,925.0,15,4.76,1
P020,2024-11,FY25,Legacy,,South West,74599.0,777.0,17,4.76,1
P020,2024-12,FY25,Legacy,,South West,86086.0,897.0,21,4.76,1
P020,2025-01,FY25,Legacy,,South West,85881.0,895.0,22,4.76,1
P020,2025-02,FY25,Legacy,,South West,74805.0,779.0,14,4.76,1
P020,2025-03,FY25,Legacy,,South West,79336.0,826.0,25,4.76,1
P021,2022-10,FY23,Legacy,,Wales,62724.0,653.0,12,4.41,1
P021,2022-11,FY23,Legacy,,Wales,65541.0,683.0,10,4.41,1
P021,2022-12,FY23,Legacy,,Wales,53992.0,562.0,10,4.41,1
P021,2023-01,FY23,Legacy,,Wales,57576.0,600.0,11,4.41,1
P021,2023-02,FY23,Legacy,,Wales,56611.0,590.0,10,4.41,1
P021,2023-03,FY23,Legacy,,Wales,66610.0,694.0,20,4.41,1
P021,2023-04,FY24,Legacy,,Wales,62940.0,656.0,10,4.41,1
P021,2023-05,FY24,Legacy,,Wales,58390.0,608.0,8,4.41,1
P021,2023-06,FY24,Legacy,,Wales,62112.0,647.0,9,4.41,1
P021,2023-07,FY24,Legacy,,Wales,59717.0,622.0,12,4.41,1
P021,2023-08,FY24,Legacy,,Wales,61732.0,643.0,16,4.41,1
P021,2023-09,FY24,Legacy,,Wales,60538.0,631.0,11,4.41,1
P021,2023-10,FY24,Legacy,,Wales,61067.0,636.0,12,4.41,1
P021,2023-11,FY24,Legacy,,Wales,59232.0,617.0,8,4.41,1
P021,2023-12,FY24,Legacy,,Wales,59734.0,622.0,11,4.41,1
P021,2024-01,FY24,Legacy,,Wales,57271.0,597.0,5,4.41,1
P021,2024-02,FY24,Legacy,,Wales,50064.0,521.0,9,4.41,1
P021,2024-03,FY24,Legacy,,Wales,64600.0,673.0,15,4.41,1
P021,2024-04,FY25,Legacy,,Wales,68521.0,714.0,21,4.41,1
P021,2024-05,FY25,Legacy,,Wales,70235.0,732.0,16,4.41,1
P021,2024-06,FY25,Legacy,,Wales,64946.0,677.0,15,4.41,1
P021,2024-07,FY25,Legacy,,Wales,69918.0,728.0,9,4.41,1
P021,2024-08,FY25,Legacy,,Wales,59202.0,617.0,8,4.41,1
P021,2024-09,FY25,Legacy,,Wales,62695.0,653.0,8,4.41,1
P021,2024-10,FY25,Legacy,,Wales,58805.0,613.0,11,4.41,1
P021,2024-11,FY25,Legacy,,Wales,60267.0,628.0,9,4.41,1
P021,2024-12,FY25,Legacy,,Wales,64995.0,677.0,25,4.41,1
P021,2025-01,FY25,Legacy,,Wales,66423.0,692.0,10,4.41,1
P021,2025-02,FY25,Legacy,,Wales,56351.0,587.0,12,4.41,1
P021,2025-03,FY25,Legacy,,Wales,64446.0,671.0,13,4.41,1
P022,2022-10,FY23,Legacy,,North West,78693.0,820.0,20,4.34,1
P022,2022-11,FY23,Legacy,,North West,79496.0,828.0,14,4.34,1
P022,2022-12,FY23,Legacy,,North West,69631.0,725.0,9,4.34,1
P022,2023-01,FY23,Legacy,,North West,72571.0,756.0,15,4.34,1
P022,2023-02,FY23,Legacy,,North West,69916.0,728.0,19,4.34,1
P022,2023-03,FY23,Legacy,,North West,77013.0,802.0,19,4.34,1
P022,2023-04,FY24,Legacy,,North West,89812.0,936.0,20,4.34,1
P022,2023-05,FY24,Legacy,,North West,85345.0,889.0,20,4.34,1
P022,2023-06,FY24,Legacy,,North West,88976.0,927.0,17,4.34,1
P022,2023-07,FY24,Legacy,,North West,74538.0,776.0,18,4.34,1
P022,2023-08,FY24,Legacy,,North West,80789.0,842.0,18,4.34,1
P022,2023-09,FY24,Legacy,,North West,85530.0,891.0,20,4.34,1
P022,2023-10,FY24,Legacy,,North West,92726.0,966.0,19,4.34,1
P022,2023-11,FY24,Legacy,,North West,76984.0,802.0,21,4.34,1
P022,2023-12,FY24,Legacy,,North West,74974.0,781.0,17,4.34,1
P022,2024-01,FY24,Legacy,,North West,85129.0,887.0,14,4.34,1
P022,2024-02,FY24,Legacy,,North West,77108.0,803.0,12,4.34,1
P022,2024-03,FY24,Legacy,,North West,86815.0,904.0,20,4.34,1
P022,2024-04,FY25,Legacy,,North West,83400.0,869.0,17,4.34,1
P022,2024-05,FY25,Legacy,,North West,96839.0,1009.0,21,4.34,1
P022,2024-06,FY25,Legacy,,North West,94410.0,983.0,22,4.34,1
P022,2024-07,FY25,Legacy,,North West,82607.0,860.0,21,4.34,1
P022,2024-08,FY25,Legacy,,North West,84807.0,883.0,16,4.34,1
P022,2024-09,FY25,Legacy,,North West,93744.0,977.0,25,4.34,1
P022,2024-10,FY25,Legacy,,North West,88520.0,922.0,17,4.34,1
P022,2024-11,FY25,Legacy,,North West,84318.0,878.0,15,4.34,1
P022,2024-12,FY25,Legacy,,North West,80516.0,839.0,22,4.34,1
P022,2025-01,FY25,Legacy,,North West,96848.0,1009.0,26,4.34,1
P022,2025-02,FY25,Legacy,,North West,83993.0,875.0,18,4.34,1
P022,2025-03,FY25,Legacy,,North West,97958.0,1020.0,16,4.34,1
P023,2022-10,FY23,Legacy,,Scotland,76720.0,799.0,16,4.73,1
P023,2022-11,FY23,Legacy,,Scotland,77406.0,806.0,13,4.73,1
P023,2022-12,FY23,Legacy,,Scotland,72296.0,753.0,13,4.73,1
P023,2023-01,FY23,Legacy,,Scotland,76350.0,795.0,17,4.73,1
P023,2023-02,FY23,Legacy,,Scotland,78275.0,815.0,18,4.73,1
P023,2023-03,FY23,Legacy,,Scotland,83561.0,870.0,21,4.73,1
P023,2023-04,FY24,Legacy,,Scotland,79712.0,830.0,19,4.73,1
P023,2023-05,FY24,Legacy,,Scotland,82761.0,862.0,14,4.73,1
P023,2023-06,FY24,Legacy,,Scotland,85094.0,886.0,22,4.73,1
P023,2023-07,FY24,Legacy,,Scotland,96804.0,1008.0,22,4.73,1
P023,2023-08,FY24,Legacy,,Scotland,80698.0,841.0,20,4.73,1
P023,2023-09,FY24,Legacy,,Scotland,79704.0,830.0,15,4.73,1
P023,2023-10,FY24,Legacy,,Scotland,79313.0,826.0,20,4.73,1
P023,2023-11,FY24,Legacy,,Scotland,70008.0,729.0,16,4.73,1
P023,2023-12,FY24,Legacy,,Scotland,73273.0,763.0,21,4.73,1
P023,2024-01,FY24,Legacy,,Scotland,89046.0,928.0,14,4.73,1
P023,2024-02,FY24,Legacy,,Scotland,78024.0,813.0,23,4.73,1
P023,2024-03,FY24,Legacy,,Scotland,86520.0,901.0,20,4.73,1
P023,2024-04,FY25,Legacy,,Scotland,87649.0,913.0,13,4.73,1
P023,2024-05,FY25,Legacy,,Scotland,102439.0,1067.0,22,4.73,1
P023,2024-06,FY25,Legacy,,Scotland,94527.0,985.0,24,4.73,1
P023,2024-07,FY25,Legacy,,Scotland,100727.0,1049.0,15,4.73,1
P023,2024-08,FY25,Legacy,,Scotland,91196.0,950.0,13,4.73,1
P023,2024-09,FY25,Legacy,,Scotland,86861.0,905.0,14,4.73,1
P023,2024-10,FY25,Legacy,,Scotland,88086.0,918.0,21,4.73,1
P023,2024-11,FY25,Legacy,,Scotland,91112.0,949.0,26,4.73,1
P023,2024-12,FY25,Legacy,,Scotland,82118.0,855.0,22,4.73,1
P023,2025-01,FY25,Legacy,,Scotland,88066.0,917.0,16,4.73,1
P023,2025-02,FY25,Legacy,,Scotland,90006.0,938.0,18,4.73,1
P023,2025-03,FY25,Legacy,,Scotland,101839.0,1061.0,23,4.73,1
P024,2022-10,FY23,Legacy,,North East,127724.0,1330.0,25,4.41,1
P024,2022-11,FY23,Legacy,,North East,117415.0,1223.0,22,4.41,1
P024,2022-12,FY23,Legacy,,North East,105114.0,1095.0,24,4.41,1
P024,2023-01,FY23,Legacy,,North East,138481.0,1443.0,39,4.41,1
P024,2023-02,FY23,Legacy,,North East,113295.0,1180.0,26,4.41,1
P024,2023-03,FY23,Legacy,,North East,121707.0,1268.0,31,4.41,1
P024,2023-04,FY24,Legacy,,North East,123975.0,1291.0,25,4.41,1
P024,2023-05,FY24,Legacy,,North East,124519.0,1297.0,23,4.41,1
P024,2023-06,FY24,Legacy,,North East,130198.0,1356.0,32,4.41,1
P024,2023-07,FY24,Legacy,,North East,130333.0,1358.0,30,4.41,1
P024,2023-08,FY24,Legacy,,North East,125991.0,1312.0,35,4.41,1
P024,2023-09,FY24,Legacy,,North East,125860.0,1311.0,33,4.41,1
P024,2023-10,FY24,Legacy,,North East,129045.0,1344.0,34,4.41,1
P024,2023-11,FY24,Legacy,,North East,129862.0,1353.0,22,4.41,1
P024,2023-12,FY24,Legacy,,North East,117846.0,1228.0,26,4.41,1
P024,2024-01,FY24,Legacy,,North East,116588.0,1214.0,26,4.41,1
P024,2024-02,FY24,Legacy,,North East,127415.0,1327.0,31,4.41,1
P024,2024-03,FY24,Legacy,,North East,132958.0,1385.0,23,4.41,1
P024,2024-04,FY25,Legacy,,North East,144198.0,1502.0,42,4.41,1
P024,2024-05,FY25,Legacy,,North East,136130.0,1418.0,31,4.41,1
P024,2024-06,FY25,Legacy,,North East,125668.0,1309.0,29,4.41,1
P024,2024-07,FY25,Legacy,,North East,157236.0,1638.0,40,4.41,1
P024,2024-08,FY25,Legacy,,North East,108536.0,1131.0,32,4.41,1
P024,2024-09,FY25,Legacy,,North East,148827.0,1550.0,22,4.41,1
P024,2024-10,FY25,Legacy,,North East,130120.0,1355.0,22,4.41,1
P024,2024-11,FY25,Legacy,,North East,127610.0,1329.0,27,4.41,1
P024,2024-12,FY25,Legacy,,North East,123384.0,1285.0,21,4.41,1
P024,2025-01,FY25,Legacy,,North East,153994.0,1604.0,37,4.41,1
P024,2025-02,FY25,Legacy,,North East,135558.0,1412.0,26,4.41,1
P024,2025-03,FY25,Legacy,,North East,146241.0,1523.0,35,4.41,1
P025,2022-10,FY23,Legacy,,Midlands,61678.0,642.0,10,4.58,1
P025,2022-11,FY23,Legacy,,Midlands,57346.0,597.0,9,4.58,1
P025,2022-12,FY23,Legacy,,Midlands,54455.0,567.0,13,4.58,1
P025,2023-01,FY23,Legacy,,Midlands,59747.0,622.0,14,4.58,1
P025,2023-02,FY23,Legacy,,Midlands,62548.0,652.0,12,4.58,1
P025,2023-03,FY23,Legacy,,Midlands,70282.0,732.0,11,4.58,1
P025,2023-04,FY24,Legacy,,Midlands,58960.0,614.0,11,4.58,1
P025,2023-05,FY24,Legacy,,Midlands,72181.0,752.0,6,4.58,1
P025,2023-06,FY24,Legacy,,Midlands,80650.0,840.0,17,4.58,1
P025,2023-07,FY24,Legacy,,Midlands,66976.0,698.0,15,4.58,1
P025,2023-08,FY24,Legacy,,Midlands,59795.0,623.0,13,4.58,1
P025,2023-09,FY24,Legacy,,Midlands,83236.0,867.0,11,4.58,1
P025,2023-10,FY24,Legacy,,Midlands,72810.0,758.0,12,4.58,1
P025,2023-11,FY24,Legacy,,Midlands,74320.0,774.0,11,4.58,1
P025,2023-12,FY24,Legacy,,Midlands,68306.0,712.0,17,4.58,1
P025,2024-01,FY24,Legacy,,Midlands,68593.0,715.0,10,4.58,1
P025,2024-02,FY24,Legacy,,Midlands,67939.0,708.0,19,4.58,1
P025,2024-03,FY24,Legacy,,Midlands,67197.0,700.0,18,4.58,1
P025,2024-04,FY25,Legacy,,Midlands,78298.0,816.0,8,4.58,1
P025,2024-05,FY25,Legacy,,Midlands,78352.0,816.0,13,4.58,1
P025,2024-06,FY25,Legacy,,Midlands,69596.0,725.0,20,4.58,1
P025,2024-07,FY25,Legacy,,Midlands,74874.0,780.0,13,4.58,1
P025,2024-08,FY25,Legacy,,Midlands,61732.0,643.0,15,4.58,1
P025,2024-09,FY25,Legacy,,Midlands,74310.0,774.0,13,4.58,1
P025,2024-10,FY25,Legacy,,Midlands,69929.0,728.0,16,4.58,1
P025,2024-11,FY25,Legacy,,Midlands,76271.0,794.0,16,4.58,1
P025,2024-12,FY25,Legacy,,Midlands,65045.0,678.0,16,4.58,1
P025,2025-01,FY25,Legacy,,Midlands,78722.0,820.0,14,4.58,1
P025,2025-02,FY25,Legacy,,Midlands,67242.0,700.0,17,4.58,1
P025,2025-03,FY25,Legacy,,Midlands,79651.0,830.0,18,4.58,1
P026,2022-10,FY23,Legacy,,South East,60517.0,630.0,12,4.64,1
P026,2022-11,FY23,Legacy,,South East,60281.0,628.0,13,4.64,1
P026,2022-12,FY23,Legacy,,South East,58449.0,609.0,17,4.64,1
P026,2023-01,FY23,Legacy,,South East,69479.0,724.0,18,4.64,1
P026,2023-02,FY23,Legacy,,South East,62619.0,652.0,20,4.64,1
P026,2023-03,FY23,Legacy,,South East,67916.0,707.0,12,4.64,1
P026,2023-04,FY24,Legacy,,South East,61616.0,642.0,15,4.64,1
P026,2023-05,FY24,Legacy,,South East,75463.0,786.0,15,4.64,1
P026,2023-06,FY24,Legacy,,South East,63993.0,667.0,14,4.64,1
P026,2023-07,FY24,Legacy,,South East,66539.0,693.0,17,4.64,1
P026,2023-08,FY24,Legacy,,South East,63766.0,664.0,16,4.64,1
P026,2023-09,FY24,Legacy,,South East,70378.0,733.0,14,4.64,1
P026,2023-10,FY24,Legacy,,South East,66291.0,691.0,14,4.64,1
P026,2023-11,FY24,Legacy,,South East,64032.0,667.0,10,4.64,1
P026,2023-12,FY24,Legacy,,South East,58091.0,605.0,15,4.64,1
P026,2024-01,FY24,Legacy,,South East,62499.0,651.0,13,4.64,1
P026,2024-02,FY24,Legacy,,South East,63689.0,663.0,20,4.64,1
P026,2024-03,FY24,Legacy,,South East,75174.0,783.0,17,4.64,1
P026,2024-04,FY25,Legacy,,South East,59489.0,620.0,11,4.64,1
P026,2024-05,FY25,Legacy,,South East,75347.0,785.0,16,4.64,1
P026,2024-06,FY25,Legacy,,South East,68644.0,715.0,12,4.64,1
P026,2024-07,FY25,Legacy,,South East,72582.0,756.0,26,4.64,1
P026,2024-08,FY25,Legacy,,South East,68089.0,709.0,17,4.64,1
P026,2024-09,FY25,Legacy,,South East,64079.0,667.0,17,4.64,1
P026,2024-10,FY25,Legacy,,South East,69050.0,719.0,11,4.64,1
P026,2024-11,FY25,Legacy,,South East,62888.0,655.0,10,4.64,1
P026,2024-12,FY25,Legacy,,South East,64454.0,671.0,12,4.64,1
P026,2025-01,FY25,Legacy,,South East,68568.0,714.0,16,4.64,1
P026,2025-02,FY25,Legacy,,South East,66070.0,688.0,16,4.64,1
P026,2025-03,FY25,Legacy,,South East,79315.0,826.0,24,4.64,1
P027,2022-10,FY23,Legacy,,Midlands,83358.0,868.0,23,3.79,1
P027,2022-11,FY23,Legacy,,Midlands,80962.0,843.0,11,3.79,1
P027,2022-12,FY23,Legacy,,Midlands,77005.0,802.0,14,3.79,1
P027,2023-01,FY23,Legacy,,Midlands,86724.0,903.0,20,3.79,1
P027,2023-02,FY23,Legacy,,Midlands,76912.0,801.0,13,3.79,1
P027,2023-03,FY23,Legacy,,Midlands,84527.0,880.0,18,3.79,1
P027,2023-04,FY24,Legacy,,Midlands,89003.0,927.0,25,3.79,1
P027,2023-05,FY24,Legacy,,Midlands,100390.0,1046.0,22,3.79,1
P027,2023-06,FY24,Legacy,,Midlands,104380.0,1087.0,28,3.79,1
P027,2023-07,FY24,Legacy,,Midlands,85215.0,888.0,18,3.79,1
P027,2023-08,FY24,Legacy,,Midlands,78642.0,819.0,19,3.79,1
P027,2023-09,FY24,Legacy,,Midlands,91395.0,952.0,22,3.79,1
P027,2023-10,FY24,Legacy,,Midlands,88855.0,926.0,18,3.79,1
P027,2023-11,FY24,Legacy,,Midlands,77951.0,812.0,11,3.79,1
P027,2023-12,FY24,Legacy,,Midlands,83198.0,867.0,23,3.79,1
P027,2024-01,FY24,Legacy,,Midlands,88259.0,919.0,24,3.79,1
P027,2024-02,FY24,Legacy,,Midlands,81866.0,853.0,22,3.79,1
P027,2024-03,FY24,Legacy,,Midlands,95601.0,996.0,19,3.79,1
P027,2024-04,FY25,Legacy,,Midlands,74781.0,779.0,17,3.79,1
P027,2024-05,FY25,Legacy,,Midlands,95015.0,990.0,24,3.79,1
P027,2024-06,FY25,Legacy,,Midlands,108653.0,1132.0,29,3.79,1
P027,2024-07,FY25,Legacy,,Midlands,97174.0,1012.0,17,3.79,1
P027,2024-08,FY25,Legacy,,Midlands,90380.0,941.0,14,3.79,1
P027,2024-09,FY25,Legacy,,Midlands,98511.0,1026.0,17,3.79,1
P027,2024-10,FY25,Legacy,,Midlands,99603.0,1038.0,29,3.79,1
P027,2024-11,FY25,Legacy,,Midlands,93520.0,974.0,25,3.79,1
P027,2024-12,FY25,Legacy,,Midlands,95139.0,991.0,24,3.79,1
P027,2025-01,FY25,Legacy,,Midlands,91030.0,948.0,22,3.79,1
P027,2025-02,FY25,Legacy,,Midlands,100397.0,1046.0,22,3.79,1
P027,2025-03,FY25,Legacy,,Midlands,100482.0,1047.0,17,3.79,1
P028,2022-10,FY23,Legacy,,Scotland,51429.0,536.0,13,4.35,1
P028,2022-11,FY23,Legacy,,Scotland,48898.0,509.0,17,4.35,1
P028,2022-12,FY23,Legacy,,Scotland,46320.0,482.0,12,4.35,1
P028,2023-01,FY23,Legacy,,Scotland,47539.0,495.0,12,4.35,1
P028,2023-02,FY23,Legacy,,Scotland,48594.0,506.0,8,4.35,1
P028,2023-03,FY23,Legacy,,Scotland,51232.0,534.0,11,4.35,1
P028,2023-04,FY24,Legacy,,Scotland,47707.0,497.0,7,4.35,1
P028,2023-05,FY24,Legacy,,Scotland,59831.0,623.0,19,4.35,1
P028,2023-06,FY24,Legacy,,Scotland,52292.0,545.0,13,4.35,1
P028,2023-07,FY24,Legacy,,Scotland,56465.0,588.0,14,4.35,1
P028,2023-08,FY24,Legacy,,Scotland,43534.0,453.0,7,4.35,1
P028,2023-09,FY24,Legacy,,Scotland,49067.0,511.0,14,4.35,1
P028,2023-10,FY24,Legacy,,Scotland,49159.0,512.0,10,4.35,1
P028,2023-11,FY24,Legacy,,Scotland,49917.0,520.0,13,4.35,1
P028,2023-12,FY24,Legacy,,Scotland,48989.0,510.0,10,4.35,1
P028,2024-01,FY24,Legacy,,Scotland,52502.0,547.0,9,4.35,1
P028,2024-02,FY24,Legacy,,Scotland,45954.0,479.0,5,4.35,1
P028,2024-03,FY24,Legacy,,Scotland,50658.0,528.0,19,4.35,1
P028,2024-04,FY25,Legacy,,Scotland,51339.0,535.0,8,4.35,1
P028,2024-05,FY25,Legacy,,Scotland,56991.0,594.0,7,4.35,1
P028,2024-06,FY25,Legacy,,Scotland,57372.0,598.0,9,4.35,1
P028,2024-07,FY25,Legacy,,Scotland,54952.0,572.0,7,4.35,1
P028,2024-08,FY25,Legacy,,Scotland,55806.0,581.0,11,4.35,1
P028,2024-09,FY25,Legacy,,Scotland,56834.0,592.0,9,4.35,1
P028,2024-10,FY25,Legacy,,Scotland,53696.0,559.0,7,4.35,1
P028,2024-11,FY25,Legacy,,Scotland,48701.0,507.0,11,4.35,1
P028,2024-12,FY25,Legacy,,Scotland,51795.0,540.0,12,4.35,1
P028,2025-01,FY25,Legacy,,Scotland,55358.0,577.0,16,4.35,1
P028,2025-02,FY25,Legacy,,Scotland,47452.0,494.0,14,4.35,1
P028,2025-03,FY25,Legacy,,Scotland,54168.0,564.0,16,4.35,1
P029,2022-10,FY23,Legacy,,North West,77916.0,812.0,18,4.17,1
P029,2022-11,FY23,Legacy,,North West,66983.0,698.0,19,4.17,1
P029,2022-12,FY23,Legacy,,North West,81635.0,850.0,23,4.17,1
P029,2023-01,FY23,Legacy,,North West,87110.0,907.0,18,4.17,1
P029,2023-02,FY23,Legacy,,North West,81710.0,851.0,12,4.17,1
P029,2023-03,FY23,Legacy,,North West,80933.0,843.0,16,4.17,1
P029,2023-04,FY24,Legacy,,North West,71066.0,740.0,12,4.17,1
P029,2023-05,FY24,Legacy,,North West,82404.0,858.0,11,4.17,1
P029,2023-06,FY24,Legacy,,North West,84618.0,881.0,19,4.17,1
P029,2023-07,FY24,Legacy,,North West,90339.0,941.0,25,4.17,1
P029,2023-08,FY24,Legacy,,North West,80951.0,843.0,17,4.17,1
P029,2023-09,FY24,Legacy,,North West,84011.0,875.0,18,4.17,1
P029,2023-10,FY24,Legacy,,North West,80653.0,840.0,17,4.17,1
P029,2023-11,FY24,Legacy,,North West,77115.0,803.0,18,4.17,1
P029,2023-12,FY24,Legacy,,North West,71978.0,750.0,27,4.17,1
P029,2024-01,FY24,Legacy,,North West,78972.0,823.0,22,4.17,1
P029,2024-02,FY24,Legacy,,North West,79854.0,832.0,23,4.17,1
P029,2024-03,FY24,Legacy,,North West,94788.0,987.0,20,4.17,1
P029,2024-04,FY25,Legacy,,North West,91072.0,949.0,17,4.17,1
P029,2024-05,FY25,Legacy,,North West,86818.0,904.0,16,4.17,1
P029,2024-06,FY25,Legacy,,North West,82421.0,859.0,15,4.17,1
P029,2024-07,FY25,Legacy,,North West,90812.0,946.0,12,4.17,1
P029,2024-08,FY25,Legacy,,North West,80247.0,836.0,23,4.17,1
P029,2024-09,FY25,Legacy,,North West,86480.0,901.0,21,4.17,1
P029,2024-10,FY25,Legacy,,North West,73917.0,770.0,19,4.17,1
P029,2024-11,FY25,Legacy,,North West,74742.0,779.0,15,4.17,1
P029,2024-12,FY25,Legacy,,North West,85929.0,895.0,16,4.17,1
P029,2025-01,FY25,Legacy,,North West,87113.0,907.0,19,4.17,1
P029,2025-02,FY25,Legacy,,North West,81025.0,844.0,20,4.17,1
P029,2025-03,FY25,Legacy,,North West,93661.0,976.0,14,4.17,1
P030,2022-10,FY23,Legacy,,South West,40224.0,419.0,10,4.15,1
P030,2022-11,FY23,Legacy,,South West,45099.0,470.0,9,4.15,1
P030,2022-12,FY23,Legacy,,South West,37445.0,390.0,3,4.15,1
P030,2023-01,FY23,Legacy,,South West,42807.0,446.0,7,4.15,1
P030,2023-02,FY23,Legacy,,South West,40944.0,426.0,8,4.15,1
P030,2023-03,FY23,Legacy,,South West,40511.0,422.0,6,4.15,1
P030,2023-04,FY24,Legacy,,South West,39110.0,407.0,8,4.15,1
P030,2023-05,FY24,Legacy,,South West,48767.0,508.0,12,4.15,1
P030,2023-06,FY24,Legacy,,South West,43863.0,457.0,7,4.15,1
P030,2023-07,FY24,Legacy,,South West,44579.0,464.0,13,4.15,1
P030,2023-08,FY24,Legacy,,South West,42761.0,445.0,6,4.15,1
P030,2023-09,FY24,Legacy,,South West,45007.0,469.0,12,4.15,1
P030,2023-10,FY24,Legacy,,South West,40835.0,425.0,13,4.15,1
P030,2023-11,FY24,Legacy,,South West,45673.0,476.0,12,4.15,1
P030,2023-12,FY24,Legacy,,South West,40906.0,426.0,9,4.15,1
P030,2024-01,FY24,Legacy,,South West,43082.0,449.0,11,4.15,1
P030,2024-02,FY24,Legacy,,South West,41695.0,434.0,15,4.15,1
P030,2024-03,FY24,Legacy,,South West,40908.0,426.0,11,4.15,1
P030,2024-04,FY25,Legacy,,South West,47814.0,498.0,5,4.15,1
P030,2024-05,FY25,Legacy,,South West,60767.0,633.0,11,4.15,1
P030,2024-06,FY25,Legacy,,South West,49809.0,519.0,9,4.15,1
P030,2024-07,FY25,Legacy,,South West,41535.0,433.0,14,4.15,1
P030,2024-08,FY25,Legacy,,South West,46906.0,489.0,11,4.15,1
P030,2024-09,FY25,Legacy,,South West,52592.0,548.0,12,4.15,1
P030,2024-10,FY25,Legacy,,South West,43792.0,456.0,11,4.15,1
P030,2024-11,FY25,Legacy,,South West,46858.0,488.0,8,4.15,1
P030,2024-12,FY25,Legacy,,South West,47748.0,497.0,5,4.15,1
P030,2025-01,FY25,Legacy,,South West,51006.0,531.0,7,4.15,1
P030,2025-02,FY25,Legacy,,South West,44874.0,467.0,15,4.15,1
P030,2025-03,FY25,Legacy,,South West,50591.0,527.0,7,4.15,1
P031,2022-10,FY23,Legacy,,South East,86836.0,905.0,15,4.73,1
P031,2022-11,FY23,Legacy,,South East,85433.0,890.0,17,4.73,1
P031,2022-12,FY23,Legacy,,South East,69764.0,727.0,16,4.73,1
P031,2023-01,FY23,Legacy,,South East,75911.0,791.0,9,4.73,1
P031,2023-02,FY23,Legacy,,South East,75359.0,785.0,15,4.73,1
P031,2023-03,FY23,Legacy,,South East,67434.0,702.0,11,4.73,1
P031,2023-04,FY24,Legacy,,South East,76303.0,795.0,19,4.73,1
P031,2023-05,FY24,Legacy,,South East,84110.0,876.0,16,4.73,1
P031,2023-06,FY24,Legacy,,South East,94582.0,985.0,21,4.73,1
P031,2023-07,FY24,Legacy,,South East,81607.0,850.0,12,4.73,1
P031,2023-08,FY24,Legacy,,South East,85656.0,892.0,19,4.73,1
P031,2023-09,FY24,Legacy,,South East,90181.0,939.0,25,4.73,1
P031,2023-10,FY24,Legacy,,South East,84286.0,878.0,16,4.73,1
P031,2023-11,FY24,Legacy,,South East,82063.0,855.0,18,4.73,1
P031,2023-12,FY24,Legacy,,South East,77715.0,810.0,22,4.73,1
P031,2024-01,FY24,Legacy,,South East,92274.0,961.0,20,4.73,1
P031,2024-02,FY24,Legacy,,South East,90475.0,942.0,14,4.73,1
P031,2024-03,FY24,Legacy,,South East,106699.0,1111.0,24,4.73,1
P031,2024-04,FY25,Legacy,,South East,91014.0,948.0,19,4.73,1
P031,2024-05,FY25,Legacy,,South East,92439.0,963.0,26,4.73,1
P031,2024-06,FY25,Legacy,,South East,93279.0,972.0,23,4.73,1
P031,2024-07,FY25,Legacy,,South East,80803.0,842.0,21,4.73,1
P031,2024-08,FY25,Legacy,,South East,94272.0,982.0,25,4.73,1
P031,2024-09,FY25,Legacy,,South East,88845.0,925.0,31,4.73,1
P031,2024-10,FY25,Legacy,,South East,103399.0,1077.0,25,4.73,1
P031,2024-11,FY25,Legacy,,South East,90025.0,938.0,26,4.73,1
P031,2024-12,FY25,Legacy,,South East,79372.0,827.0,13,4.73,1
P031,2025-01,FY25,Legacy,,South East,72923.0,760.0,7,4.73,1
P031,2025-02,FY25,Legacy,,South East,81091.0,845.0,13,4.73,1
P031,2025-03,FY25,Legacy,,South East,88489.0,922.0,23,4.73,1
P032,2022-10,FY23,Legacy,,North East,71898.0,749.0,15,4.6,1
P032,2022-11,FY23,Legacy,,North East,65236.0,680.0,21,4.6,1
P032,2022-12,FY23,Legacy,,North East,66292.0,691.0,14,4.6,1
P032,2023-01,FY23,Legacy,,North East,74597.0,777.0,12,4.6,1
P032,2023-02,FY23,Legacy,,North East,62700.0,653.0,11,4.6,1
P032,2023-03,FY23,Legacy,,North East,100887.0,1051.0,20,4.6,1
P032,2023-04,FY24,Legacy,,North East,80591.0,839.0,24,4.6,1
P032,2023-05,FY24,Legacy,,North East,80862.0,842.0,21,4.6,1
P032,2023-06,FY24,Legacy,,North East,84887.0,884.0,20,4.6,1
P032,2023-07,FY24,Legacy,,North East,83228.0,867.0,14,4.6,1
P032,2023-08,FY24,Legacy,,North East,79507.0,828.0,22,4.6,1
P032,2023-09,FY24,Legacy,,North East,72110.0,751.0,18,4.6,1
P032,2023-10,FY24,Legacy,,North East,75157.0,783.0,23,4.6,1
P032,2023-11,FY24,Legacy,,North East,67883.0,707.0,10,4.6,1
P032,2023-12,FY24,Legacy,,North East,74276.0,774.0,18,4.6,1
P032,2024-01,FY24,Legacy,,North East,77694.0,809.0,22,4.6,1
P032,2024-02,FY24,Legacy,,North East,75881.0,790.0,12,4.6,1
P032,2024-03,FY24,Legacy,,North East,73934.0,770.0,14,4.6,1
P032,2024-04,FY25,Legacy,,North East,80587.0,839.0,13,4.6,1
P032,2024-05,FY25,Legacy,,North East,81660.0,851.0,17,4.6,1
P032,2024-06,FY25,Legacy,,North East,82819.0,863.0,20,4.6,1
P032,2024-07,FY25,Legacy,,North East,78905.0,822.0,18,4.6,1
P032,2024-08,FY25,Legacy,,North East,69950.0,729.0,12,4.6,1
P032,2024-09,FY25,Legacy,,North East,85715.0,893.0,20,4.6,1
P032,2024-10,FY25,Legacy,,North East,88883.0,926.0,15,4.6,1
P032,2024-11,FY25,Legacy,,North East,81666.0,851.0,16,4.6,1
P032,2024-12,FY25,Legacy,,North East,79010.0,823.0,14,4.6,1
P032,2025-01,FY25,Legacy,,North East,85345.0,889.0,17,4.6,1
P032,2025-02,FY25,Legacy,,North East,77898.0,811.0,19,4.6,1
P032,2025-03,FY25,Legacy,,North East,86082.0,897.0,14,4.6,1
P033,2022-10,FY23,Legacy,,Wales,65303.0,680.0,13,4.44,1
P033,2022-11,FY23,Legacy,,Wales,57229.0,596.0,10,4.44,1
P033,2022-12,FY23,Legacy,,Wales,51527.0,537.0,11,4.44,1
P033,2023-01,FY23,Legacy,,Wales,67560.0,704.0,9,4.44,1
P033,2023-02,FY23,Legacy,,Wales,55785.0,581.0,14,4.44,1
P033,2023-03,FY23,Legacy,,Wales,64332.0,670.0,10,4.44,1
P033,2023-04,FY24,Legacy,,Wales,64921.0,676.0,14,4.44,1
P033,2023-05,FY24,Legacy,,Wales,62916.0,655.0,13,4.44,1
P033,2023-06,FY24,Legacy,,Wales,56197.0,585.0,12,4.44,1
P033,2023-07,FY24,Legacy,,Wales,59602.0,621.0,11,4.44,1
P033,2023-08,FY24,Legacy,,Wales,66357.0,691.0,10,4.44,1
P033,2023-09,FY24,Legacy,,Wales,64235.0,669.0,14,4.44,1
P033,2023-10,FY24,Legacy,,Wales,65543.0,683.0,12,4.44,1
P033,2023-11,FY24,Legacy,,Wales,64678.0,674.0,18,4.44,1
P033,2023-12,FY24,Legacy,,Wales,61156.0,637.0,11,4.44,1
P033,2024-01,FY24,Legacy,,Wales,61960.0,645.0,7,4.44,1
P033,2024-02,FY24,Legacy,,Wales,56380.0,587.0,7,4.44,1
P033,2024-03,FY24,Legacy,,Wales,61959.0,645.0,15,4.44,1
P033,2024-04,FY25,Legacy,,Wales,68585.0,714.0,19,4.44,1
P033,2024-05,FY25,Legacy,,Wales,69452.0,723.0,17,4.44,1
P033,2024-06,FY25,Legacy,,Wales,71560.0,745.0,22,4.44,1
P033,2024-07,FY25,Legacy,,Wales,64574.0,673.0,12,4.44,1
P033,2024-08,FY25,Legacy,,Wales,58599.0,610.0,6,4.44,1
P033,2024-09,FY25,Legacy,,Wales,73971.0,771.0,19,4.44,1
P033,2024-10,FY25,Legacy,,Wales,63426.0,661.0,23,4.44,1
P033,2024-11,FY25,Legacy,,Wales,53770.0,560.0,19,4.44,1
P033,2024-12,FY25,Legacy,,Wales,53675.0,559.0,14,4.44,1
P033,2025-01,FY25,Legacy,,Wales,65710.0,684.0,23,4.44,1
P033,2025-02,FY25,Legacy,,Wales,59640.0,621.0,22,4.44,1
P033,2025-03,FY25,Legacy,,Wales,65309.0,680.0,15,4.44,1
P034,2022-10,FY23,Legacy,,South East,71714.0,747.0,24,4.48,1
P034,2022-11,FY23,Legacy,,South East,69162.0,720.0,12,4.48,1
P034,2022-12,FY23,Legacy,,South East,59155.0,616.0,12,4.48,1
P034,2023-01,FY23,Legacy,,South East,67632.0,704.0,10,4.48,1
P034,2023-02,FY23,Legacy,,South East,68387.0,712.0,19,4.48,1
P034,2023-03,FY23,Legacy,,South East,72055.0,751.0,19,4.48,1
P034,2023-04,FY24,Legacy,,South East,65056.0,678.0,19,4.48,1
P034,2023-05,FY24,Legacy,,South East,73206.0,763.0,12,4.48,1
P034,2023-06,FY24,Legacy,,South East,66944.0,697.0,13,4.48,1
P034,2023-07,FY24,Legacy,,South East,74092.0,772.0,6,4.48,1
P034,2023-08,FY24,Legacy,,South East,68952.0,718.0,18,4.48,1
P034,2023-09,FY24,Legacy,,South East,71279.0,742.0,12,4.48,1
P034,2023-10,FY24,Legacy,,South East,64486.0,672.0,19,4.48,1
P034,2023-11,FY24,Legacy,,South East,69352.0,722.0,17,4.48,1
P034,2023-12,FY24,Legacy,,South East,64448.0,671.0,18,4.48,1
P034,2024-01,FY24,Legacy,,South East,72036.0,750.0,17,4.48,1
P034,2024-02,FY24,Legacy,,South East,70610.0,736.0,17,4.48,1
P034,2024-03,FY24,Legacy,,South East,69510.0,724.0,12,4.48,1
P034,2024-04,FY25,Legacy,,South East,71906.0,749.0,9,4.48,1
P034,2024-05,FY25,Legacy,,South East,80726.0,841.0,14,4.48,1
P034,2024-06,FY25,Legacy,,South East,81545.0,849.0,11,4.48,1
P034,2024-07,FY25,Legacy,,South East,83606.0,871.0,22,4.48,1
P034,2024-08,FY25,Legacy,,South East,72207.0,752.0,15,4.48,1
P034,2024-09,FY25,Legacy,,South East,67287.0,701.0,14,4.48,1
P034,2024-10,FY25,Legacy,,South East,79300.0,826.0,22,4.48,1
P034,2024-11,FY25,Legacy,,South East,72590.0,756.0,23,4.48,1
P034,2024-12,FY25,Legacy,,South East,65908.0,687.0,15,4.48,1
P034,2025-01,FY25,Legacy,,South East,82309.0,857.0,19,4.48,1
P034,2025-02,FY25,Legacy,,South East,64558.0,672.0,22,4.48,1
P034,2025-03,FY25,Legacy,,South East,77016.0,802.0,32,4.48,1
P035,2022-10,FY23,Legacy,,South East,50622.0,527.0,5,4.23,1
P035,2022-11,FY23,Legacy,,South East,41435.0,432.0,15,4.23,1
P035,2022-12,FY23,Legacy,,South East,46711.0,487.0,11,4.23,1
P035,2023-01,FY23,Legacy,,South East,48012.0,500.0,12,4.23,1
P035,2023-02,FY23,Legacy,,South East,48389.0,504.0,16,4.23,1
P035,2023-03,FY23,Legacy,,South East,46616.0,486.0,9,4.23,1
P035,2023-04,FY24,Legacy,,South East,56547.0,589.0,16,4.23,1
P035,2023-05,FY24,Legacy,,South East,46154.0,481.0,13,4.23,1
P035,2023-06,FY24,Legacy,,South East,54179.0,564.0,17,4.23,1
P035,2023-07,FY24,Legacy,,South East,50411.0,525.0,14,4.23,1
P035,2023-08,FY24,Legacy,,South East,44843.0,467.0,12,4.23,1
P035,2023-09,FY24,Legacy,,South East,55388.0,577.0,15,4.23,1
P035,2023-10,FY24,Legacy,,South East,50573.0,527.0,7,4.23,1
P035,2023-11,FY24,Legacy,,South East,45058.0,469.0,11,4.23,1
P035,2023-12,FY24,Legacy,,South East,42066.0,438.0,7,4.23,1
P035,2024-01,FY24,Legacy,,South East,58199.0,606.0,12,4.23,1
P035,2024-02,FY24,Legacy,,South East,51174.0,533.0,9,4.23,1
P035,2024-03,FY24,Legacy,,South East,58665.0,611.0,10,4.23,1
P035,2024-04,FY25,Legacy,,South East,58412.0,608.0,10,4.23,1
P035,2024-05,FY25,Legacy,,South East,57084.0,595.0,8,4.23,1
P035,2024-06,FY25,Legacy,,South East,49952.0,520.0,13,4.23,1
P035,2024-07,FY25,Legacy,,South East,60029.0,625.0,16,4.23,1
P035,2024-08,FY25,Legacy,,South East,48823.0,509.0,6,4.23,1
P035,2024-09,FY25,Legacy,,South East,57021.0,594.0,10,4.23,1
P035,2024-10,FY25,Legacy,,South East,54861.0,571.0,16,4.23,1
P035,2024-11,FY25,Legacy,,South East,51268.0,534.0,13,4.23,1
P035,2024-12,FY25,Legacy,,South East,58704.0,611.0,15,4.23,1
P035,2025-01,FY25,Legacy,,South East,57501.0,599.0,9,4.23,1
P035,2025-02,FY25,Legacy,,South East,47822.0,498.0,9,4.23,1
P035,2025-03,FY25,Legacy,,South East,56211.0,586.0,12,4.23,1
P036,2022-10,FY23,Legacy,,Scotland,59418.0,619.0,7,4.79,1
P036,2022-11,FY23,Legacy,,Scotland,64182.0,669.0,14,4.79,1
P036,2022-12,FY23,Legacy,,Scotland,63946.0,666.0,13,4.79,1
P036,2023-01,FY23,Legacy,,Scotland,62779.0,654.0,18,4.79,1
P036,2023-02,FY23,Legacy,,Scotland,59474.0,620.0,8,4.79,1
P036,2023-03,FY23,Legacy,,Scotland,70938.0,739.0,15,4.79,1
P036,2023-04,FY24,Legacy,,Scotland,71982.0,750.0,15,4.79,1
P036,2023-05,FY24,Legacy,,Scotland,71839.0,748.0,14,4.79,1
P036,2023-06,FY24,Legacy,,Scotland,68135.0,710.0,18,4.79,1
P036,2023-07,FY24,Legacy,,Scotland,74654.0,778.0,15,4.79,1
P036,2023-08,FY24,Legacy,,Scotland,67082.0,699.0,18,4.79,1
P036,2023-09,FY24,Legacy,,Scotland,68809.0,717.0,9,4.79,1
P036,2023-10,FY24,Legacy,,Scotland,63494.0,661.0,17,4.79,1
P036,2023-11,FY24,Legacy,,Scotland,62328.0,649.0,9,4.79,1
P036,2023-12,FY24,Legacy,,Scotland,63511.0,662.0,14,4.79,1
P036,2024-01,FY24,Legacy,,Scotland,64383.0,671.0,19,4.79,1
P036,2024-02,FY24,Legacy,,Scotland,59030.0,615.0,12,4.79,1
P036,2024-03,FY24,Legacy,,Scotland,79798.0,831.0,16,4.79,1
P036,2024-04,FY25,Legacy,,Scotland,68064.0,709.0,9,4.79,1
P036,2024-05,FY25,Legacy,,Scotland,73909.0,770.0,13,4.79,1
P036,2024-06,FY25,Legacy,,Scotland,71056.0,740.0,13,4.79,1
P036,2024-07,FY25,Legacy,,Scotland,74568.0,777.0,13,4.79,1
P036,2024-08,FY25,Legacy,,Scotland,65004.0,677.0,15,4.79,1
P036,2024-09,FY25,Legacy,,Scotland,80754.0,841.0,14,4.79,1
P036,2024-10,FY25,Legacy,,Scotland,72677.0,757.0,15,4.79,1
P036,2024-11,FY25,Legacy,,Scotland,70151.0,731.0,22,4.79,1
P036,2024-12,FY25,Legacy,,Scotland,68633.0,715.0,19,4.79,1
P036,2025-01,FY25,Legacy,,Scotland,66015.0,688.0,14,4.79,1
P036,2025-02,FY25,Legacy,,Scotland,70034.0,730.0,17,4.79,1
P036,2025-03,FY25,Legacy,,Scotland,77063.0,803.0,12,4.79,1
P037,2022-10,FY23,Legacy,,Scotland,105571.0,1100.0,19,4.67,1
P037,2022-11,FY23,Legacy,,Scotland,97370.0,1014.0,19,4.67,1
P037,2022-12,FY23,Legacy,,Scotland,110094.0,1147.0,23,4.67,1
P037,2023-01,FY23,Legacy,,Scotland,98170.0,1023.0,23,4.67,1
P037,2023-02,FY23,Legacy,,Scotland,86543.0,901.0,14,4.67,1
P037,2023-03,FY23,Legacy,,Scotland,103930.0,1083.0,15,4.67,1
P037,2023-04,FY24,Legacy,,Scotland,108112.0,1126.0,28,4.67,1
P037,2023-05,FY24,Legacy,,Scotland,108281.0,1128.0,22,4.67,1
P037,2023-06,FY24,Legacy,,Scotland,113201.0,1179.0,22,4.67,1
P037,2023-07,FY24,Legacy,,Scotland,101049.0,1053.0,32,4.67,1
P037,2023-08,FY24,Legacy,,Scotland,96213.0,1002.0,19,4.67,1
P037,2023-09,FY24,Legacy,,Scotland,98416.0,1025.0,21,4.67,1
P037,2023-10,FY24,Legacy,,Scotland,106031.0,1104.0,23,4.67,1
P037,2023-11,FY24,Legacy,,Scotland,107397.0,1119.0,33,4.67,1
P037,2023-12,FY24,Legacy,,Scotland,97744.0,1018.0,19,4.67,1
P037,2024-01,FY24,Legacy,,Scotland,108213.0,1127.0,17,4.67,1
P037,2024-02,FY24,Legacy,,Scotland,97641.0,1017.0,18,4.67,1
P037,2024-03,FY24,Legacy,,Scotland,117276.0,1222.0,22,4.67,1
P037,2024-04,FY25,Legacy,,Scotland,114315.0,1191.0,30,4.67,1
P037,2024-05,FY25,Legacy,,Scotland,123386.0,1285.0,24,4.67,1
P037,2024-06,FY25,Legacy,,Scotland,114652.0,1194.0,22,4.67,1
P037,2024-07,FY25,Legacy,,Scotland,123715.0,1289.0,24,4.67,1
P037,2024-08,FY25,Legacy,,Scotland,104898.0,1093.0,28,4.67,1
P037,2024-09,FY25,Legacy,,Scotland,127684.0,1330.0,38,4.67,1
P037,2024-10,FY25,Legacy,,Scotland,103549.0,1079.0,31,4.67,1
P037,2024-11,FY25,Legacy,,Scotland,116195.0,1210.0,30,4.67,1
P037,2024-12,FY25,Legacy,,Scotland,110881.0,1155.0,31,4.67,1
P037,2025-01,FY25,Legacy,,Scotland,111632.0,1163.0,26,4.67,1
P037,2025-02,FY25,Legacy,,Scotland,106014.0,1104.0,33,4.67,1
P037,2025-03,FY25,Legacy,,Scotland,120497.0,1255.0,25,4.67,1
P038,2022-10,FY23,Legacy,,South East,48250.0,503.0,8,4.11,1
P038,2022-11,FY23,Legacy,,South East,48546.0,506.0,13,4.11,1
P038,2022-12,FY23,Legacy,,South East,43496.0,453.0,7,4.11,1
P038,2023-01,FY23,Legacy,,South East,43957.0,458.0,6,4.11,1
P038,2023-02,FY23,Legacy,,South East,46524.0,485.0,11,4.11,1
P038,2023-03,FY23,Legacy,,South East,50398.0,525.0,11,4.11,1
P038,2023-04,FY24,Legacy,,South East,50574.0,527.0,16,4.11,1
P038,2023-05,FY24,Legacy,,South East,56841.0,592.0,17,4.11,1
P038,2023-06,FY24,Legacy,,South East,54224.0,565.0,8,4.11,1
P038,2023-07,FY24,Legacy,,South East,53549.0,558.0,10,4.11,1
P038,2023-08,FY24,Legacy,,South East,48373.0,504.0,16,4.11,1
P038,2023-09,FY24,Legacy,,South East,57725.0,601.0,10,4.11,1
P038,2023-10,FY24,Legacy,,South East,51436.0,536.0,10,4.11,1
P038,2023-11,FY24,Legacy,,South East,52782.0,550.0,14,4.11,1
P038,2023-12,FY24,Legacy,,South East,45521.0,474.0,14,4.11,1
P038,2024-01,FY24,Legacy,,South East,55299.0,576.0,17,4.11,1
P038,2024-02,FY24,Legacy,,South East,43828.0,457.0,12,4.11,1
P038,2024-03,FY24,Legacy,,South East,48765.0,508.0,11,4.11,1
P038,2024-04,FY25,Legacy,,South East,51718.0,539.0,10,4.11,1
P038,2024-05,FY25,Legacy,,South East,52422.0,546.0,15,4.11,1
P038,2024-06,FY25,Legacy,,South East,64001.0,667.0,16,4.11,1
P038,2024-07,FY25,Legacy,,South East,51873.0,540.0,5,4.11,1
P038,2024-08,FY25,Legacy,,South East,60221.0,627.0,10,4.11,1
P038,2024-09,FY25,Legacy,,South East,53215.0,554.0,15,4.11,1
P038,2024-10,FY25,Legacy,,South East,51000.0,531.0,14,4.11,1
P038,2024-11,FY25,Legacy,,South East,54417.0,567.0,16,4.11,1
P038,2024-12,FY25,Legacy,,South East,51112.0,532.0,6,4.11,1
P038,2025-01,FY25,Legacy,,South East,52225.0,544.0,16,4.11,1
P038,2025-02,FY25,Legacy,,South East,53225.0,554.0,9,4.11,1
P038,2025-03,FY25,Legacy,,South East,52939.0,551.0,7,4.11,1
P039,2022-10,FY23,Legacy,,Wales,63165.0,658.0,12,4.83,1
P039,2022-11,FY23,Legacy,,Wales,58255.0,607.0,8,4.83,1
P039,2022-12,FY23,Legacy,,Wales,57977.0,604.0,18,4.83,1
P039,2023-01,FY23,Legacy,,Wales,60190.0,627.0,12,4.83,1
P039,2023-02,FY23,Legacy,,Wales,57454.0,598.0,15,4.83,1
P039,2023-03,FY23,Legacy,,Wales,56904.0,593.0,12,4.83,1
P039,2023-04,FY24,Legacy,,Wales,60342.0,629.0,12,4.83,1
P039,2023-05,FY24,Legacy,,Wales,68762.0,716.0,8,4.83,1
P039,2023-06,FY24,Legacy,,Wales,64990.0,677.0,19,4.83,1
P039,2023-07,FY24,Legacy,,Wales,62865.0,655.0,8,4.83,1
P039,2023-08,FY24,Legacy,,Wales,65926.0,687.0,8,4.83,1
P039,2023-09,FY24,Legacy,,Wales,61600.0,642.0,11,4.83,1
P039,2023-10,FY24,Legacy,,Wales,70231.0,732.0,12,4.83,1
P039,2023-11,FY24,Legacy,,Wales,57012.0,594.0,10,4.83,1
P039,2023-12,FY24,Legacy,,Wales,61367.0,639.0,12,4.83,1
P039,2024-01,FY24,Legacy,,Wales,71081.0,740.0,20,4.83,1
P039,2024-02,FY24,Legacy,,Wales,64005.0,667.0,7,4.83,1
P039,2024-03,FY24,Legacy,,Wales,65913.0,687.0,24,4.83,1
P039,2024-04,FY25,Legacy,,Wales,68116.0,710.0,13,4.83,1
P039,2024-05,FY25,Legacy,,Wales,72091.0,751.0,12,4.83,1
P039,2024-06,FY25,Legacy,,Wales,66426.0,692.0,14,4.83,1
P039,2024-07,FY25,Legacy,,Wales,68713.0,716.0,15,4.83,1
P039,2024-08,FY25,Legacy,,Wales,59101.0,616.0,11,4.83,1
P039,2024-09,FY25,Legacy,,Wales,67624.0,704.0,21,4.83,1
P039,2024-10,FY25,Legacy,,Wales,67671.0,705.0,11,4.83,1
P039,2024-11,FY25,Legacy,,Wales,75504.0,786.0,17,4.83,1
P039,2024-12,FY25,Legacy,,Wales,63680.0,663.0,9,4.83,1
P039,2025-01,FY25,Legacy,,Wales,66902.0,697.0,20,4.83,1
P039,2025-02,FY25,Legacy,,Wales,64229.0,669.0,20,4.83,1
P039,2025-03,FY25,Legacy,,Wales,74591.0,777.0,16,4.83,1
P040,2022-10,FY23,Legacy,,Wales,54057.0,563.0,17,4.45,1
P040,2022-11,FY23,Legacy,,Wales,58643.0,611.0,17,4.45,1
P040,2022-12,FY23,Legacy,,Wales,56817.0,592.0,14,4.45,1
P040,2023-01,FY23,Legacy,,Wales,51155.0,533.0,14,4.45,1
P040,2023-02,FY23,Legacy,,Wales,50881.0,530.0,15,4.45,1
P040,2023-03,FY23,Legacy,,Wales,60409.0,629.0,17,4.45,1
P040,2023-04,FY24,Legacy,,Wales,57151.0,595.0,8,4.45,1
P040,2023-05,FY24,Legacy,,Wales,64420.0,671.0,10,4.45,1
P040,2023-06,FY24,Legacy,,Wales,53754.0,560.0,11,4.45,1
P040,2023-07,FY24,Legacy,,Wales,53110.0,553.0,12,4.45,1
P040,2023-08,FY24,Legacy,,Wales,56313.0,587.0,13,4.45,1
P040,2023-09,FY24,Legacy,,Wales,62187.0,648.0,19,4.45,1
P040,2023-10,FY24,Legacy,,Wales,60738.0,633.0,7,4.45,1
P040,2023-11,FY24,Legacy,,Wales,57175.0,596.0,15,4.45,1
P040,2023-12,FY24,Legacy,,Wales,58078.0,605.0,11,4.45,1
P040,2024-01,FY24,Legacy,,Wales,64093.0,668.0,16,4.45,1
P040,2024-02,FY24,Legacy,,Wales,58168.0,606.0,12,4.45,1
P040,2024-03,FY24,Legacy,,Wales,58947.0,614.0,5,4.45,1
P040,2024-04,FY25,Legacy,,Wales,52337.0,545.0,13,4.45,1
P040,2024-05,FY25,Legacy,,Wales,60808.0,633.0,12,4.45,1
P040,2024-06,FY25,Legacy,,Wales,68435.0,713.0,16,4.45,1
P040,2024-07,FY25,Legacy,,Wales,60471.0,630.0,16,4.45,1
P040,2024-08,FY25,Legacy,,Wales,65887.0,686.0,8,4.45,1
P040,2024-09,FY25,Legacy,,Wales,62900.0,655.0,11,4.45,1
P040,2024-10,FY25,Legacy,,Wales,55628.0,579.0,11,4.45,1
P040,2024-11,FY25,Legacy,,Wales,56778.0,591.0,13,4.45,1
P040,2024-12,FY25,Legacy,,Wales,50937.0,531.0,12,4.45,1
P040,2025-01,FY25,Legacy,,Wales,58160.0,606.0,12,4.45,1
P040,2025-02,FY25,Legacy,,Wales,53116.0,553.0,11,4.45,1
P040,2025-03,FY25,Legacy,,Wales,69714.0,726.0,21,4.45,1
P041,2022-10,FY23,Legacy,,South West,66752.0,695.0,14,4.07,1
P041,2022-11,FY23,Legacy,,South West,62472.0,651.0,10,4.07,1
P041,2022-12,FY23,Legacy,,South West,60049.0,626.0,19,4.07,1
P041,2023-01,FY23,Legacy,,South West,68379.0,712.0,18,4.07,1
P041,2023-02,FY23,Legacy,,South West,55983.0,583.0,10,4.07,1
P041,2023-03,FY23,Legacy,,South West,69776.0,727.0,10,4.07,1
P041,2023-04,FY24,Legacy,,South West,61079.0,636.0,12,4.07,1
P041,2023-05,FY24,Legacy,,South West,70839.0,738.0,14,4.07,1
P041,2023-06,FY24,Legacy,,South West,72617.0,756.0,26,4.07,1
P041,2023-07,FY24,Legacy,,South West,60263.0,628.0,16,4.07,1
P041,2023-08,FY24,Legacy,,South West,71900.0,749.0,16,4.07,1
P041,2023-09,FY24,Legacy,,South West,69345.0,722.0,18,4.07,1
P041,2023-10,FY24,Legacy,,South West,66894.0,697.0,18,4.07,1
P041,2023-11,FY24,Legacy,,South West,61512.0,641.0,13,4.07,1
P041,2023-12,FY24,Legacy,,South West,65836.0,686.0,14,4.07,1
P041,2024-01,FY24,Legacy,,South West,71389.0,744.0,15,4.07,1
P041,2024-02,FY24,Legacy,,South West,64747.0,674.0,11,4.07,1
P041,2024-03,FY24,Legacy,,South West,67535.0,703.0,19,4.07,1
P041,2024-04,FY25,Legacy,,South West,69855.0,728.0,18,4.07,1
P041,2024-05,FY25,Legacy,,South West,75170.0,783.0,15,4.07,1
P041,2024-06,FY25,Legacy,,South West,70189.0,731.0,14,4.07,1
P041,2024-07,FY25,Legacy,,South West,72709.0,757.0,13,4.07,1
P041,2024-08,FY25,Legacy,,South West,62274.0,649.0,11,4.07,1
P041,2024-09,FY25,Legacy,,South West,73349.0,764.0,14,4.07,1
P041,2024-10,FY25,Legacy,,South West,67924.0,708.0,17,4.07,1
P041,2024-11,FY25,Legacy,,South West,66040.0,688.0,18,4.07,1
P041,2024-12,FY25,Legacy,,South West,61057.0,636.0,18,4.07,1
P041,2025-01,FY25,Legacy,,South West,74524.0,776.0,15,4.07,1
P041,2025-02,FY25,Legacy,,South West,77067.0,803.0,16,4.07,1
P041,2025-03,FY25,Legacy,,South West,76707.0,799.0,10,4.07,1
P042,2022-10,FY23,Legacy,,Scotland,132618.0,1381.0,35,4.9,1
P042,2022-11,FY23,Legacy,,Scotland,118855.0,1238.0,24,4.9,1
P042,2022-12,FY23,Legacy,,Scotland,123668.0,1288.0,25,4.9,1
P042,2023-01,FY23,Legacy,,Scotland,106497.0,1109.0,28,4.9,1
P042,2023-02,FY23,Legacy,,Scotland,120957.0,1260.0,22,4.9,1
P042,2023-03,FY23,Legacy,,Scotland,138267.0,1440.0,31,4.9,1
P042,2023-04,FY24,Legacy,,Scotland,128198.0,1335.0,32,4.9,1
P042,2023-05,FY24,Legacy,,Scotland,131608.0,1371.0,15,4.9,1
P042,2023-06,FY24,Legacy,,Scotland,129034.0,1344.0,36,4.9,1
P042,2023-07,FY24,Legacy,,Scotland,142207.0,1481.0,31,4.9,1
P042,2023-08,FY24,Legacy,,Scotland,126439.0,1317.0,21,4.9,1
P042,2023-09,FY24,Legacy,,Scotland,117015.0,1219.0,33,4.9,1
P042,2023-10,FY24,Legacy,,Scotland,121113.0,1262.0,18,4.9,1
P042,2023-11,FY24,Legacy,,Scotland,123124.0,1283.0,26,4.9,1
P042,2023-12,FY24,Legacy,,Scotland,110602.0,1152.0,21,4.9,1
P042,2024-01,FY24,Legacy,,Scotland,124482.0,1297.0,29,4.9,1
P042,2024-02,FY24,Legacy,,Scotland,115309.0,1201.0,25,4.9,1
P042,2024-03,FY24,Legacy,,Scotland,124266.0,1294.0,31,4.9,1
P042,2024-04,FY25,Legacy,,Scotland,138263.0,1440.0,39,4.9,1
P042,2024-05,FY25,Legacy,,Scotland,123011.0,1281.0,14,4.9,1
P042,2024-06,FY25,Legacy,,Scotland,150478.0,1567.0,31,4.9,1
P042,2024-07,FY25,Legacy,,Scotland,150826.0,1571.0,32,4.9,1
P042,2024-08,FY25,Legacy,,Scotland,123122.0,1283.0,18,4.9,1
P042,2024-09,FY25,Legacy,,Scotland,146306.0,1524.0,31,4.9,1
P042,2024-10,FY25,Legacy,,Scotland,134427.0,1400.0,34,4.9,1
P042,2024-11,FY25,Legacy,,Scotland,137500.0,1432.0,34,4.9,1
P042,2024-12,FY25,Legacy,,Scotland,107133.0,1116.0,16,4.9,1
P042,2025-01,FY25,Legacy,,Scotland,135700.0,1414.0,39,4.9,1
P042,2025-02,FY25,Legacy,,Scotland,114962.0,1198.0,25,4.9,1
P042,2025-03,FY25,Legacy,,Scotland,117272.0,1222.0,38,4.9,1
P043,2022-10,FY23,Legacy,,South East,105819.0,1102.0,18,4.28,1
P043,2022-11,FY23,Legacy,,South East,94149.0,981.0,19,4.28,1
P043,2022-12,FY23,Legacy,,South East,97517.0,1016.0,17,4.28,1
P043,2023-01,FY23,Legacy,,South East,93385.0,973.0,17,4.28,1
P043,2023-02,FY23,Legacy,,South East,93701.0,976.0,18,4.28,1
P043,2023-03,FY23,Legacy,,South East,100275.0,1045.0,16,4.28,1
P043,2023-04,FY24,Legacy,,South East,121524.0,1266.0,23,4.28,1
P043,2023-05,FY24,Legacy,,South East,99829.0,1040.0,18,4.28,1
P043,2023-06,FY24,Legacy,,South East,110946.0,1156.0,20,4.28,1
P043,2023-07,FY24,Legacy,,South East,113995.0,1187.0,25,4.28,1
P043,2023-08,FY24,Legacy,,South East,104197.0,1085.0,19,4.28,1
P043,2023-09,FY24,Legacy,,South East,109902.0,1145.0,19,4.28,1
P043,2023-10,FY24,Legacy,,South East,101271.0,1055.0,23,4.28,1
P043,2023-11,FY24,Legacy,,South East,109296.0,1139.0,29,4.28,1
P043,2023-12,FY24,Legacy,,South East,100389.0,1046.0,19,4.28,1
P043,2024-01,FY24,Legacy,,South East,107215.0,1117.0,31,4.28,1
P043,2024-02,FY24,Legacy,,South East,103233.0,1075.0,19,4.28,1
P043,2024-03,FY24,Legacy,,South East,117095.0,1220.0,26,4.28,1
P043,2024-04,FY25,Legacy,,South East,101564.0,1058.0,27,4.28,1
P043,2024-05,FY25,Legacy,,South East,120526.0,1255.0,23,4.28,1
P043,2024-06,FY25,Legacy,,South East,115589.0,1204.0,19,4.28,1
P043,2024-07,FY25,Legacy,,South East,106781.0,1112.0,27,4.28,1
P043,2024-08,FY25,Legacy,,South East,100297.0,1045.0,22,4.28,1
P043,2024-09,FY25,Legacy,,South East,118125.0,1230.0,29,4.28,1
P043,2024-10,FY25,Legacy,,South East,122965.0,1281.0,21,4.28,1
P043,2024-11,FY25,Legacy,,South East,119446.0,1244.0,27,4.28,1
P043,2024-12,FY25,Legacy,,South East,112301.0,1170.0,31,4.28,1
P043,2025-01,FY25,Legacy,,South East,100012.0,1042.0,17,4.28,1
P043,2025-02,FY25,Legacy,,South East,111431.0,1161.0,23,4.28,1
P043,2025-03,FY25,Legacy,,South East,102409.0,1067.0,30,4.28,1
P044,2022-10,FY23,Legacy,,South East,42611.0,444.0,15,4.35,1
P044,2022-11,FY23,Legacy,,South East,48864.0,509.0,8,4.35,1
P044,2022-12,FY23,Legacy,,South East,43938.0,458.0,13,4.35,1
P044,2023-01,FY23,Legacy,,South East,42664.0,444.0,8,4.35,1
P044,2023-02,FY23,Legacy,,South East,40571.0,423.0,13,4.35,1
P044,2023-03,FY23,Legacy,,South East,48330.0,503.0,10,4.35,1
P044,2023-04,FY24,Legacy,,South East,46877.0,488.0,6,4.35,1
P044,2023-05,FY24,Legacy,,South East,48134.0,501.0,14,4.35,1
P044,2023-06,FY24,Legacy,,South East,46036.0,480.0,7,4.35,1
P044,2023-07,FY24,Legacy,,South East,49737.0,518.0,12,4.35,1
P044,2023-08,FY24,Legacy,,South East,45500.0,474.0,12,4.35,1
P044,2023-09,FY24,Legacy,,South East,51874.0,540.0,16,4.35,1
P044,2023-10,FY24,Legacy,,South East,56818.0,592.0,15,4.35,1
P044,2023-11,FY24,Legacy,,South East,57327.0,597.0,7,4.35,1
P044,2023-12,FY24,Legacy,,South East,43433.0,452.0,8,4.35,1
P044,2024-01,FY24,Legacy,,South East,45368.0,473.0,9,4.35,1
P044,2024-02,FY24,Legacy,,South East,42262.0,440.0,14,4.35,1
P044,2024-03,FY24,Legacy,,South East,50956.0,531.0,8,4.35,1
P044,2024-04,FY25,Legacy,,South East,45271.0,472.0,9,4.35,1
P044,2024-05,FY25,Legacy,,South East,53045.0,553.0,12,4.35,1
P044,2024-06,FY25,Legacy,,South East,50537.0,526.0,14,4.35,1
P044,2024-07,FY25,Legacy,,South East,49277.0,513.0,16,4.35,1
P044,2024-08,FY25,Legacy,,South East,50594.0,527.0,10,4.35,1
P044,2024-09,FY25,Legacy,,South East,47608.0,496.0,11,4.35,1
P044,2024-10,FY25,Legacy,,South East,51738.0,539.0,7,4.35,1
P044,2024-11,FY25,Legacy,,South East,47913.0,499.0,11,4.35,1
P044,2024-12,FY25,Legacy,,South East,43788.0,456.0,7,4.35,1
P044,2025-01,FY25,Legacy,,South East,49214.0,513.0,7,4.35,1
P044,2025-02,FY25,Legacy,,South East,48077.0,501.0,11,4.35,1
P044,2025-03,FY25,Legacy,,South East,50326.0,524.0,5,4.35,1
P045,2022-10,FY23,Legacy,,Midlands,65932.0,687.0,20,4.25,1
P045,2022-11,FY23,Legacy,,Midlands,64435.0,671.0,14,4.25,1
P045,2022-12,FY23,Legacy,,Midlands,56667.0,590.0,7,4.25,1
P045,2023-01,FY23,Legacy,,Midlands,57658.0,601.0,10,4.25,1
P045,2023-02,FY23,Legacy,,Midlands,57978.0,604.0,11,4.25,1
P045,2023-03,FY23,Legacy,,Midlands,61667.0,642.0,22,4.25,1
P045,2023-04,FY24,Legacy,,Midlands,63476.0,661.0,12,4.25,1
P045,2023-05,FY24,Legacy,,Midlands,67624.0,704.0,14,4.25,1
P045,2023-06,FY24,Legacy,,Midlands,66560.0,693.0,22,4.25,1
P045,2023-07,FY24,Legacy,,Midlands,72823.0,759.0,17,4.25,1
P045,2023-08,FY24,Legacy,,Midlands,62135.0,647.0,18,4.25,1
P045,2023-09,FY24,Legacy,,Midlands,68604.0,715.0,10,4.25,1
P045,2023-10,FY24,Legacy,,Midlands,59427.0,619.0,13,4.25,1
P045,2023-11,FY24,Legacy,,Midlands,60546.0,631.0,13,4.25,1
P045,2023-12,FY24,Legacy,,Midlands,52856.0,551.0,11,4.25,1
P045,2024-01,FY24,Legacy,,Midlands,62603.0,652.0,17,4.25,1
P045,2024-02,FY24,Legacy,,Midlands,62494.0,651.0,10,4.25,1
P045,2024-03,FY24,Legacy,,Midlands,65575.0,683.0,17,4.25,1
P045,2024-04,FY25,Legacy,,Midlands,61709.0,643.0,15,4.25,1
P045,2024-05,FY25,Legacy,,Midlands,72209.0,752.0,14,4.25,1
P045,2024-06,FY25,Legacy,,Midlands,69027.0,719.0,13,4.25,1
P045,2024-07,FY25,Legacy,,Midlands,64878.0,676.0,12,4.25,1
P045,2024-08,FY25,Legacy,,Midlands,63283.0,659.0,12,4.25,1
P045,2024-09,FY25,Legacy,,Midlands,62873.0,655.0,14,4.25,1
P045,2024-10,FY25,Legacy,,Midlands,69364.0,723.0,17,4.25,1
P045,2024-11,FY25,Legacy,,Midlands,66692.0,695.0,13,4.25,1
P045,2024-12,FY25,Legacy,,Midlands,62664.0,653.0,10,4.25,1
P045,2025-01,FY25,Legacy,,Midlands,65898.0,686.0,22,4.25,1
P045,2025-02,FY25,Legacy,,Midlands,69314.0,722.0,6,4.25,1
P045,2025-03,FY25,Legacy,,Midlands,68763.0,716.0,13,4.25,1
P046,2022-10,FY23,Legacy,,North East,82721.0,862.0,17,4.39,1
P046,2022-11,FY23,Legacy,,North East,73788.0,769.0,20,4.39,1
P046,2022-12,FY23,Legacy,,North East,68927.0,718.0,18,4.39,1
P046,2023-01,FY23,Legacy,,North East,70834.0,738.0,15,4.39,1
P046,2023-02,FY23,Legacy,,North East,64646.0,673.0,15,4.39,1
P046,2023-03,FY23,Legacy,,North East,72973.0,760.0,16,4.39,1
P046,2023-04,FY24,Legacy,,North East,73526.0,766.0,16,4.39,1
P046,2023-05,FY24,Legacy,,North East,72471.0,755.0,20,4.39,1
P046,2023-06,FY24,Legacy,,North East,78993.0,823.0,14,4.39,1
P046,2023-07,FY24,Legacy,,North East,71325.0,743.0,20,4.39,1
P046,2023-08,FY24,Legacy,,North East,75698.0,789.0,22,4.39,1
P046,2023-09,FY24,Legacy,,North East,69099.0,720.0,19,4.39,1
P046,2023-10,FY24,Legacy,,North East,80696.0,841.0,20,4.39,1
P046,2023-11,FY24,Legacy,,North East,68590.0,714.0,12,4.39,1
P046,2023-12,FY24,Legacy,,North East,68344.0,712.0,15,4.39,1
P046,2024-01,FY24,Legacy,,North East,67665.0,705.0,15,4.39,1
P046,2024-02,FY24,Legacy,,North East,75556.0,787.0,15,4.39,1
P046,2024-03,FY24,Legacy,,North East,74211.0,773.0,18,4.39,1
P046,2024-04,FY25,Legacy,,North East,74454.0,776.0,16,4.39,1
P046,2024-05,FY25,Legacy,,North East,81760.0,852.0,20,4.39,1
P046,2024-06,FY25,Legacy,,North East,81284.0,847.0,25,4.39,1
P046,2024-07,FY25,Legacy,,North East,85580.0,891.0,12,4.39,1
P046,2024-08,FY25,Legacy,,North East,73582.0,766.0,19,4.39,1
P046,2024-09,FY25,Legacy,,North East,75391.0,785.0,20,4.39,1
P046,2024-10,FY25,Legacy,,North East,77026.0,802.0,23,4.39,1
P046,2024-11,FY25,Legacy,,North East,67580.0,704.0,18,4.39,1
P046,2024-12,FY25,Legacy,,North East,72529.0,756.0,11,4.39,1
P046,2025-01,FY25,Legacy,,North East,74163.0,773.0,19,4.39,1
P046,2025-02,FY25,Legacy,,North East,72086.0,751.0,12,4.39,1
P046,2025-03,FY25,Legacy,,North East,80312.0,837.0,30,4.39,1
P047,2022-10,FY23,Legacy,,North East,76795.0,800.0,9,4.37,1
P047,2022-11,FY23,Legacy,,North East,69313.0,722.0,17,4.37,1
P047,2022-12,FY23,Legacy,,North East,65782.0,685.0,19,4.37,1
P047,2023-01,FY23,Legacy,,North East,76317.0,795.0,12,4.37,1
P047,2023-02,FY23,Legacy,,North East,62654.0,653.0,18,4.37,1
P047,2023-03,FY23,Legacy,,North East,76787.0,800.0,22,4.37,1
P047,2023-04,FY24,Legacy,,North East,70540.0,735.0,9,4.37,1
P047,2023-05,FY24,Legacy,,North East,76860.0,801.0,17,4.37,1
P047,2023-06,FY24,Legacy,,North East,75163.0,783.0,15,4.37,1
P047,2023-07,FY24,Legacy,,North East,80348.0,837.0,17,4.37,1
P047,2023-08,FY24,Legacy,,North East,69721.0,726.0,19,4.37,1
P047,2023-09,FY24,Legacy,,North East,84008.0,875.0,20,4.37,1
P047,2023-10,FY24,Legacy,,North East,79624.0,829.0,27,4.37,1
P047,2023-11,FY24,Legacy,,North East,71031.0,740.0,10,4.37,1
P047,2023-12,FY24,Legacy,,North East,73130.0,762.0,19,4.37,1
P047,2024-01,FY24,Legacy,,North East,70450.0,734.0,18,4.37,1
P047,2024-02,FY24,Legacy,,North East,78765.0,820.0,15,4.37,1
P047,2024-03,FY24,Legacy,,North East,80643.0,840.0,10,4.37,1
P047,2024-04,FY25,Legacy,,North East,84437.0,880.0,18,4.37,1
P047,2024-05,FY25,Legacy,,North East,87311.0,909.0,18,4.37,1
P047,2024-06,FY25,Legacy,,North East,83132.0,866.0,17,4.37,1
P047,2024-07,FY25,Legacy,,North East,74570.0,777.0,17,4.37,1
P047,2024-08,FY25,Legacy,,North East,84200.0,877.0,25,4.37,1
P047,2024-09,FY25,Legacy,,North East,71652.0,746.0,23,4.37,1
P047,2024-10,FY25,Legacy,,North East,71513.0,745.0,15,4.37,1
P047,2024-11,FY25,Legacy,,North East,71352.0,743.0,20,4.37,1
P047,2024-12,FY25,Legacy,,North East,78630.0,819.0,22,4.37,1
P047,2025-01,FY25,Legacy,,North East,76096.0,793.0,16,4.37,1
P047,2025-02,FY25,Legacy,,North East,80447.0,838.0,17,4.37,1
P047,2025-03,FY25,Legacy,,North East,80618.0,840.0,15,4.37,1
P048,2022-10,FY23,Legacy,,South West,56813.0,592.0,14,4.16,1
P048,2022-11,FY23,Legacy,,South West,55621.0,579.0,12,4.16,1
P048,2022-12,FY23,Legacy,,South West,42449.0,442.0,12,4.16,1
P048,2023-01,FY23,Legacy,,South West,51664.0,538.0,11,4.16,1
P048,2023-02,FY23,Legacy,,South West,46077.0,480.0,8,4.16,1
P048,2023-03,FY23,Legacy,,South West,59910.0,624.0,10,4.16,1
P048,2023-04,FY24,Legacy,,South West,59246.0,617.0,13,4.16,1
P048,2023-05,FY24,Legacy,,South West,58828.0,613.0,11,4.16,1
P048,2023-06,FY24,Legacy,,South West,53634.0,559.0,5,4.16,1
P048,2023-07,FY24,Legacy,,South West,59520.0,620.0,16,4.16,1
P048,2023-08,FY24,Legacy,,South West,50619.0,527.0,10,4.16,1
P048,2023-09,FY24,Legacy,,South West,54654.0,569.0,10,4.16,1
P048,2023-10,FY24,Legacy,,South West,62827.0,654.0,24,4.16,1
P048,2023-11,FY24,Legacy,,South West,55680.0,580.0,10,4.16,1
P048,2023-12,FY24,Legacy,,South West,52601.0,548.0,14,4.16,1
P048,2024-01,FY24,Legacy,,South West,58025.0,604.0,20,4.16,1
P048,2024-02,FY24,Legacy,,South West,46564.0,485.0,7,4.16,1
P048,2024-03,FY24,Legacy,,South West,51246.0,534.0,10,4.16,1
P048,2024-04,FY25,Legacy,,South West,54458.0,567.0,13,4.16,1
P048,2024-05,FY25,Legacy,,South West,63314.0,660.0,26,4.16,1
P048,2024-06,FY25,Legacy,,South West,63476.0,661.0,13,4.16,1
P048,2024-07,FY25,Legacy,,South West,63347.0,660.0,11,4.16,1
P048,2024-08,FY25,Legacy,,South West,54520.0,568.0,9,4.16,1
P048,2024-09,FY25,Legacy,,South West,62268.0,649.0,13,4.16,1
P048,2024-10,FY25,Legacy,,South West,58196.0,606.0,11,4.16,1
P048,2024-11,FY25,Legacy,,South West,62013.0,646.0,12,4.16,1
P048,2024-12,FY25,Legacy,,South West,56292.0,586.0,10,4.16,1
P048,2025-01,FY25,Legacy,,South West,61196.0,637.0,10,4.16,1
P048,2025-02,FY25,Legacy,,South West,53712.0,560.0,12,4.16,1
P048,2025-03,FY25,Legacy,,South West,62119.0,647.0,22,4.16,1
P049,2022-10,FY23,Legacy,,South East,60583.0,631.0,13,4.66,1
P049,2022-11,FY23,Legacy,,South East,65333.0,681.0,17,4.66,1
P049,2022-12,FY23,Legacy,,South East,51365.0,535.0,9,4.66,1
P049,2023-01,FY23,Legacy,,South East,63510.0,662.0,14,4.66,1
P049,2023-02,FY23,Legacy,,South East,52938.0,551.0,8,4.66,1
P049,2023-03,FY23,Legacy,,South East,64153.0,668.0,14,4.66,1
P049,2023-04,FY24,Legacy,,South East,60869.0,634.0,6,4.66,1
P049,2023-05,FY24,Legacy,,South East,76688.0,799.0,15,4.66,1
P049,2023-06,FY24,Legacy,,South East,66878.0,697.0,18,4.66,1
P049,2023-07,FY24,Legacy,,South East,67415.0,702.0,11,4.66,1
P049,2023-08,FY24,Legacy,,South East,71308.0,743.0,20,4.66,1
P049,2023-09,FY24,Legacy,,South East,65819.0,686.0,18,4.66,1
P049,2023-10,FY24,Legacy,,South East,61249.0,638.0,14,4.66,1
P049,2023-11,FY24,Legacy,,South East,62501.0,651.0,15,4.66,1
P049,2023-12,FY24,Legacy,,South East,54881.0,572.0,14,4.66,1
P049,2024-01,FY24,Legacy,,South East,57725.0,601.0,14,4.66,1
P049,2024-02,FY24,Legacy,,South East,53280.0,555.0,7,4.66,1
P049,2024-03,FY24,Legacy,,South East,64398.0,671.0,14,4.66,1
P049,2024-04,FY25,Legacy,,South East,66316.0,691.0,13,4.66,1
P049,2024-05,FY25,Legacy,,South East,60266.0,628.0,23,4.66,1
P049,2024-06,FY25,Legacy,,South East,66518.0,693.0,11,4.66,1
P049,2024-07,FY25,Legacy,,South East,70056.0,730.0,15,4.66,1
P049,2024-08,FY25,Legacy,,South East,68045.0,709.0,15,4.66,1
P049,2024-09,FY25,Legacy,,South East,71648.0,746.0,13,4.66,1
P049,2024-10,FY25,Legacy,,South East,71403.0,744.0,16,4.66,1
P049,2024-11,FY25,Legacy,,South East,71362.0,743.0,20,4.66,1
P049,2024-12,FY25,Legacy,,South East,60185.0,627.0,15,4.66,1
P049,2025-01,FY25,Legacy,,South East,60499.0,630.0,10,4.66,1
P049,2025-02,FY25,Legacy,,South East,68622.0,715.0,14,4.66,1
P049,2025-03,FY25,Legacy,,South East,67546.0,704.0,14,4.66,1
P050,2022-10,FY23,Legacy,,South East,85688.0,893.0,25,4.81,1
P050,2022-11,FY23,Legacy,,South East,82658.0,861.0,22,4.81,1
P050,2022-12,FY23,Legacy,,South East,77024.0,802.0,24,4.81,1
P050,2023-01,FY23,Legacy,,South East,80270.0,836.0,17,4.81,1
P050,2023-02,FY23,Legacy,,South East,89921.0,937.0,12,4.81,1
P050,2023-03,FY23,Legacy,,South East,84491.0,880.0,24,4.81,1
P050,2023-04,FY24,Legacy,,South East,83128.0,866.0,15,4.81,1
P050,2023-05,FY24,Legacy,,South East,91039.0,948.0,15,4.81,1
P050,2023-06,FY24,Legacy,,South East,99045.0,1032.0,18,4.81,1
P050,2023-07,FY24,Legacy,,South East,97885.0,1020.0,22,4.81,1
P050,2023-08,FY24,Legacy,,South East,91682.0,955.0,19,4.81,1
P050,2023-09,FY24,Legacy,,South East,83128.0,866.0,18,4.81,1
P050,2023-10,FY24,Legacy,,South East,87135.0,908.0,18,4.81,1
P050,2023-11,FY24,Legacy,,South East,77760.0,810.0,14,4.81,1
P050,2023-12,FY24,Legacy,,South East,83269.0,867.0,15,4.81,1
P050,2024-01,FY24,Legacy,,South East,87100.0,907.0,16,4.81,1
P050,2024-02,FY24,Legacy,,South East,83545.0,870.0,13,4.81,1
P050,2024-03,FY24,Legacy,,South East,92615.0,965.0,22,4.81,1
P050,2024-04,FY25,Legacy,,South East,98612.0,1027.0,22,4.81,1
P050,2024-05,FY25,Legacy,,South East,100066.0,1042.0,22,4.81,1
P050,2024-06,FY25,Legacy,,South East,97304.0,1014.0,23,4.81,1
P050,2024-07,FY25,Legacy,,South East,90536.0,943.0,25,4.81,1
P050,2024-08,FY25,Legacy,,South East,86753.0,904.0,23,4.81,1
P050,2024-09,FY25,Legacy,,South East,86508.0,901.0,10,4.81,1
P050,2024-10,FY25,Legacy,,South East,82539.0,860.0,9,4.81,1
P050,2024-11,FY25,Legacy,,South East,92378.0,962.0,22,4.81,1
P050,2024-12,FY25,Legacy,,South East,91893.0,957.0,13,4.81,1
P050,2025-01,FY25,Legacy,,South East,92897.0,968.0,20,4.81,1
P050,2025-02,FY25,Legacy,,South East,93140.0,970.0,24,4.81,1
P050,2025-03,FY25,Legacy,,South East,113045.0,1178.0,22,4.81,1
P051,2022-10,FY23,Legacy,,Scotland,101302.0,1055.0,28,4.32,1
P051,2022-11,FY23,Legacy,,Scotland,89667.0,934.0,18,4.32,1
P051,2022-12,FY23,Legacy,,Scotland,84723.0,883.0,16,4.32,1
P051,2023-01,FY23,Legacy,,Scotland,91002.0,948.0,28,4.32,1
P051,2023-02,FY23,Legacy,,Scotland,91610.0,954.0,23,4.32,1
P051,2023-03,FY23,Legacy,,Scotland,97971.0,1021.0,28,4.32,1
P051,2023-04,FY24,Legacy,,Scotland,91775.0,956.0,18,4.32,1
P051,2023-05,FY24,Legacy,,Scotland,94371.0,983.0,18,4.32,1
P051,2023-06,FY24,Legacy,,Scotland,94733.0,987.0,10,4.32,1
P051,2023-07,FY24,Legacy,,Scotland,87773.0,914.0,22,4.32,1
P051,2023-08,FY24,Legacy,,Scotland,85091.0,886.0,18,4.32,1
P051,2023-09,FY24,Legacy,,Scotland,99219.0,1034.0,14,4.32,1
P051,2023-10,FY24,Legacy,,Scotland,103220.0,1075.0,20,4.32,1
P051,2023-11,FY24,Legacy,,Scotland,93936.0,978.0,20,4.32,1
P051,2023-12,FY24,Legacy,,Scotland,77779.0,810.0,10,4.32,1
P051,2024-01,FY24,Legacy,,Scotland,109228.0,1138.0,23,4.32,1
P051,2024-02,FY24,Legacy,,Scotland,84166.0,877.0,18,4.32,1
P051,2024-03,FY24,Legacy,,Scotland,97179.0,1012.0,21,4.32,1
P051,2024-04,FY25,Legacy,,Scotland,102273.0,1065.0,18,4.32,1
P051,2024-05,FY25,Legacy,,Scotland,85905.0,895.0,12,4.32,1
P051,2024-06,FY25,Legacy,,Scotland,91459.0,953.0,23,4.32,1
P051,2024-07,FY25,Legacy,,Scotland,103146.0,1074.0,25,4.32,1
P051,2024-08,FY25,Legacy,,Scotland,90675.0,945.0,18,4.32,1
P051,2024-09,FY25,Legacy,,Scotland,85425.0,890.0,8,4.32,1
P051,2024-10,FY25,Legacy,,Scotland,87625.0,913.0,22,4.32,1
P051,2024-11,FY25,Legacy,,Scotland,92279.0,961.0,22,4.32,1
P051,2024-12,FY25,Legacy,,Scotland,97852.0,1019.0,22,4.32,1
P051,2025-01,FY25,Legacy,,Scotland,104907.0,1093.0,19,4.32,1
P051,2025-02,FY25,Legacy,,Scotland,91749.0,956.0,19,4.32,1
P051,2025-03,FY25,Legacy,,Scotland,103348.0,1077.0,20,4.32,1
P052,2022-10,FY23,Legacy,,North East,42817.0,446.0,5,4.72,1
P052,2022-11,FY23,Legacy,,North East,44775.0,466.0,11,4.72,1
P052,2022-12,FY23,Legacy,,North East,39851.0,415.0,7,4.72,1
P052,2023-01,FY23,Legacy,,North East,41202.0,429.0,13,4.72,1
P052,2023-02,FY23,Legacy,,North East,45596.0,475.0,9,4.72,1
P052,2023-03,FY23,Legacy,,North East,46739.0,487.0,12,4.72,1
P052,2023-04,FY24,Legacy,,North East,49609.0,517.0,17,4.72,1
P052,2023-05,FY24,Legacy,,North East,47052.0,490.0,15,4.72,1
P052,2023-06,FY24,Legacy,,North East,48751.0,508.0,12,4.72,1
P052,2023-07,FY24,Legacy,,North East,49794.0,519.0,14,4.72,1
P052,2023-08,FY24,Legacy,,North East,45017.0,469.0,13,4.72,1
P052,2023-09,FY24,Legacy,,North East,51553.0,537.0,15,4.72,1
P052,2023-10,FY24,Legacy,,North East,46350.0,483.0,8,4.72,1
P052,2023-11,FY24,Legacy,,North East,48311.0,503.0,9,4.72,1
P052,2023-12,FY24,Legacy,,North East,48267.0,503.0,8,4.72,1
P052,2024-01,FY24,Legacy,,North East,41412.0,431.0,6,4.72,1
P052,2024-02,FY24,Legacy,,North East,44797.0,467.0,12,4.72,1
P052,2024-03,FY24,Legacy,,North East,51910.0,541.0,10,4.72,1
P052,2024-04,FY25,Legacy,,North East,51136.0,533.0,13,4.72,1
P052,2024-05,FY25,Legacy,,North East,50544.0,527.0,15,4.72,1
P052,2024-06,FY25,Legacy,,North East,53506.0,557.0,15,4.72,1
P052,2024-07,FY25,Legacy,,North East,49666.0,517.0,8,4.72,1
P052,2024-08,FY25,Legacy,,North East,43924.0,458.0,8,4.72,1
P052,2024-09,FY25,Legacy,,North East,54643.0,569.0,5,4.72,1
P052,2024-10,FY25,Legacy,,North East,49410.0,515.0,7,4.72,1
P052,2024-11,FY25,Legacy,,North East,49609.0,517.0,11,4.72,1
P052,2024-12,FY25,Legacy,,North East,41432.0,432.0,4,4.72,1
P052,2025-01,FY25,Legacy,,North East,57914.0,603.0,13,4.72,1
P052,2025-02,FY25,Legacy,,North East,49297.0,514.0,16,4.72,1
P052,2025-03,FY25,Legacy,,North East,56401.0,588.0,12,4.72,1
P053,2022-10,FY23,Legacy,,North West,58833.0,613.0,16,4.74,1
P053,2022-11,FY23,Legacy,,North West,66761.0,695.0,14,4.74,1
P053,2022-12,FY23,Legacy,,North West,55414.0,577.0,10,4.74,1
P053,2023-01,FY23,Legacy,,North West,50675.0,528.0,10,4.74,1
P053,2023-02,FY23,Legacy,,North West,56438.0,588.0,19,4.74,1
P053,2023-03,FY23,Legacy,,North West,61208.0,638.0,11,4.74,1
P053,2023-04,FY24,Legacy,,North West,59888.0,624.0,9,4.74,1
P053,2023-05,FY24,Legacy,,North West,71857.0,749.0,15,4.74,1
P053,2023-06,FY24,Legacy,,North West,64341.0,670.0,14,4.74,1
P053,2023-07,FY24,Legacy,,North West,63723.0,664.0,16,4.74,1
P053,2023-08,FY24,Legacy,,North West,55977.0,583.0,19,4.74,1
P053,2023-09,FY24,Legacy,,North West,68860.0,717.0,16,4.74,1
P053,2023-10,FY24,Legacy,,North West,62349.0,649.0,9,4.74,1
P053,2023-11,FY24,Legacy,,North West,57724.0,601.0,9,4.74,1
P053,2023-12,FY24,Legacy,,North West,55199.0,575.0,12,4.74,1
P053,2024-01,FY24,Legacy,,North West,70590.0,735.0,15,4.74,1
P053,2024-02,FY24,Legacy,,North West,60991.0,635.0,13,4.74,1
P053,2024-03,FY24,Legacy,,North West,64734.0,674.0,16,4.74,1
P053,2024-04,FY25,Legacy,,North West,69779.0,727.0,11,4.74,1
P053,2024-05,FY25,Legacy,,North West,71267.0,742.0,13,4.74,1
P053,2024-06,FY25,Legacy,,North West,67080.0,699.0,16,4.74,1
P053,2024-07,FY25,Legacy,,North West,67960.0,708.0,14,4.74,1
P053,2024-08,FY25,Legacy,,North West,56778.0,591.0,17,4.74,1
P053,2024-09,FY25,Legacy,,North West,64615.0,673.0,8,4.74,1
P053,2024-10,FY25,Legacy,,North West,55081.0,574.0,10,4.74,1
P053,2024-11,FY25,Legacy,,North West,58037.0,605.0,11,4.74,1
P053,2024-12,FY25,Legacy,,North West,56742.0,591.0,13,4.74,1
P053,2025-01,FY25,Legacy,,North West,70627.0,736.0,11,4.74,1
P053,2025-02,FY25,Legacy,,North West,57626.0,600.0,11,4.74,1
P053,2025-03,FY25,Legacy,,North West,74297.0,774.0,14,4.74,1
P054,2022-10,FY23,Legacy,,North West,110672.0,1153.0,16,4.35,1
P054,2022-11,FY23,Legacy,,North West,124265.0,1294.0,22,4.35,1
P054,2022-12,FY23,Legacy,,North West,91854.0,957.0,12,4.35,1
P054,2023-01,FY23,Legacy,,North West,101792.0,1060.0,26,4.35,1
P054,2023-02,FY23,Legacy,,North West,97454.0,1015.0,15,4.35,1
P054,2023-03,FY23,Legacy,,North West,98739.0,1029.0,26,4.35,1
P054,2023-04,FY24,Legacy,,North West,113298.0,1180.0,31,4.35,1
P054,2023-05,FY24,Legacy,,North West,111323.0,1160.0,36,4.35,1
P054,2023-06,FY24,Legacy,,North West,118817.0,1238.0,25,4.35,1
P054,2023-07,FY24,Legacy,,North West,107844.0,1123.0,17,4.35,1
P054,2023-08,FY24,Legacy,,North West,104758.0,1091.0,13,4.35,1
P054,2023-09,FY24,Legacy,,North West,103917.0,1082.0,17,4.35,1
P054,2023-10,FY24,Legacy,,North West,103200.0,1075.0,21,4.35,1
P054,2023-11,FY24,Legacy,,North West,106463.0,1109.0,24,4.35,1
P054,2023-12,FY24,Legacy,,North West,102854.0,1071.0,30,4.35,1
P054,2024-01,FY24,Legacy,,North West,99666.0,1038.0,16,4.35,1
P054,2024-02,FY24,Legacy,,North West,90592.0,944.0,15,4.35,1
P054,2024-03,FY24,Legacy,,North West,110920.0,1155.0,18,4.35,1
P054,2024-04,FY25,Legacy,,North West,112536.0,1172.0,21,4.35,1
P054,2024-05,FY25,Legacy,,North West,130875.0,1363.0,25,4.35,1
P054,2024-06,FY25,Legacy,,North West,114952.0,1197.0,36,4.35,1
P054,2024-07,FY25,Legacy,,North West,117652.0,1226.0,29,4.35,1
P054,2024-08,FY25,Legacy,,North West,109728.0,1143.0,24,4.35,1
P054,2024-09,FY25,Legacy,,North West,116741.0,1216.0,22,4.35,1
P054,2024-10,FY25,Legacy,,North West,116740.0,1216.0,28,4.35,1
P054,2024-11,FY25,Legacy,,North West,95369.0,993.0,16,4.35,1
P054,2024-12,FY25,Legacy,,North West,118956.0,1239.0,24,4.35,1
P054,2025-01,FY25,Legacy,,North West,108375.0,1129.0,22,4.35,1
P054,2025-02,FY25,Legacy,,North West,102191.0,1064.0,24,4.35,1
P054,2025-03,FY25,Legacy,,North West,114531.0,1193.0,26,4.35,1
P055,2022-10,FY23,Legacy,,Midlands,104127.0,1085.0,27,4.37,1
P055,2022-11,FY23,Legacy,,Midlands,99008.0,1031.0,19,4.37,1
P055,2022-12,FY23,Legacy,,Midlands,105560.0,1100.0,25,4.37,1
P055,2023-01,FY23,Legacy,,Midlands,111149.0,1158.0,29,4.37,1
P055,2023-02,FY23,Legacy,,Midlands,93794.0,977.0,25,4.37,1
P055,2023-03,FY23,Legacy,,Midlands,115441.0,1203.0,31,4.37,1
P055,2023-04,FY24,Legacy,,Midlands,128938.0,1343.0,44,4.37,1
P055,2023-05,FY24,Legacy,,Midlands,129339.0,1347.0,29,4.37,1
P055,2023-06,FY24,Legacy,,Midlands,125403.0,1306.0,26,4.37,1
P055,2023-07,FY24,Legacy,,Midlands,125446.0,1307.0,25,4.37,1
P055,2023-08,FY24,Legacy,,Midlands,116292.0,1211.0,23,4.37,1
P055,2023-09,FY24,Legacy,,Midlands,118462.0,1234.0,27,4.37,1
P055,2023-10,FY24,Legacy,,Midlands,117019.0,1219.0,20,4.37,1
P055,2023-11,FY24,Legacy,,Midlands,103745.0,1081.0,22,4.37,1
P055,2023-12,FY24,Legacy,,Midlands,113620.0,1184.0,30,4.37,1
P055,2024-01,FY24,Legacy,,Midlands,106086.0,1105.0,25,4.37,1
P055,2024-02,FY24,Legacy,,Midlands,126265.0,1315.0,26,4.37,1
P055,2024-03,FY24,Legacy,,Midlands,126851.0,1321.0,33,4.37,1
P055,2024-04,FY25,Legacy,,Midlands,130626.0,1361.0,30,4.37,1
P055,2024-05,FY25,Legacy,,Midlands,129318.0,1347.0,32,4.37,1
P055,2024-06,FY25,Legacy,,Midlands,128865.0,1342.0,25,4.37,1
P055,2024-07,FY25,Legacy,,Midlands,126249.0,1315.0,21,4.37,1
P055,2024-08,FY25,Legacy,,Midlands,101688.0,1059.0,12,4.37,1
P055,2024-09,FY25,Legacy,,Midlands,120389.0,1254.0,37,4.37,1
P055,2024-10,FY25,Legacy,,Midlands,126010.0,1313.0,22,4.37,1
P055,2024-11,FY25,Legacy,,Midlands,118971.0,1239.0,27,4.37,1
P055,2024-12,FY25,Legacy,,Midlands,122752.0,1279.0,25,4.37,1
P055,2025-01,FY25,Legacy,,Midlands,99178.0,1033.0,25,4.37,1
P055,2025-02,FY25,Legacy,,Midlands,109793.0,1144.0,24,4.37,1
P055,2025-03,FY25,Legacy,,Midlands,126120.0,1314.0,29,4.37,1
P056,2022-10,FY23,Legacy,,South West,67265.0,701.0,12,4.17,1
P056,2022-11,FY23,Legacy,,South West,73274.0,763.0,14,4.17,1
P056,2022-12,FY23,Legacy,,South West,65740.0,685.0,13,4.17,1
P056,2023-01,FY23,Legacy,,South West,71781.0,748.0,14,4.17,1
P056,2023-02,FY23,Legacy,,South West,72837.0,759.0,19,4.17,1
P056,2023-03,FY23,Legacy,,South West,75015.0,781.0,11,4.17,1
P056,2023-04,FY24,Legacy,,South West,70861.0,738.0,18,4.17,1
P056,2023-05,FY24,Legacy,,South West,80047.0,834.0,14,4.17,1
P056,2023-06,FY24,Legacy,,South West,76792.0,800.0,24,4.17,1
P056,2023-07,FY24,Legacy,,South West,69273.0,722.0,16,4.17,1
P056,2023-08,FY24,Legacy,,South West,71573.0,746.0,18,4.17,1
P056,2023-09,FY24,Legacy,,South West,75457.0,786.0,12,4.17,1
P056,2023-10,FY24,Legacy,,South West,80996.0,844.0,17,4.17,1
P056,2023-11,FY24,Legacy,,South West,75709.0,789.0,26,4.17,1
P056,2023-12,FY24,Legacy,,South West,69841.0,728.0,13,4.17,1
P056,2024-01,FY24,Legacy,,South West,73003.0,760.0,14,4.17,1
P056,2024-02,FY24,Legacy,,South West,68607.0,715.0,14,4.17,1
P056,2024-03,FY24,Legacy,,South West,78643.0,819.0,12,4.17,1
P056,2024-04,FY25,Legacy,,South West,73500.0,766.0,12,4.17,1
P056,2024-05,FY25,Legacy,,South West,84656.0,882.0,31,4.17,1
P056,2024-06,FY25,Legacy,,South West,76013.0,792.0,14,4.17,1
P056,2024-07,FY25,Legacy,,South West,85470.0,890.0,20,4.17,1
P056,2024-08,FY25,Legacy,,South West,79305.0,826.0,18,4.17,1
P056,2024-09,FY25,Legacy,,South West,76840.0,800.0,21,4.17,1
P056,2024-10,FY25,Legacy,,South West,75115.0,782.0,21,4.17,1
P056,2024-11,FY25,Legacy,,South West,75082.0,782.0,18,4.17,1
P056,2024-12,FY25,Legacy,,South West,68167.0,710.0,22,4.17,1
P056,2025-01,FY25,Legacy,,South West,69652.0,726.0,11,4.17,1
P056,2025-02,FY25,Legacy,,South West,80095.0,834.0,24,4.17,1
P056,2025-03,FY25,Legacy,,South West,78357.0,816.0,14,4.17,1
P057,2022-10,FY23,Legacy,,Scotland,50808.0,529.0,12,4.47,1
P057,2022-11,FY23,Legacy,,Scotland,52699.0,549.0,7,4.47,1
P057,2022-12,FY23,Legacy,,Scotland,45274.0,472.0,10,4.47,1
P057,2023-01,FY23,Legacy,,Scotland,43048.0,448.0,11,4.47,1
P057,2023-02,FY23,Legacy,,Scotland,47420.0,494.0,11,4.47,1
P057,2023-03,FY23,Legacy,,Scotland,52715.0,549.0,7,4.47,1
P057,2023-04,FY24,Legacy,,Scotland,51039.0,532.0,13,4.47,1
P057,2023-05,FY24,Legacy,,Scotland,56314.0,587.0,14,4.47,1
P057,2023-06,FY24,Legacy,,Scotland,52093.0,543.0,20,4.47,1
P057,2023-07,FY24,Legacy,,Scotland,54974.0,573.0,18,4.47,1
P057,2023-08,FY24,Legacy,,Scotland,51082.0,532.0,11,4.47,1
P057,2023-09,FY24,Legacy,,Scotland,56878.0,592.0,12,4.47,1
P057,2023-10,FY24,Legacy,,Scotland,58628.0,611.0,12,4.47,1
P057,2023-11,FY24,Legacy,,Scotland,61544.0,641.0,17,4.47,1
P057,2023-12,FY24,Legacy,,Scotland,49221.0,513.0,12,4.47,1
P057,2024-01,FY24,Legacy,,Scotland,54178.0,564.0,10,4.47,1
P057,2024-02,FY24,Legacy,,Scotland,45606.0,475.0,18,4.47,1
P057,2024-03,FY24,Legacy,,Scotland,61207.0,638.0,10,4.47,1
P057,2024-04,FY25,Legacy,,Scotland,67716.0,705.0,11,4.47,1
P057,2024-05,FY25,Legacy,,Scotland,54321.0,566.0,13,4.47,1
P057,2024-06,FY25,Legacy,,Scotland,57010.0,594.0,14,4.47,1
P057,2024-07,FY25,Legacy,,Scotland,62004.0,646.0,11,4.47,1
P057,2024-08,FY25,Legacy,,Scotland,48440.0,505.0,9,4.47,1
P057,2024-09,FY25,Legacy,,Scotland,59545.0,620.0,11,4.47,1
P057,2024-10,FY25,Legacy,,Scotland,54990.0,573.0,12,4.47,1
P057,2024-11,FY25,Legacy,,Scotland,54925.0,572.0,15,4.47,1
P057,2024-12,FY25,Legacy,,Scotland,49637.0,517.0,13,4.47,1
P057,2025-01,FY25,Legacy,,Scotland,51535.0,537.0,13,4.47,1
P057,2025-02,FY25,Legacy,,Scotland,51391.0,535.0,14,4.47,1
P057,2025-03,FY25,Legacy,,Scotland,55581.0,579.0,17,4.47,1
P058,2022-10,FY23,Legacy,,South East,41617.0,434.0,10,4.7,1
P058,2022-11,FY23,Legacy,,South East,41062.0,428.0,9,4.7,1
P058,2022-12,FY23,Legacy,,South East,38469.0,401.0,9,4.7,1
P058,2023-01,FY23,Legacy,,South East,47913.0,499.0,7,4.7,1
P058,2023-02,FY23,Legacy,,South East,46955.0,489.0,10,4.7,1
P058,2023-03,FY23,Legacy,,South East,46160.0,481.0,8,4.7,1
P058,2023-04,FY24,Legacy,,South East,45482.0,474.0,14,4.7,1
P058,2023-05,FY24,Legacy,,South East,47654.0,496.0,7,4.7,1
P058,2023-06,FY24,Legacy,,South East,52893.0,551.0,6,4.7,1
P058,2023-07,FY24,Legacy,,South East,53506.0,557.0,15,4.7,1
P058,2023-08,FY24,Legacy,,South East,54616.0,569.0,10,4.7,1
P058,2023-09,FY24,Legacy,,South East,53544.0,558.0,6,4.7,1
P058,2023-10,FY24,Legacy,,South East,52132.0,543.0,13,4.7,1
P058,2023-11,FY24,Legacy,,South East,43152.0,450.0,5,4.7,1
P058,2023-12,FY24,Legacy,,South East,50217.0,523.0,14,4.7,1
P058,2024-01,FY24,Legacy,,South East,45216.0,471.0,9,4.7,1
P058,2024-02,FY24,Legacy,,South East,47075.0,490.0,12,4.7,1
P058,2024-03,FY24,Legacy,,South East,54265.0,565.0,13,4.7,1
P058,2024-04,FY25,Legacy,,South East,50242.0,523.0,7,4.7,1
P058,2024-05,FY25,Legacy,,South East,59172.0,616.0,9,4.7,1
P058,2024-06,FY25,Legacy,,South East,60733.0,633.0,14,4.7,1
P058,2024-07,FY25,Legacy,,South East,49044.0,511.0,7,4.7,1
P058,2024-08,FY25,Legacy,,South East,45793.0,477.0,13,4.7,1
P058,2024-09,FY25,Legacy,,South East,52774.0,550.0,16,4.7,1
P058,2024-10,FY25,Legacy,,South East,45182.0,471.0,11,4.7,1
P058,2024-11,FY25,Legacy,,South East,50105.0,522.0,10,4.7,1
P058,2024-12,FY25,Legacy,,South East,48091.0,501.0,10,4.7,1
P058,2025-01,FY25,Legacy,,South East,51177.0,533.0,15,4.7,1
P058,2025-02,FY25,Legacy,,South East,55538.0,579.0,16,4.7,1
P058,2025-03,FY25,Legacy,,South East,56340.0,587.0,12,4.7,1
P059,2022-10,FY23,Legacy,,South West,117279.0,1222.0,25,4.69,1
P059,2022-11,FY23,Legacy,,South West,93991.0,979.0,16,4.69,1
P059,2022-12,FY23,Legacy,,South West,102538.0,1068.0,18,4.69,1
P059,2023-01,FY23,Legacy,,South West,107452.0,1119.0,26,4.69,1
P059,2023-02,FY23,Legacy,,South West,104574.0,1089.0,27,4.69,1
P059,2023-03,FY23,Legacy,,South West,114694.0,1195.0,31,4.69,1
P059,2023-04,FY24,Legacy,,South West,103422.0,1077.0,23,4.69,1
P059,2023-05,FY24,Legacy,,South West,119780.0,1248.0,26,4.69,1
P059,2023-06,FY24,Legacy,,South West,119903.0,1249.0,27,4.69,1
P059,2023-07,FY24,Legacy,,South West,100628.0,1048.0,26,4.69,1
P059,2023-08,FY24,Legacy,,South West,114848.0,1196.0,27,4.69,1
P059,2023-09,FY24,Legacy,,South West,117863.0,1228.0,16,4.69,1
P059,2023-10,FY24,Legacy,,South West,110091.0,1147.0,34,4.69,1
P059,2023-11,FY24,Legacy,,South West,106839.0,1113.0,13,4.69,1
P059,2023-12,FY24,Legacy,,South West,98950.0,1031.0,24,4.69,1
P059,2024-01,FY24,Legacy,,South West,121287.0,1263.0,29,4.69,1
P059,2024-02,FY24,Legacy,,South West,119670.0,1247.0,37,4.69,1
P059,2024-03,FY24,Legacy,,South West,122189.0,1273.0,28,4.69,1
P059,2024-04,FY25,Legacy,,South West,122891.0,1280.0,29,4.69,1
P059,2024-05,FY25,Legacy,,South West,131236.0,1367.0,39,4.69,1
P059,2024-06,FY25,Legacy,,South West,119792.0,1248.0,28,4.69,1
P059,2024-07,FY25,Legacy,,South West,124216.0,1294.0,27,4.69,1
P059,2024-08,FY25,Legacy,,South West,126124.0,1314.0,27,4.69,1
P059,2024-09,FY25,Legacy,,South West,121891.0,1270.0,24,4.69,1
P059,2024-10,FY25,Legacy,,South West,124052.0,1292.0,23,4.69,1
P059,2024-11,FY25,Legacy,,South West,109192.0,1137.0,17,4.69,1
P059,2024-12,FY25,Legacy,,South West,105671.0,1101.0,18,4.69,1
P059,2025-01,FY25,Legacy,,South West,112754.0,1175.0,29,4.69,1
P059,2025-02,FY25,Legacy,,South West,118040.0,1230.0,22,4.69,1
P059,2025-03,FY25,Legacy,,South West,131464.0,1369.0,19,4.69,1
P060,2022-10,FY23,Legacy,,Midlands,64206.0,669.0,10,4.39,1
P060,2022-11,FY23,Legacy,,Midlands,63812.0,665.0,18,4.39,1
P060,2022-12,FY23,Legacy,,Midlands,58863.0,613.0,11,4.39,1
P060,2023-01,FY23,Legacy,,Midlands,60650.0,632.0,11,4.39,1
P060,2023-02,FY23,Legacy,,Midlands,60407.0,629.0,17,4.39,1
P060,2023-03,FY23,Legacy,,Midlands,67258.0,701.0,11,4.39,1
P060,2023-04,FY24,Legacy,,Midlands,67096.0,699.0,20,4.39,1
P060,2023-05,FY24,Legacy,,Midlands,65418.0,681.0,11,4.39,1
P060,2023-06,FY24,Legacy,,Midlands,67356.0,702.0,10,4.39,1
P060,2023-07,FY24,Legacy,,Midlands,57932.0,603.0,13,4.39,1
P060,2023-08,FY24,Legacy,,Midlands,67738.0,706.0,23,4.39,1
P060,2023-09,FY24,Legacy,,Midlands,63757.0,664.0,13,4.39,1
P060,2023-10,FY24,Legacy,,Midlands,71925.0,749.0,17,4.39,1
P060,2023-11,FY24,Legacy,,Midlands,66173.0,689.0,15,4.39,1
P060,2023-12,FY24,Legacy,,Midlands,63632.0,663.0,15,4.39,1
P060,2024-01,FY24,Legacy,,Midlands,67868.0,707.0,15,4.39,1
P060,2024-02,FY24,Legacy,,Midlands,60275.0,628.0,10,4.39,1
P060,2024-03,FY24,Legacy,,Midlands,62104.0,647.0,11,4.39,1
P060,2024-04,FY25,Legacy,,Midlands,69921.0,728.0,16,4.39,1
P060,2024-05,FY25,Legacy,,Midlands,62227.0,648.0,18,4.39,1
P060,2024-06,FY25,Legacy,,Midlands,77629.0,809.0,23,4.39,1
P060,2024-07,FY25,Legacy,,Midlands,62356.0,650.0,19,4.39,1
P060,2024-08,FY25,Legacy,,Midlands,64006.0,667.0,11,4.39,1
P060,2024-09,FY25,Legacy,,Midlands,66733.0,695.0,15,4.39,1
P060,2024-10,FY25,Legacy,,Midlands,67449.0,703.0,20,4.39,1
P060,2024-11,FY25,Legacy,,Midlands,60802.0,633.0,11,4.39,1
P060,2024-12,FY25,Legacy,,Midlands,61229.0,638.0,11,4.39,1
P060,2025-01,FY25,Legacy,,Midlands,62828.0,654.0,16,4.39,1
P060,2025-02,FY25,Legacy,,Midlands,71237.0,742.0,16,4.39,1
P060,2025-03,FY25,Legacy,,Midlands,68163.0,710.0,17,4.39,1
P061,2022-10,FY23,Legacy,,North East,62322.0,649.0,16,4.38,1
P061,2022-11,FY23,Legacy,,North East,53245.0,555.0,13,4.38,1
P061,2022-12,FY23,Legacy,,North East,55444.0,578.0,12,4.38,1
P061,2023-01,FY23,Legacy,,North East,62424.0,650.0,12,4.38,1
P061,2023-02,FY23,Legacy,,North East,58853.0,613.0,18,4.38,1
P061,2023-03,FY23,Legacy,,North East,71126.0,741.0,14,4.38,1
P061,2023-04,FY24,Legacy,,North East,57220.0,596.0,16,4.38,1
P061,2023-05,FY24,Legacy,,North East,61004.0,635.0,12,4.38,1
P061,2023-06,FY24,Legacy,,North East,64112.0,668.0,12,4.38,1
P061,2023-07,FY24,Legacy,,North East,66343.0,691.0,12,4.38,1
P061,2023-08,FY24,Legacy,,North East,62290.0,649.0,19,4.38,1
P061,2023-09,FY24,Legacy,,North East,65651.0,684.0,8,4.38,1
P061,2023-10,FY24,Legacy,,North East,70741.0,737.0,8,4.38,1
P061,2023-11,FY24,Legacy,,North East,61411.0,640.0,16,4.38,1
P061,2023-12,FY24,Legacy,,North East,56877.0,592.0,10,4.38,1
P061,2024-01,FY24,Legacy,,North East,66197.0,690.0,18,4.38,1
P061,2024-02,FY24,Legacy,,North East,64446.0,671.0,9,4.38,1
P061,2024-03,FY24,Legacy,,North East,66902.0,697.0,15,4.38,1
P061,2024-04,FY25,Legacy,,North East,63105.0,657.0,8,4.38,1
P061,2024-05,FY25,Legacy,,North East,77879.0,811.0,20,4.38,1
P061,2024-06,FY25,Legacy,,North East,71885.0,749.0,11,4.38,1
P061,2024-07,FY25,Legacy,,North East,71958.0,750.0,21,4.38,1
P061,2024-08,FY25,Legacy,,North East,69602.0,725.0,16,4.38,1
P061,2024-09,FY25,Legacy,,North East,70931.0,739.0,15,4.38,1
P061,2024-10,FY25,Legacy,,North East,72904.0,759.0,17,4.38,1
P061,2024-11,FY25,Legacy,,North East,65604.0,683.0,17,4.38,1
P061,2024-12,FY25,Legacy,,North East,69150.0,720.0,16,4.38,1
P061,2025-01,FY25,Legacy,,North East,70085.0,730.0,20,4.38,1
P061,2025-02,FY25,Legacy,,North East,65772.0,685.0,9,4.38,1
P061,2025-03,FY25,Legacy,,North East,73887.0,770.0,19,4.38,1
P062,2022-10,FY23,Legacy,,Scotland,26016.0,271.0,7,4.54,1
P062,2022-11,FY23,Legacy,,Scotland,23180.0,241.0,2,4.54,1
P062,2022-12,FY23,Legacy,,Scotland,23502.0,245.0,6,4.54,1
P062,2023-01,FY23,Legacy,,Scotland,26115.0,272.0,9,4.54,1
P062,2023-02,FY23,Legacy,,Scotland,23625.0,246.0,4,4.54,1
P062,2023-03,FY23,Legacy,,Scotland,29532.0,308.0,7,4.54,1
P062,2023-04,FY24,Legacy,,Scotland,28756.0,300.0,6,4.54,1
P062,2023-05,FY24,Legacy,,Scotland,26209.0,273.0,6,4.54,1
P062,2023-06,FY24,Legacy,,Scotland,28279.0,295.0,8,4.54,1
P062,2023-07,FY24,Legacy,,Scotland,28119.0,293.0,8,4.54,1
P062,2023-08,FY24,Legacy,,Scotland,25949.0,270.0,3,4.54,1
P062,2023-09,FY24,Legacy,,Scotland,31003.0,323.0,6,4.54,1
P062,2023-10,FY24,Legacy,,Scotland,30189.0,314.0,4,4.54,1
P062,2023-11,FY24,Legacy,,Scotland,29113.0,303.0,10,4.54,1
P062,2023-12,FY24,Legacy,,Scotland,27815.0,290.0,8,4.54,1
P062,2024-01,FY24,Legacy,,Scotland,25768.0,268.0,4,4.54,1
P062,2024-02,FY24,Legacy,,Scotland,26930.0,281.0,6,4.54,1
P062,2024-03,FY24,Legacy,,Scotland,28317.0,295.0,4,4.54,1
P062,2024-04,FY25,Legacy,,Scotland,28658.0,299.0,2,4.54,1
P062,2024-05,FY25,Legacy,,Scotland,29743.0,310.0,5,4.54,1
P062,2024-06,FY25,Legacy,,Scotland,29352.0,306.0,8,4.54,1
P062,2024-07,FY25,Legacy,,Scotland,31973.0,333.0,9,4.54,1
P062,2024-08,FY25,Legacy,,Scotland,26247.0,273.0,7,4.54,1
P062,2024-09,FY25,Legacy,,Scotland,31508.0,328.0,7,4.54,1
P062,2024-10,FY25,Legacy,,Scotland,27346.0,285.0,3,4.54,1
P062,2024-11,FY25,Legacy,,Scotland,30647.0,319.0,6,4.54,1
P062,2024-12,FY25,Legacy,,Scotland,31349.0,327.0,7,4.54,1
P062,2025-01,FY25,Legacy,,Scotland,29222.0,304.0,6,4.54,1
P062,2025-02,FY25,Legacy,,Scotland,28834.0,300.0,13,4.54,1
P062,2025-03,FY25,Legacy,,Scotland,31371.0,327.0,7,4.54,1
P063,2022-10,FY23,Legacy,,North West,63552.0,662.0,16,4.62,1
P063,2022-11,FY23,Legacy,,North West,51186.0,533.0,8,4.62,1
P063,2022-12,FY23,Legacy,,North West,53964.0,562.0,8,4.62,1
P063,2023-01,FY23,Legacy,,North West,53523.0,558.0,16,4.62,1
P063,2023-02,FY23,Legacy,,North West,55384.0,577.0,11,4.62,1
P063,2023-03,FY23,Legacy,,North West,52806.0,550.0,10,4.62,1
P063,2023-04,FY24,Legacy,,North West,64486.0,672.0,14,4.62,1
P063,2023-05,FY24,Legacy,,North West,64025.0,667.0,13,4.62,1
P063,2023-06,FY24,Legacy,,North West,63961.0,666.0,15,4.62,1
P063,2023-07,FY24,Legacy,,North West,62407.0,650.0,16,4.62,1
P063,2023-08,FY24,Legacy,,North West,59878.0,624.0,20,4.62,1
P063,2023-09,FY24,Legacy,,North West,68303.0,711.0,12,4.62,1
P063,2023-10,FY24,Legacy,,North West,64571.0,673.0,15,4.62,1
P063,2023-11,FY24,Legacy,,North West,60123.0,626.0,10,4.62,1
P063,2023-12,FY24,Legacy,,North West,57207.0,596.0,8,4.62,1
P063,2024-01,FY24,Legacy,,North West,64223.0,669.0,10,4.62,1
P063,2024-02,FY24,Legacy,,North West,56813.0,592.0,16,4.62,1
P063,2024-03,FY24,Legacy,,North West,60410.0,629.0,13,4.62,1
P063,2024-04,FY25,Legacy,,North West,66606.0,694.0,9,4.62,1
P063,2024-05,FY25,Legacy,,North West,63824.0,665.0,11,4.62,1
P063,2024-06,FY25,Legacy,,North West,61702.0,643.0,5,4.62,1
P063,2024-07,FY25,Legacy,,North West,59903.0,624.0,17,4.62,1
P063,2024-08,FY25,Legacy,,North West,56079.0,584.0,9,4.62,1
P063,2024-09,FY25,Legacy,,North West,56743.0,591.0,12,4.62,1
P063,2024-10,FY25,Legacy,,North West,65744.0,685.0,15,4.62,1
P063,2024-11,FY25,Legacy,,North West,53341.0,556.0,9,4.62,1
P063,2024-12,FY25,Legacy,,North West,57279.0,597.0,16,4.62,1
P063,2025-01,FY25,Legacy,,North West,59911.0,624.0,20,4.62,1
P063,2025-02,FY25,Legacy,,North West,64900.0,676.0,16,4.62,1
P063,2025-03,FY25,Legacy,,North West,77453.0,807.0,9,4.62,1
P064,2022-10,FY23,Legacy,,Scotland,66993.0,698.0,18,4.39,1
P064,2022-11,FY23,Legacy,,Scotland,64440.0,671.0,12,4.39,1
P064,2022-12,FY23,Legacy,,Scotland,69802.0,727.0,17,4.39,1
P064,2023-01,FY23,Legacy,,Scotland,73654.0,767.0,20,4.39,1
P064,2023-02,FY23,Legacy,,Scotland,62765.0,654.0,16,4.39,1
P064,2023-03,FY23,Legacy,,Scotland,75420.0,786.0,15,4.39,1
P064,2023-04,FY24,Legacy,,Scotland,70146.0,731.0,19,4.39,1
P064,2023-05,FY24,Legacy,,Scotland,70939.0,739.0,22,4.39,1
P064,2023-06,FY24,Legacy,,Scotland,75395.0,785.0,21,4.39,1
P064,2023-07,FY24,Legacy,,Scotland,75466.0,786.0,20,4.39,1
P064,2023-08,FY24,Legacy,,Scotland,71586.0,746.0,13,4.39,1
P064,2023-09,FY24,Legacy,,Scotland,73156.0,762.0,18,4.39,1
P064,2023-10,FY24,Legacy,,Scotland,69637.0,725.0,17,4.39,1
P064,2023-11,FY24,Legacy,,Scotland,76035.0,792.0,14,4.39,1
P064,2023-12,FY24,Legacy,,Scotland,76255.0,794.0,7,4.39,1
P064,2024-01,FY24,Legacy,,Scotland,66805.0,696.0,16,4.39,1
P064,2024-02,FY24,Legacy,,Scotland,63644.0,663.0,11,4.39,1
P064,2024-03,FY24,Legacy,,Scotland,78424.0,817.0,19,4.39,1
P064,2024-04,FY25,Legacy,,Scotland,74267.0,774.0,13,4.39,1
P064,2024-05,FY25,Legacy,,Scotland,82835.0,863.0,24,4.39,1
P064,2024-06,FY25,Legacy,,Scotland,75974.0,791.0,13,4.39,1
P064,2024-07,FY25,Legacy,,Scotland,75059.0,782.0,25,4.39,1
P064,2024-08,FY25,Legacy,,Scotland,75158.0,783.0,17,4.39,1
P064,2024-09,FY25,Legacy,,Scotland,78916.0,822.0,9,4.39,1
P064,2024-10,FY25,Legacy,,Scotland,75172.0,783.0,23,4.39,1
P064,2024-11,FY25,Legacy,,Scotland,72934.0,760.0,14,4.39,1
P064,2024-12,FY25,Legacy,,Scotland,80177.0,835.0,23,4.39,1
P064,2025-01,FY25,Legacy,,Scotland,79569.0,829.0,20,4.39,1
P064,2025-02,FY25,Legacy,,Scotland,71941.0,749.0,13,4.39,1
P064,2025-03,FY25,Legacy,,Scotland,82183.0,856.0,18,4.39,1
P065,2022-10,FY23,Legacy,,Midlands,55228.0,575.0,10,4.55,1
P065,2022-11,FY23,Legacy,,Midlands,57015.0,594.0,12,4.55,1
P065,2022-12,FY23,Legacy,,Midlands,51707.0,539.0,13,4.55,1
P065,2023-01,FY23,Legacy,,Midlands,57679.0,601.0,16,4.55,1
P065,2023-02,FY23,Legacy,,Midlands,48681.0,507.0,9,4.55,1
P065,2023-03,FY23,Legacy,,Midlands,60738.0,633.0,12,4.55,1
P065,2023-04,FY24,Legacy,,Midlands,65432.0,682.0,14,4.55,1
P065,2023-05,FY24,Legacy,,Midlands,57093.0,595.0,12,4.55,1
P065,2023-06,FY24,Legacy,,Midlands,61791.0,644.0,14,4.55,1
P065,2023-07,FY24,Legacy,,Midlands,61303.0,639.0,10,4.55,1
P065,2023-08,FY24,Legacy,,Midlands,59235.0,617.0,11,4.55,1
P065,2023-09,FY24,Legacy,,Midlands,68052.0,709.0,16,4.55,1
P065,2023-10,FY24,Legacy,,Midlands,58785.0,612.0,13,4.55,1
P065,2023-11,FY24,Legacy,,Midlands,59312.0,618.0,9,4.55,1
P065,2023-12,FY24,Legacy,,Midlands,57617.0,600.0,17,4.55,1
P065,2024-01,FY24,Legacy,,Midlands,64384.0,671.0,10,4.55,1
P065,2024-02,FY24,Legacy,,Midlands,60297.0,628.0,17,4.55,1
P065,2024-03,FY24,Legacy,,Midlands,59707.0,622.0,16,4.55,1
P065,2024-04,FY25,Legacy,,Midlands,62075.0,647.0,18,4.55,1
P065,2024-05,FY25,Legacy,,Midlands,59225.0,617.0,10,4.55,1
P065,2024-06,FY25,Legacy,,Midlands,65175.0,679.0,13,4.55,1
P065,2024-07,FY25,Legacy,,Midlands,58286.0,607.0,11,4.55,1
P065,2024-08,FY25,Legacy,,Midlands,65933.0,687.0,14,4.55,1
P065,2024-09,FY25,Legacy,,Midlands,57273.0,597.0,13,4.55,1
P065,2024-10,FY25,Legacy,,Midlands,73127.0,762.0,20,4.55,1
P065,2024-11,FY25,Legacy,,Midlands,63155.0,658.0,19,4.55,1
P065,2024-12,FY25,Legacy,,Midlands,55625.0,579.0,7,4.55,1
P065,2025-01,FY25,Legacy,,Midlands,63003.0,656.0,8,4.55,1
P065,2025-02,FY25,Legacy,,Midlands,73477.0,765.0,15,4.55,1
P065,2025-03,FY25,Legacy,,Midlands,61419.0,640.0,11,4.55,1
P066,2022-10,FY23,Legacy,,North West,66191.0,689.0,18,4.37,1
P066,2022-11,FY23,Legacy,,North West,57497.0,599.0,10,4.37,1
P066,2022-12,FY23,Legacy,,North West,71758.0,747.0,10,4.37,1
P066,2023-01,FY23,Legacy,,North West,61918.0,645.0,11,4.37,1
P066,2023-02,FY23,Legacy,,North West,69608.0,725.0,14,4.37,1
P066,2023-03,FY23,Legacy,,North West,69457.0,724.0,9,4.37,1
P066,2023-04,FY24,Legacy,,North West,69781.0,727.0,14,4.37,1
P066,2023-05,FY24,Legacy,,North West,72415.0,754.0,15,4.37,1
P066,2023-06,FY24,Legacy,,North West,73270.0,763.0,20,4.37,1
P066,2023-07,FY24,Legacy,,North West,67746.0,706.0,20,4.37,1
P066,2023-08,FY24,Legacy,,North West,70585.0,735.0,13,4.37,1
P066,2023-09,FY24,Legacy,,North West,70888.0,738.0,18,4.37,1
P066,2023-10,FY24,Legacy,,North West,68998.0,719.0,13,4.37,1
P066,2023-11,FY24,Legacy,,North West,69247.0,721.0,15,4.37,1
P066,2023-12,FY24,Legacy,,North West,66443.0,692.0,21,4.37,1
P066,2024-01,FY24,Legacy,,North West,76596.0,798.0,21,4.37,1
P066,2024-02,FY24,Legacy,,North West,68102.0,709.0,17,4.37,1
P066,2024-03,FY24,Legacy,,North West,72923.0,760.0,21,4.37,1
P066,2024-04,FY25,Legacy,,North West,79441.0,828.0,13,4.37,1
P066,2024-05,FY25,Legacy,,North West,87314.0,910.0,20,4.37,1
P066,2024-06,FY25,Legacy,,North West,72965.0,760.0,15,4.37,1
P066,2024-07,FY25,Legacy,,North West,74699.0,778.0,12,4.37,1
P066,2024-08,FY25,Legacy,,North West,70069.0,730.0,17,4.37,1
P066,2024-09,FY25,Legacy,,North West,76256.0,794.0,28,4.37,1
P066,2024-10,FY25,Legacy,,North West,77569.0,808.0,24,4.37,1
P066,2024-11,FY25,Legacy,,North West,72992.0,760.0,20,4.37,1
P066,2024-12,FY25,Legacy,,North West,66819.0,696.0,12,4.37,1
P066,2025-01,FY25,Legacy,,North West,68297.0,711.0,17,4.37,1
P066,2025-02,FY25,Legacy,,North West,79289.0,826.0,22,4.37,1
P066,2025-03,FY25,Legacy,,North West,77520.0,808.0,15,4.37,1
P067,2022-10,FY23,Legacy,,North West,57059.0,594.0,11,4.04,1
P067,2022-11,FY23,Legacy,,North West,59957.0,625.0,11,4.04,1
P067,2022-12,FY23,Legacy,,North West,52884.0,551.0,13,4.04,1
P067,2023-01,FY23,Legacy,,North West,53290.0,555.0,11,4.04,1
P067,2023-02,FY23,Legacy,,North West,64013.0,667.0,16,4.04,1
P067,2023-03,FY23,Legacy,,North West,59843.0,623.0,13,4.04,1
P067,2023-04,FY24,Legacy,,North West,53909.0,562.0,8,4.04,1
P067,2023-05,FY24,Legacy,,North West,58834.0,613.0,11,4.04,1
P067,2023-06,FY24,Legacy,,North West,66785.0,696.0,17,4.04,1
P067,2023-07,FY24,Legacy,,North West,60930.0,635.0,10,4.04,1
P067,2023-08,FY24,Legacy,,North West,60703.0,632.0,11,4.04,1
P067,2023-09,FY24,Legacy,,North West,54492.0,568.0,13,4.04,1
P067,2023-10,FY24,Legacy,,North West,60203.0,627.0,15,4.04,1
P067,2023-11,FY24,Legacy,,North West,60348.0,629.0,8,4.04,1
P067,2023-12,FY24,Legacy,,North West,47074.0,490.0,9,4.04,1
P067,2024-01,FY24,Legacy,,North West,56083.0,584.0,15,4.04,1
P067,2024-02,FY24,Legacy,,North West,54889.0,572.0,18,4.04,1
P067,2024-03,FY24,Legacy,,North West,57051.0,594.0,10,4.04,1
P067,2024-04,FY25,Legacy,,North West,54117.0,564.0,7,4.04,1
P067,2024-05,FY25,Legacy,,North West,61868.0,644.0,11,4.04,1
P067,2024-06,FY25,Legacy,,North West,65193.0,679.0,11,4.04,1
P067,2024-07,FY25,Legacy,,North West,66930.0,697.0,15,4.04,1
P067,2024-08,FY25,Legacy,,North West,66294.0,691.0,13,4.04,1
P067,2024-09,FY25,Legacy,,North West,72406.0,754.0,15,4.04,1
P067,2024-10,FY25,Legacy,,North West,67902.0,707.0,19,4.04,1
P067,2024-11,FY25,Legacy,,North West,63608.0,663.0,13,4.04,1
P067,2024-12,FY25,Legacy,,North West,57733.0,601.0,9,4.04,1
P067,2025-01,FY25,Legacy,,North West,67459.0,703.0,19,4.04,1
P067,2025-02,FY25,Legacy,,North West,52589.0,548.0,5,4.04,1
P067,2025-03,FY25,Legacy,,North West,70621.0,736.0,21,4.04,1
P068,2022-10,FY23,Legacy,,Scotland,95610.0,996.0,32,4.17,1
P068,2022-11,FY23,Legacy,,Scotland,86409.0,900.0,24,4.17,1
P068,2022-12,FY23,Legacy,,Scotland,75575.0,787.0,22,4.17,1
P068,2023-01,FY23,Legacy,,Scotland,98807.0,1029.0,30,4.17,1
P068,2023-02,FY23,Legacy,,Scotland,85558.0,891.0,24,4.17,1
P068,2023-03,FY23,Legacy,,Scotland,81773.0,852.0,15,4.17,1
P068,2023-04,FY24,Legacy,,Scotland,102083.0,1063.0,28,4.17,1
P068,2023-05,FY24,Legacy,,Scotland,109395.0,1140.0,28,4.17,1
P068,2023-06,FY24,Legacy,,Scotland,104868.0,1092.0,20,4.17,1
P068,2023-07,FY24,Legacy,,Scotland,98784.0,1029.0,22,4.17,1
P068,2023-08,FY24,Legacy,,Scotland,89387.0,931.0,27,4.17,1
P068,2023-09,FY24,Legacy,,Scotland,103745.0,1081.0,21,4.17,1
P068,2023-10,FY24,Legacy,,Scotland,104099.0,1084.0,25,4.17,1
P068,2023-11,FY24,Legacy,,Scotland,85586.0,892.0,12,4.17,1
P068,2023-12,FY24,Legacy,,Scotland,83268.0,867.0,16,4.17,1
P068,2024-01,FY24,Legacy,,Scotland,87128.0,908.0,20,4.17,1
P068,2024-02,FY24,Legacy,,Scotland,99258.0,1034.0,25,4.17,1
P068,2024-03,FY24,Legacy,,Scotland,98433.0,1025.0,15,4.17,1
P068,2024-04,FY25,Legacy,,Scotland,98431.0,1025.0,34,4.17,1
P068,2024-05,FY25,Legacy,,Scotland,97803.0,1019.0,25,4.17,1
P068,2024-06,FY25,Legacy,,Scotland,100943.0,1051.0,18,4.17,1
P068,2024-07,FY25,Legacy,,Scotland,110289.0,1149.0,19,4.17,1
P068,2024-08,FY25,Legacy,,Scotland,90362.0,941.0,20,4.17,1
P068,2024-09,FY25,Legacy,,Scotland,99990.0,1042.0,24,4.17,1
P068,2024-10,FY25,Legacy,,Scotland,94908.0,989.0,14,4.17,1
P068,2024-11,FY25,Legacy,,Scotland,95185.0,992.0,19,4.17,1
P068,2024-12,FY25,Legacy,,Scotland,92302.0,961.0,17,4.17,1
P068,2025-01,FY25,Legacy,,Scotland,96020.0,1000.0,22,4.17,1
P068,2025-02,FY25,Legacy,,Scotland,91757.0,956.0,26,4.17,1
P068,2025-03,FY25,Legacy,,Scotland,104007.0,1083.0,17,4.17,1
P069,2022-10,FY23,Legacy,,North West,67802.0,706.0,14,4.42,1
P069,2022-11,FY23,Legacy,,North West,75254.0,784.0,20,4.42,1
P069,2022-12,FY23,Legacy,,North West,73344.0,764.0,15,4.42,1
P069,2023-01,FY23,Legacy,,North West,74832.0,779.0,18,4.42,1
P069,2023-02,FY23,Legacy,,North West,72449.0,755.0,18,4.42,1
P069,2023-03,FY23,Legacy,,North West,72481.0,755.0,12,4.42,1
P069,2023-04,FY24,Legacy,,North West,71245.0,742.0,22,4.42,1
P069,2023-05,FY24,Legacy,,North West,77717.0,810.0,21,4.42,1
P069,2023-06,FY24,Legacy,,North West,81905.0,853.0,13,4.42,1
P069,2023-07,FY24,Legacy,,North West,72396.0,754.0,18,4.42,1
P069,2023-08,FY24,Legacy,,North West,88019.0,917.0,24,4.42,1
P069,2023-09,FY24,Legacy,,North West,72340.0,754.0,9,4.42,1
P069,2023-10,FY24,Legacy,,North West,77276.0,805.0,20,4.42,1
P069,2023-11,FY24,Legacy,,North West,71319.0,743.0,18,4.42,1
P069,2023-12,FY24,Legacy,,North West,69366.0,723.0,17,4.42,1
P069,2024-01,FY24,Legacy,,North West,74562.0,777.0,12,4.42,1
P069,2024-02,FY24,Legacy,,North West,69883.0,728.0,13,4.42,1
P069,2024-03,FY24,Legacy,,North West,77290.0,805.0,19,4.42,1
P069,2024-04,FY25,Legacy,,North West,75866.0,790.0,18,4.42,1
P069,2024-05,FY25,Legacy,,North West,83061.0,865.0,18,4.42,1
P069,2024-06,FY25,Legacy,,North West,80144.0,835.0,16,4.42,1
P069,2024-07,FY25,Legacy,,North West,73250.0,763.0,19,4.42,1
P069,2024-08,FY25,Legacy,,North West,80643.0,840.0,14,4.42,1
P069,2024-09,FY25,Legacy,,North West,77128.0,803.0,16,4.42,1
P069,2024-10,FY25,Legacy,,North West,82639.0,861.0,21,4.42,1
P069,2024-11,FY25,Legacy,,North West,82971.0,864.0,21,4.42,1
P069,2024-12,FY25,Legacy,,North West,71852.0,748.0,11,4.42,1
P069,2025-01,FY25,Legacy,,North West,97353.0,1014.0,17,4.42,1
P069,2025-02,FY25,Legacy,,North West,85816.0,894.0,13,4.42,1
P069,2025-03,FY25,Legacy,,North West,82522.0,860.0,9,4.42,1
P070,2022-10,FY23,Legacy,,Midlands,58755.0,612.0,15,4.25,1
P070,2022-11,FY23,Legacy,,Midlands,57630.0,600.0,15,4.25,1
P070,2022-12,FY23,Legacy,,Midlands,51934.0,541.0,18,4.25,1
P070,2023-01,FY23,Legacy,,Midlands,56839.0,592.0,12,4.25,1
P070,2023-02,FY23,Legacy,,Midlands,57582.0,600.0,18,4.25,1
P070,2023-03,FY23,Legacy,,Midlands,60238.0,627.0,15,4.25,1
P070,2023-04,FY24,Legacy,,Midlands,62327.0,649.0,13,4.25,1
P070,2023-05,FY24,Legacy,,Midlands,65815.0,686.0,13,4.25,1
P070,2023-06,FY24,Legacy,,Midlands,58297.0,607.0,14,4.25,1
P070,2023-07,FY24,Legacy,,Midlands,62367.0,650.0,10,4.25,1
P070,2023-08,FY24,Legacy,,Midlands,61478.0,640.0,15,4.25,1
P070,2023-09,FY24,Legacy,,Midlands,65966.0,687.0,21,4.25,1
P070,2023-10,FY24,Legacy,,Midlands,66560.0,693.0,16,4.25,1
P070,2023-11,FY24,Legacy,,Midlands,54994.0,573.0,25,4.25,1
P070,2023-12,FY24,Legacy,,Midlands,54556.0,568.0,16,4.25,1
P070,2024-01,FY24,Legacy,,Midlands,61910.0,645.0,13,4.25,1
P070,2024-02,FY24,Legacy,,Midlands,61959.0,645.0,15,4.25,1
P070,2024-03,FY24,Legacy,,Midlands,64411.0,671.0,14,4.25,1
P070,2024-04,FY25,Legacy,,Midlands,63310.0,659.0,11,4.25,1
P070,2024-05,FY25,Legacy,,Midlands,58773.0,612.0,14,4.25,1
P070,2024-06,FY25,Legacy,,Midlands,61356.0,639.0,10,4.25,1
P070,2024-07,FY25,Legacy,,Midlands,61030.0,636.0,10,4.25,1
P070,2024-08,FY25,Legacy,,Midlands,57145.0,595.0,10,4.25,1
P070,2024-09,FY25,Legacy,,Midlands,64923.0,676.0,14,4.25,1
P070,2024-10,FY25,Legacy,,Midlands,66765.0,695.0,15,4.25,1
P070,2024-11,FY25,Legacy,,Midlands,66816.0,696.0,11,4.25,1
P070,2024-12,FY25,Legacy,,Midlands,61100.0,636.0,15,4.25,1
P070,2025-01,FY25,Legacy,,Midlands,64515.0,672.0,18,4.25,1
P070,2025-02,FY25,Legacy,,Midlands,65013.0,677.0,14,4.25,1
P070,2025-03,FY25,Legacy,,Midlands,60778.0,633.0,7,4.25,1
P071,2022-10,FY23,Legacy,,Midlands,63003.0,656.0,17,4.11,1
P071,2022-11,FY23,Legacy,,Midlands,59267.0,617.0,9,4.11,1
P071,2022-12,FY23,Legacy,,Midlands,55014.0,573.0,10,4.11,1
P071,2023-01,FY23,Legacy,,Midlands,54024.0,563.0,8,4.11,1
P071,2023-02,FY23,Legacy,,Midlands,55962.0,583.0,11,4.11,1
P071,2023-03,FY23,Legacy,,Midlands,66889.0,697.0,15,4.11,1
P071,2023-04,FY24,Legacy,,Midlands,73655.0,767.0,15,4.11,1
P071,2023-05,FY24,Legacy,,Midlands,69574.0,725.0,17,4.11,1
P071,2023-06,FY24,Legacy,,Midlands,70905.0,739.0,16,4.11,1
P071,2023-07,FY24,Legacy,,Midlands,74577.0,777.0,14,4.11,1
P071,2023-08,FY24,Legacy,,Midlands,64781.0,675.0,18,4.11,1
P071,2023-09,FY24,Legacy,,Midlands,70964.0,739.0,19,4.11,1
P071,2023-10,FY24,Legacy,,Midlands,68365.0,712.0,17,4.11,1
P071,2023-11,FY24,Legacy,,Midlands,65768.0,685.0,10,4.11,1
P071,2023-12,FY24,Legacy,,Midlands,58252.0,607.0,12,4.11,1
P071,2024-01,FY24,Legacy,,Midlands,62893.0,655.0,14,4.11,1
P071,2024-02,FY24,Legacy,,Midlands,79141.0,824.0,15,4.11,1
P071,2024-03,FY24,Legacy,,Midlands,77267.0,805.0,13,4.11,1
P071,2024-04,FY25,Legacy,,Midlands,72950.0,760.0,11,4.11,1
P071,2024-05,FY25,Legacy,,Midlands,73294.0,763.0,17,4.11,1
P071,2024-06,FY25,Legacy,,Midlands,75053.0,782.0,16,4.11,1
P071,2024-07,FY25,Legacy,,Midlands,67705.0,705.0,12,4.11,1
P071,2024-08,FY25,Legacy,,Midlands,64772.0,675.0,13,4.11,1
P071,2024-09,FY25,Legacy,,Midlands,75533.0,787.0,18,4.11,1
P071,2024-10,FY25,Legacy,,Midlands,64782.0,675.0,9,4.11,1
P071,2024-11,FY25,Legacy,,Midlands,62354.0,650.0,8,4.11,1
P071,2024-12,FY25,Legacy,,Midlands,73403.0,765.0,16,4.11,1
P071,2025-01,FY25,Legacy,,Midlands,74133.0,772.0,13,4.11,1
P071,2025-02,FY25,Legacy,,Midlands,65935.0,687.0,13,4.11,1
P071,2025-03,FY25,Legacy,,Midlands,68514.0,714.0,24,4.11,1
P072,2022-10,FY23,Legacy,,North East,84922.0,885.0,17,4.13,1
P072,2022-11,FY23,Legacy,,North East,87535.0,912.0,21,4.13,1
P072,2022-12,FY23,Legacy,,North East,79784.0,831.0,15,4.13,1
P072,2023-01,FY23,Legacy,,North East,77409.0,806.0,11,4.13,1
P072,2023-02,FY23,Legacy,,North East,92991.0,969.0,17,4.13,1
P072,2023-03,FY23,Legacy,,North East,86157.0,897.0,18,4.13,1
P072,2023-04,FY24,Legacy,,North East,99845.0,1040.0,25,4.13,1
P072,2023-05,FY24,Legacy,,North East,96767.0,1008.0,23,4.13,1
P072,2023-06,FY24,Legacy,,North East,82511.0,859.0,16,4.13,1
P072,2023-07,FY24,Legacy,,North East,100045.0,1042.0,31,4.13,1
P072,2023-08,FY24,Legacy,,North East,94594.0,985.0,16,4.13,1
P072,2023-09,FY24,Legacy,,North East,101011.0,1052.0,27,4.13,1
P072,2023-10,FY24,Legacy,,North East,101734.0,1060.0,26,4.13,1
P072,2023-11,FY24,Legacy,,North East,87719.0,914.0,22,4.13,1
P072,2023-12,FY24,Legacy,,North East,82209.0,856.0,12,4.13,1
P072,2024-01,FY24,Legacy,,North East,84023.0,875.0,14,4.13,1
P072,2024-02,FY24,Legacy,,North East,90001.0,938.0,18,4.13,1
P072,2024-03,FY24,Legacy,,North East,103476.0,1078.0,20,4.13,1
P072,2024-04,FY25,Legacy,,North East,107626.0,1121.0,30,4.13,1
P072,2024-05,FY25,Legacy,,North East,95489.0,995.0,18,4.13,1
P072,2024-06,FY25,Legacy,,North East,101766.0,1060.0,21,4.13,1
P072,2024-07,FY25,Legacy,,North East,97997.0,1021.0,24,4.13,1
P072,2024-08,FY25,Legacy,,North East,99189.0,1033.0,24,4.13,1
P072,2024-09,FY25,Legacy,,North East,101424.0,1057.0,23,4.13,1
P072,2024-10,FY25,Legacy,,North East,91645.0,955.0,17,4.13,1
P072,2024-11,FY25,Legacy,,North East,104145.0,1085.0,16,4.13,1
P072,2024-12,FY25,Legacy,,North East,86548.0,902.0,21,4.13,1
P072,2025-01,FY25,Legacy,,North East,105546.0,1099.0,20,4.13,1
P072,2025-02,FY25,Legacy,,North East,82411.0,858.0,19,4.13,1
P072,2025-03,FY25,Legacy,,North East,91529.0,953.0,19,4.13,1
P073,2022-10,FY23,Legacy,,South West,78343.0,816.0,19,4.53,1
P073,2022-11,FY23,Legacy,,South West,79487.0,828.0,29,4.53,1
P073,2022-12,FY23,Legacy,,South West,65884.0,686.0,12,4.53,1
P073,2023-01,FY23,Legacy,,South West,74323.0,774.0,18,4.53,1
P073,2023-02,FY23,Legacy,,South West,73529.0,766.0,19,4.53,1
P073,2023-03,FY23,Legacy,,South West,73611.0,767.0,18,4.53,1
P073,2023-04,FY24,Legacy,,South West,76964.0,802.0,14,4.53,1
P073,2023-05,FY24,Legacy,,South West,73760.0,768.0,10,4.53,1
P073,2023-06,FY24,Legacy,,South West,71034.0,740.0,14,4.53,1
P073,2023-07,FY24,Legacy,,South West,86612.0,902.0,27,4.53,1
P073,2023-08,FY24,Legacy,,South West,76805.0,800.0,13,4.53,1
P073,2023-09,FY24,Legacy,,South West,78309.0,816.0,11,4.53,1
P073,2023-10,FY24,Legacy,,South West,82759.0,862.0,19,4.53,1
P073,2023-11,FY24,Legacy,,South West,79382.0,827.0,17,4.53,1
P073,2023-12,FY24,Legacy,,South West,69481.0,724.0,14,4.53,1
P073,2024-01,FY24,Legacy,,South West,80543.0,839.0,16,4.53,1
P073,2024-02,FY24,Legacy,,South West,67627.0,704.0,8,4.53,1
P073,2024-03,FY24,Legacy,,South West,91750.0,956.0,12,4.53,1
P073,2024-04,FY25,Legacy,,South West,90441.0,942.0,19,4.53,1
P073,2024-05,FY25,Legacy,,South West,90825.0,946.0,19,4.53,1
P073,2024-06,FY25,Legacy,,South West,88302.0,920.0,22,4.53,1
P073,2024-07,FY25,Legacy,,South West,82401.0,858.0,26,4.53,1
P073,2024-08,FY25,Legacy,,South West,82260.0,857.0,13,4.53,1
P073,2024-09,FY25,Legacy,,South West,77320.0,805.0,14,4.53,1
P073,2024-10,FY25,Legacy,,South West,83010.0,865.0,19,4.53,1
P073,2024-11,FY25,Legacy,,South West,82692.0,861.0,14,4.53,1
P073,2024-12,FY25,Legacy,,South West,69326.0,722.0,13,4.53,1
P073,2025-01,FY25,Legacy,,South West,80657.0,840.0,20,4.53,1
P073,2025-02,FY25,Legacy,,South West,82239.0,857.0,20,4.53,1
P073,2025-03,FY25,Legacy,,South West,79930.0,833.0,17,4.53,1
P074,2022-10,FY23,Legacy,,North West,93396.0,973.0,22,4.3,1
P074,2022-11,FY23,Legacy,,North West,97491.0,1016.0,28,4.3,1
P074,2022-12,FY23,Legacy,,North West,84261.0,878.0,16,4.3,1
P074,2023-01,FY23,Legacy,,North West,88136.0,918.0,28,4.3,1
P074,2023-02,FY23,Legacy,,North West,88826.0,925.0,14,4.3,1
P074,2023-03,FY23,Legacy,,North West,86585.0,902.0,17,4.3,1
P074,2023-04,FY24,Legacy,,North West,107153.0,1116.0,19,4.3,1
P074,2023-05,FY24,Legacy,,North West,94619.0,986.0,14,4.3,1
P074,2023-06,FY24,Legacy,,North West,101471.0,1057.0,28,4.3,1
P074,2023-07,FY24,Legacy,,North West,97201.0,1013.0,21,4.3,1
P074,2023-08,FY24,Legacy,,North West,106516.0,1110.0,22,4.3,1
P074,2023-09,FY24,Legacy,,North West,88228.0,919.0,16,4.3,1
P074,2023-10,FY24,Legacy,,North West,98132.0,1022.0,19,4.3,1
P074,2023-11,FY24,Legacy,,North West,96713.0,1007.0,24,4.3,1
P074,2023-12,FY24,Legacy,,North West,90465.0,942.0,17,4.3,1
P074,2024-01,FY24,Legacy,,North West,100878.0,1051.0,28,4.3,1
P074,2024-02,FY24,Legacy,,North West,86823.0,904.0,14,4.3,1
P074,2024-03,FY24,Legacy,,North West,102771.0,1071.0,27,4.3,1
P074,2024-04,FY25,Legacy,,North West,111713.0,1164.0,18,4.3,1
P074,2024-05,FY25,Legacy,,North West,98206.0,1023.0,24,4.3,1
P074,2024-06,FY25,Legacy,,North West,106882.0,1113.0,23,4.3,1
P074,2024-07,FY25,Legacy,,North West,97111.0,1012.0,25,4.3,1
P074,2024-08,FY25,Legacy,,North West,94253.0,982.0,25,4.3,1
P074,2024-09,FY25,Legacy,,North West,100345.0,1045.0,21,4.3,1
P074,2024-10,FY25,Legacy,,North West,101102.0,1053.0,32,4.3,1
P074,2024-11,FY25,Legacy,,North West,99361.0,1035.0,19,4.3,1
P074,2024-12,FY25,Legacy,,North West,84138.0,876.0,16,4.3,1
P074,2025-01,FY25,Legacy,,North West,94185.0,981.0,23,4.3,1
P074,2025-02,FY25,Legacy,,North West,104126.0,1085.0,24,4.3,1
P074,2025-03,FY25,Legacy,,North West,104652.0,1090.0,26,4.3,1
P075,2022-10,FY23,Legacy,,North East,73481.0,765.0,17,4.62,1
P075,2022-11,FY23,Legacy,,North East,62083.0,647.0,20,4.62,1
P075,2022-12,FY23,Legacy,,North East,59029.0,615.0,15,4.62,1
P075,2023-01,FY23,Legacy,,North East,75971.0,791.0,15,4.62,1
P075,2023-02,FY23,Legacy,,North East,67322.0,701.0,26,4.62,1
P075,2023-03,FY23,Legacy,,North East,66313.0,691.0,18,4.62,1
P075,2023-04,FY24,Legacy,,North East,66631.0,694.0,14,4.62,1
P075,2023-05,FY24,Legacy,,North East,70000.0,729.0,13,4.62,1
P075,2023-06,FY24,Legacy,,North East,83350.0,868.0,19,4.62,1
P075,2023-07,FY24,Legacy,,North East,70159.0,731.0,12,4.62,1
P075,2023-08,FY24,Legacy,,North East,69785.0,727.0,15,4.62,1
P075,2023-09,FY24,Legacy,,North East,73988.0,771.0,15,4.62,1
P075,2023-10,FY24,Legacy,,North East,77384.0,806.0,14,4.62,1
P075,2023-11,FY24,Legacy,,North East,73807.0,769.0,12,4.62,1
P075,2023-12,FY24,Legacy,,North East,67563.0,704.0,13,4.62,1
P075,2024-01,FY24,Legacy,,North East,86458.0,901.0,16,4.62,1
P075,2024-02,FY24,Legacy,,North East,72887.0,759.0,16,4.62,1
P075,2024-03,FY24,Legacy,,North East,70609.0,736.0,12,4.62,1
P075,2024-04,FY25,Legacy,,North East,78601.0,819.0,14,4.62,1
P075,2024-05,FY25,Legacy,,North East,75310.0,784.0,14,4.62,1
P075,2024-06,FY25,Legacy,,North East,76770.0,800.0,21,4.62,1
P075,2024-07,FY25,Legacy,,North East,81365.0,848.0,19,4.62,1
P075,2024-08,FY25,Legacy,,North East,77249.0,805.0,17,4.62,1
P075,2024-09,FY25,Legacy,,North East,79415.0,827.0,13,4.62,1
P075,2024-10,FY25,Legacy,,North East,92416.0,963.0,21,4.62,1
P075,2024-11,FY25,Legacy,,North East,70212.0,731.0,15,4.62,1
P075,2024-12,FY25,Legacy,,North East,63442.0,661.0,11,4.62,1
P075,2025-01,FY25,Legacy,,North East,71875.0,749.0,24,4.62,1
P075,2025-02,FY25,Legacy,,North East,68010.0,708.0,15,4.62,1
P075,2025-03,FY25,Legacy,,North East,80188.0,835.0,27,4.62,1
P076,2022-10,FY23,Legacy,,North West,73866.0,769.0,14,4.26,1
P076,2022-11,FY23,Legacy,,North West,68680.0,715.0,15,4.26,1
P076,2022-12,FY23,Legacy,,North West,63858.0,665.0,19,4.26,1
P076,2023-01,FY23,Legacy,,North West,64477.0,672.0,13,4.26,1
P076,2023-02,FY23,Legacy,,North West,66665.0,694.0,8,4.26,1
P076,2023-03,FY23,Legacy,,North West,72372.0,754.0,16,4.26,1
P076,2023-04,FY24,Legacy,,North West,76194.0,794.0,9,4.26,1
P076,2023-05,FY24,Legacy,,North West,68278.0,711.0,13,4.26,1
P076,2023-06,FY24,Legacy,,North West,77330.0,806.0,12,4.26,1
P076,2023-07,FY24,Legacy,,North West,73752.0,768.0,23,4.26,1
P076,2023-08,FY24,Legacy,,North West,68715.0,716.0,19,4.26,1
P076,2023-09,FY24,Legacy,,North West,68167.0,710.0,14,4.26,1
P076,2023-10,FY24,Legacy,,North West,77379.0,806.0,12,4.26,1
P076,2023-11,FY24,Legacy,,North West,69909.0,728.0,17,4.26,1
P076,2023-12,FY24,Legacy,,North West,70652.0,736.0,11,4.26,1
P076,2024-01,FY24,Legacy,,North West,72311.0,753.0,14,4.26,1
P076,2024-02,FY24,Legacy,,North West,72270.0,753.0,16,4.26,1
P076,2024-03,FY24,Legacy,,North West,83208.0,867.0,16,4.26,1
P076,2024-04,FY25,Legacy,,North West,80431.0,838.0,14,4.26,1
P076,2024-05,FY25,Legacy,,North West,72748.0,758.0,16,4.26,1
P076,2024-06,FY25,Legacy,,North West,85973.0,896.0,25,4.26,1
P076,2024-07,FY25,Legacy,,North West,79162.0,825.0,21,4.26,1
P076,2024-08,FY25,Legacy,,North West,76048.0,792.0,16,4.26,1
P076,2024-09,FY25,Legacy,,North West,78627.0,819.0,16,4.26,1
P076,2024-10,FY25,Legacy,,North West,77078.0,803.0,16,4.26,1
P076,2024-11,FY25,Legacy,,North West,62226.0,648.0,19,4.26,1
P076,2024-12,FY25,Legacy,,North West,69962.0,729.0,17,4.26,1
P076,2025-01,FY25,Legacy,,North West,74818.0,779.0,9,4.26,1
P076,2025-02,FY25,Legacy,,North West,70271.0,732.0,15,4.26,1
P076,2025-03,FY25,Legacy,,North West,73652.0,767.0,18,4.26,1
P077,2022-10,FY23,Legacy,,South East,54020.0,563.0,10,4.35,1
P077,2022-11,FY23,Legacy,,South East,53764.0,560.0,10,4.35,1
P077,2022-12,FY23,Legacy,,South East,52664.0,549.0,11,4.35,1
P077,2023-01,FY23,Legacy,,South East,57358.0,597.0,12,4.35,1
P077,2023-02,FY23,Legacy,,South East,52261.0,544.0,13,4.35,1
P077,2023-03,FY23,Legacy,,South East,63272.0,659.0,11,4.35,1
P077,2023-04,FY24,Legacy,,South East,71477.0,745.0,13,4.35,1
P077,2023-05,FY24,Legacy,,South East,61815.0,644.0,16,4.35,1
P077,2023-06,FY24,Legacy,,South East,65171.0,679.0,10,4.35,1
P077,2023-07,FY24,Legacy,,South East,70401.0,733.0,11,4.35,1
P077,2023-08,FY24,Legacy,,South East,52780.0,550.0,6,4.35,1
P077,2023-09,FY24,Legacy,,South East,65718.0,685.0,16,4.35,1
P077,2023-10,FY24,Legacy,,South East,71927.0,749.0,11,4.35,1
P077,2023-11,FY24,Legacy,,South East,60566.0,631.0,11,4.35,1
P077,2023-12,FY24,Legacy,,South East,56723.0,591.0,11,4.35,1
P077,2024-01,FY24,Legacy,,South East,59265.0,617.0,19,4.35,1
P077,2024-02,FY24,Legacy,,South East,57056.0,594.0,13,4.35,1
P077,2024-03,FY24,Legacy,,South East,66370.0,691.0,17,4.35,1
P077,2024-04,FY25,Legacy,,South East,67466.0,703.0,21,4.35,1
P077,2024-05,FY25,Legacy,,South East,65848.0,686.0,16,4.35,1
P077,2024-06,FY25,Legacy,,South East,72103.0,751.0,26,4.35,1
P077,2024-07,FY25,Legacy,,South East,66314.0,691.0,14,4.35,1
P077,2024-08,FY25,Legacy,,South East,62841.0,655.0,14,4.35,1
P077,2024-09,FY25,Legacy,,South East,62070.0,647.0,10,4.35,1
P077,2024-10,FY25,Legacy,,South East,69355.0,722.0,19,4.35,1
P077,2024-11,FY25,Legacy,,South East,66913.0,697.0,12,4.35,1
P077,2024-12,FY25,Legacy,,South East,55292.0,576.0,11,4.35,1
P077,2025-01,FY25,Legacy,,South East,76482.0,797.0,20,4.35,1
P077,2025-02,FY25,Legacy,,South East,74104.0,772.0,15,4.35,1
P077,2025-03,FY25,Legacy,,South East,69973.0,729.0,15,4.35,1
P078,2022-10,FY23,Legacy,,North West,65980.0,687.0,14,4.26,1
P078,2022-11,FY23,Legacy,,North West,59062.0,615.0,13,4.26,1
P078,2022-12,FY23,Legacy,,North West,58371.0,608.0,20,4.26,1
P078,2023-01,FY23,Legacy,,North West,69055.0,719.0,19,4.26,1
P078,2023-02,FY23,Legacy,,North West,61014.0,636.0,10,4.26,1
P078,2023-03,FY23,Legacy,,North West,74104.0,772.0,20,4.26,1
P078,2023-04,FY24,Legacy,,North West,73235.0,763.0,17,4.26,1
P078,2023-05,FY24,Legacy,,North West,61811.0,644.0,12,4.26,1
P078,2023-06,FY24,Legacy,,North West,74615.0,777.0,10,4.26,1
P078,2023-07,FY24,Legacy,,North West,71543.0,745.0,19,4.26,1
P078,2023-08,FY24,Legacy,,North West,65184.0,679.0,12,4.26,1
P078,2023-09,FY24,Legacy,,North West,70472.0,734.0,21,4.26,1
P078,2023-10,FY24,Legacy,,North West,72628.0,757.0,17,4.26,1
P078,2023-11,FY24,Legacy,,North West,66622.0,694.0,14,4.26,1
P078,2023-12,FY24,Legacy,,North West,67596.0,704.0,10,4.26,1
P078,2024-01,FY24,Legacy,,North West,71903.0,749.0,19,4.26,1
P078,2024-02,FY24,Legacy,,North West,63692.0,663.0,10,4.26,1
P078,2024-03,FY24,Legacy,,North West,73325.0,764.0,19,4.26,1
P078,2024-04,FY25,Legacy,,North West,79896.0,832.0,8,4.26,1
P078,2024-05,FY25,Legacy,,North West,79259.0,826.0,17,4.26,1
P078,2024-06,FY25,Legacy,,North West,71029.0,740.0,19,4.26,1
P078,2024-07,FY25,Legacy,,North West,70444.0,734.0,10,4.26,1
P078,2024-08,FY25,Legacy,,North West,75303.0,784.0,13,4.26,1
P078,2024-09,FY25,Legacy,,North West,62067.0,647.0,17,4.26,1
P078,2024-10,FY25,Legacy,,North West,79647.0,830.0,17,4.26,1
P078,2024-11,FY25,Legacy,,North West,68822.0,717.0,14,4.26,1
P078,2024-12,FY25,Legacy,,North West,65713.0,685.0,14,4.26,1
P078,2025-01,FY25,Legacy,,North West,68436.0,713.0,23,4.26,1
P078,2025-02,FY25,Legacy,,North West,66310.0,691.0,18,4.26,1
P078,2025-03,FY25,Legacy,,North West,86533.0,901.0,13,4.26,1
P079,2022-10,FY23,Legacy,,South East,115790.0,1206.0,25,4.63,1
P079,2022-11,FY23,Legacy,,South East,99920.0,1041.0,21,4.63,1
P079,2022-12,FY23,Legacy,,South East,99774.0,1039.0,27,4.63,1
P079,2023-01,FY23,Legacy,,South East,114448.0,1192.0,26,4.63,1
P079,2023-02,FY23,Legacy,,South East,109499.0,1141.0,25,4.63,1
P079,2023-03,FY23,Legacy,,South East,109113.0,1137.0,16,4.63,1
P079,2023-04,FY24,Legacy,,South East,109226.0,1138.0,23,4.63,1
P079,2023-05,FY24,Legacy,,South East,118835.0,1238.0,28,4.63,1
P079,2023-06,FY24,Legacy,,South East,110127.0,1147.0,29,4.63,1
P079,2023-07,FY24,Legacy,,South East,122408.0,1275.0,22,4.63,1
P079,2023-08,FY24,Legacy,,South East,104559.0,1089.0,20,4.63,1
P079,2023-09,FY24,Legacy,,South East,111858.0,1165.0,31,4.63,1
P079,2023-10,FY24,Legacy,,South East,109905.0,1145.0,31,4.63,1
P079,2023-11,FY24,Legacy,,South East,105875.0,1103.0,24,4.63,1
P079,2023-12,FY24,Legacy,,South East,99040.0,1032.0,29,4.63,1
P079,2024-01,FY24,Legacy,,South East,114877.0,1197.0,19,4.63,1
P079,2024-02,FY24,Legacy,,South East,96359.0,1004.0,26,4.63,1
P079,2024-03,FY24,Legacy,,South East,122576.0,1277.0,22,4.63,1
P079,2024-04,FY25,Legacy,,South East,118880.0,1238.0,26,4.63,1
P079,2024-05,FY25,Legacy,,South East,113912.0,1187.0,24,4.63,1
P079,2024-06,FY25,Legacy,,South East,114606.0,1194.0,24,4.63,1
P079,2024-07,FY25,Legacy,,South East,125535.0,1308.0,27,4.63,1
P079,2024-08,FY25,Legacy,,South East,114352.0,1191.0,26,4.63,1
P079,2024-09,FY25,Legacy,,South East,128026.0,1334.0,29,4.63,1
P079,2024-10,FY25,Legacy,,South East,123111.0,1282.0,25,4.63,1
P079,2024-11,FY25,Legacy,,South East,116177.0,1210.0,21,4.63,1
P079,2024-12,FY25,Legacy,,South East,129608.0,1350.0,29,4.63,1
P079,2025-01,FY25,Legacy,,South East,128735.0,1341.0,25,4.63,1
P079,2025-02,FY25,Legacy,,South East,124295.0,1295.0,25,4.63,1
P079,2025-03,FY25,Legacy,,South East,120035.0,1250.0,28,4.63,1
P080,2022-10,FY23,Legacy,,Midlands,52792.0,550.0,5,4.54,1
P080,2022-11,FY23,Legacy,,Midlands,51437.0,536.0,13,4.54,1
P080,2022-12,FY23,Legacy,,Midlands,42360.0,441.0,5,4.54,1
P080,2023-01,FY23,Legacy,,Midlands,44947.0,468.0,5,4.54,1
P080,2023-02,FY23,Legacy,,Midlands,51657.0,538.0,9,4.54,1
P080,2023-03,FY23,Legacy,,Midlands,48778.0,508.0,9,4.54,1
P080,2023-04,FY24,Legacy,,Midlands,48908.0,509.0,13,4.54,1
P080,2023-05,FY24,Legacy,,Midlands,48431.0,504.0,8,4.54,1
P080,2023-06,FY24,Legacy,,Midlands,48331.0,503.0,8,4.54,1
P080,2023-07,FY24,Legacy,,Midlands,45479.0,474.0,16,4.54,1
P080,2023-08,FY24,Legacy,,Midlands,50453.0,526.0,13,4.54,1
P080,2023-09,FY24,Legacy,,Midlands,48447.0,505.0,11,4.54,1
P080,2023-10,FY24,Legacy,,Midlands,51579.0,537.0,9,4.54,1
P080,2023-11,FY24,Legacy,,Midlands,54979.0,573.0,15,4.54,1
P080,2023-12,FY24,Legacy,,Midlands,46320.0,483.0,5,4.54,1
P080,2024-01,FY24,Legacy,,Midlands,45736.0,476.0,12,4.54,1
P080,2024-02,FY24,Legacy,,Midlands,45395.0,473.0,8,4.54,1
P080,2024-03,FY24,Legacy,,Midlands,55716.0,580.0,14,4.54,1
P080,2024-04,FY25,Legacy,,Midlands,52694.0,549.0,12,4.54,1
P080,2024-05,FY25,Legacy,,Midlands,52157.0,543.0,15,4.54,1
P080,2024-06,FY25,Legacy,,Midlands,49687.0,518.0,10,4.54,1
P080,2024-07,FY25,Legacy,,Midlands,53458.0,557.0,10,4.54,1
P080,2024-08,FY25,Legacy,,Midlands,52742.0,549.0,16,4.54,1
P080,2024-09,FY25,Legacy,,Midlands,55242.0,575.0,11,4.54,1
P080,2024-10,FY25,Legacy,,Midlands,57472.0,599.0,16,4.54,1
P080,2024-11,FY25,Legacy,,Midlands,46826.0,488.0,13,4.54,1
P080,2024-12,FY25,Legacy,,Midlands,45939.0,479.0,8,4.54,1
P080,2025-01,FY25,Legacy,,Midlands,55588.0,579.0,13,4.54,1
P080,2025-02,FY25,Legacy,,Midlands,51282.0,534.0,16,4.54,1
P080,2025-03,FY25,Legacy,,Midlands,54684.0,570.0,8,4.54,1
P081,2022-10,FY23,Legacy,,North East,111546.0,1162.0,28,4.73,1
P081,2022-11,FY23,Legacy,,North East,102680.0,1070.0,14,4.73,1
P081,2022-12,FY23,Legacy,,North East,98488.0,1026.0,22,4.73,1
P081,2023-01,FY23,Legacy,,North East,113798.0,1185.0,23,4.73,1
P081,2023-02,FY23,Legacy,,North East,103818.0,1081.0,22,4.73,1
P081,2023-03,FY23,Legacy,,North East,112700.0,1174.0,22,4.73,1
P081,2023-04,FY24,Legacy,,North East,116518.0,1214.0,22,4.73,1
P081,2023-05,FY24,Legacy,,North East,117714.0,1226.0,27,4.73,1
P081,2023-06,FY24,Legacy,,North East,129445.0,1348.0,29,4.73,1
P081,2023-07,FY24,Legacy,,North East,115036.0,1198.0,19,4.73,1
P081,2023-08,FY24,Legacy,,North East,120853.0,1259.0,16,4.73,1
P081,2023-09,FY24,Legacy,,North East,115018.0,1198.0,24,4.73,1
P081,2023-10,FY24,Legacy,,North East,105649.0,1101.0,20,4.73,1
P081,2023-11,FY24,Legacy,,North East,101227.0,1054.0,26,4.73,1
P081,2023-12,FY24,Legacy,,North East,103332.0,1076.0,25,4.73,1
P081,2024-01,FY24,Legacy,,North East,125563.0,1308.0,25,4.73,1
P081,2024-02,FY24,Legacy,,North East,116518.0,1214.0,20,4.73,1
P081,2024-03,FY24,Legacy,,North East,121082.0,1261.0,29,4.73,1
P081,2024-04,FY25,Legacy,,North East,123641.0,1288.0,22,4.73,1
P081,2024-05,FY25,Legacy,,North East,131566.0,1370.0,26,4.73,1
P081,2024-06,FY25,Legacy,,North East,117839.0,1227.0,33,4.73,1
P081,2024-07,FY25,Legacy,,North East,133682.0,1393.0,33,4.73,1
P081,2024-08,FY25,Legacy,,North East,119685.0,1247.0,30,4.73,1
P081,2024-09,FY25,Legacy,,North East,120078.0,1251.0,32,4.73,1
P081,2024-10,FY25,Legacy,,North East,118540.0,1235.0,22,4.73,1
P081,2024-11,FY25,Legacy,,North East,122491.0,1276.0,22,4.73,1
P081,2024-12,FY25,Legacy,,North East,114731.0,1195.0,16,4.73,1
P081,2025-01,FY25,Legacy,,North East,126731.0,1320.0,22,4.73,1
P081,2025-02,FY25,Legacy,,North East,105682.0,1101.0,15,4.73,1
P081,2025-03,FY25,Legacy,,North East,141417.0,1473.0,26,4.73,1
P082,2022-10,FY23,Legacy,,South West,88109.0,918.0,20,4.42,1
P082,2022-11,FY23,Legacy,,South West,77996.0,812.0,17,4.42,1
P082,2022-12,FY23,Legacy,,South West,84119.0,876.0,16,4.42,1
P082,2023-01,FY23,Legacy,,South West,90097.0,939.0,20,4.42,1
P082,2023-02,FY23,Legacy,,South West,88312.0,920.0,15,4.42,1
P082,2023-03,FY23,Legacy,,South West,92254.0,961.0,18,4.42,1
P082,2023-04,FY24,Legacy,,South West,92797.0,967.0,22,4.42,1
P082,2023-05,FY24,Legacy,,South West,100169.0,1043.0,17,4.42,1
P082,2023-06,FY24,Legacy,,South West,82508.0,859.0,13,4.42,1
P082,2023-07,FY24,Legacy,,South West,100406.0,1046.0,23,4.42,1
P082,2023-08,FY24,Legacy,,South West,94246.0,982.0,16,4.42,1
P082,2023-09,FY24,Legacy,,South West,95967.0,1000.0,23,4.42,1
P082,2023-10,FY24,Legacy,,South West,110245.0,1148.0,26,4.42,1
P082,2023-11,FY24,Legacy,,South West,91408.0,952.0,27,4.42,1
P082,2023-12,FY24,Legacy,,South West,88892.0,926.0,17,4.42,1
P082,2024-01,FY24,Legacy,,South West,97779.0,1019.0,25,4.42,1
P082,2024-02,FY24,Legacy,,South West,87844.0,915.0,19,4.42,1
P082,2024-03,FY24,Legacy,,South West,97152.0,1012.0,24,4.42,1
P082,2024-04,FY25,Legacy,,South West,111450.0,1161.0,24,4.42,1
P082,2024-05,FY25,Legacy,,South West,110367.0,1150.0,28,4.42,1
P082,2024-06,FY25,Legacy,,South West,104270.0,1086.0,31,4.42,1
P082,2024-07,FY25,Legacy,,South West,111591.0,1162.0,19,4.42,1
P082,2024-08,FY25,Legacy,,South West,102504.0,1068.0,23,4.42,1
P082,2024-09,FY25,Legacy,,South West,103107.0,1074.0,17,4.42,1
P082,2024-10,FY25,Legacy,,South West,97764.0,1018.0,27,4.42,1
P082,2024-11,FY25,Legacy,,South West,97562.0,1016.0,20,4.42,1
P082,2024-12,FY25,Legacy,,South West,103412.0,1077.0,27,4.42,1
P082,2025-01,FY25,Legacy,,South West,94382.0,983.0,14,4.42,1
P082,2025-02,FY25,Legacy,,South West,105667.0,1101.0,28,4.42,1
P082,2025-03,FY25,Legacy,,South West,118636.0,1236.0,25,4.42,1
P083,2022-10,FY23,Legacy,,South West,157329.0,1639.0,34,4.48,1
P083,2022-11,FY23,Legacy,,South West,141272.0,1472.0,34,4.48,1
P083,2022-12,FY23,Legacy,,South West,121276.0,1263.0,26,4.48,1
P083,2023-01,FY23,Legacy,,South West,158085.0,1647.0,34,4.48,1
P083,2023-02,FY23,Legacy,,South West,130258.0,1357.0,27,4.48,1
P083,2023-03,FY23,Legacy,,South West,148033.0,1542.0,30,4.48,1
P083,2023-04,FY24,Legacy,,South West,151404.0,1577.0,35,4.48,1
P083,2023-05,FY24,Legacy,,South West,144832.0,1509.0,34,4.48,1
P083,2023-06,FY24,Legacy,,South West,148808.0,1550.0,40,4.48,1
P083,2023-07,FY24,Legacy,,South West,144540.0,1506.0,20,4.48,1
P083,2023-08,FY24,Legacy,,South West,145208.0,1513.0,41,4.48,1
P083,2023-09,FY24,Legacy,,South West,168304.0,1753.0,26,4.48,1
P083,2023-10,FY24,Legacy,,South West,149197.0,1554.0,40,4.48,1
P083,2023-11,FY24,Legacy,,South West,126913.0,1322.0,22,4.48,1
P083,2023-12,FY24,Legacy,,South West,158523.0,1651.0,31,4.48,1
P083,2024-01,FY24,Legacy,,South West,153046.0,1594.0,28,4.48,1
P083,2024-02,FY24,Legacy,,South West,149885.0,1561.0,34,4.48,1
P083,2024-03,FY24,Legacy,,South West,160838.0,1675.0,40,4.48,1
P083,2024-04,FY25,Legacy,,South West,162195.0,1690.0,32,4.48,1
P083,2024-05,FY25,Legacy,,South West,172482.0,1797.0,43,4.48,1
P083,2024-06,FY25,Legacy,,South West,162410.0,1692.0,32,4.48,1
P083,2024-07,FY25,Legacy,,South West,155613.0,1621.0,39,4.48,1
P083,2024-08,FY25,Legacy,,South West,167032.0,1740.0,40,4.48,1
P083,2024-09,FY25,Legacy,,South West,180163.0,1877.0,34,4.48,1
P083,2024-10,FY25,Legacy,,South West,153775.0,1602.0,28,4.48,1
P083,2024-11,FY25,Legacy,,South West,146436.0,1525.0,37,4.48,1
P083,2024-12,FY25,Legacy,,South West,155217.0,1617.0,37,4.48,1
P083,2025-01,FY25,Legacy,,South West,154903.0,1614.0,21,4.48,1
P083,2025-02,FY25,Legacy,,South West,163320.0,1701.0,31,4.48,1
P083,2025-03,FY25,Legacy,,South West,154520.0,1610.0,34,4.48,1
P084,2022-10,FY23,Legacy,,South East,63495.0,661.0,18,4.23,1
P084,2022-11,FY23,Legacy,,South East,60423.0,629.0,8,4.23,1
P084,2022-12,FY23,Legacy,,South East,54436.0,567.0,14,4.23,1
P084,2023-01,FY23,Legacy,,South East,62964.0,656.0,15,4.23,1
P084,2023-02,FY23,Legacy,,South East,59999.0,625.0,13,4.23,1
P084,2023-03,FY23,Legacy,,South East,61052.0,636.0,15,4.23,1
P084,2023-04,FY24,Legacy,,South East,75397.0,785.0,20,4.23,1
P084,2023-05,FY24,Legacy,,South East,64005.0,667.0,8,4.23,1
P084,2023-06,FY24,Legacy,,South East,64136.0,668.0,12,4.23,1
P084,2023-07,FY24,Legacy,,South East,67565.0,704.0,14,4.23,1
P084,2023-08,FY24,Legacy,,South East,78316.0,816.0,17,4.23,1
P084,2023-09,FY24,Legacy,,South East,69272.0,722.0,18,4.23,1
P084,2023-10,FY24,Legacy,,South East,64512.0,672.0,17,4.23,1
P084,2023-11,FY24,Legacy,,South East,76059.0,792.0,15,4.23,1
P084,2023-12,FY24,Legacy,,South East,62863.0,655.0,13,4.23,1
P084,2024-01,FY24,Legacy,,South East,73348.0,764.0,13,4.23,1
P084,2024-02,FY24,Legacy,,South East,67931.0,708.0,14,4.23,1
P084,2024-03,FY24,Legacy,,South East,76154.0,793.0,15,4.23,1
P084,2024-04,FY25,Legacy,,South East,74654.0,778.0,13,4.23,1
P084,2024-05,FY25,Legacy,,South East,80617.0,840.0,16,4.23,1
P084,2024-06,FY25,Legacy,,South East,69501.0,724.0,17,4.23,1
P084,2024-07,FY25,Legacy,,South East,77276.0,805.0,16,4.23,1
P084,2024-08,FY25,Legacy,,South East,65051.0,678.0,6,4.23,1
P084,2024-09,FY25,Legacy,,South East,75421.0,786.0,17,4.23,1
P084,2024-10,FY25,Legacy,,South East,66096.0,689.0,18,4.23,1
P084,2024-11,FY25,Legacy,,South East,71939.0,749.0,14,4.23,1
P084,2024-12,FY25,Legacy,,South East,62723.0,653.0,11,4.23,1
P084,2025-01,FY25,Legacy,,South East,71200.0,742.0,14,4.23,1
P084,2025-02,FY25,Legacy,,South East,58584.0,610.0,13,4.23,1
P084,2025-03,FY25,Legacy,,South East,71985.0,750.0,20,4.23,1
P085,2022-10,FY23,Legacy,,North West,61563.0,641.0,17,4.27,1
P085,2022-11,FY23,Legacy,,North West,57625.0,600.0,15,4.27,1
P085,2022-12,FY23,Legacy,,North West,68048.0,709.0,13,4.27,1
P085,2023-01,FY23,Legacy,,North West,66203.0,690.0,11,4.27,1
P085,2023-02,FY23,Legacy,,North West,54279.0,565.0,14,4.27,1
P085,2023-03,FY23,Legacy,,North West,73726.0,768.0,17,4.27,1
P085,2023-04,FY24,Legacy,,North West,75410.0,786.0,23,4.27,1
P085,2023-05,FY24,Legacy,,North West,65759.0,685.0,8,4.27,1
P085,2023-06,FY24,Legacy,,North West,68906.0,718.0,16,4.27,1
P085,2023-07,FY24,Legacy,,North West,71161.0,741.0,20,4.27,1
P085,2023-08,FY24,Legacy,,North West,72486.0,755.0,16,4.27,1
P085,2023-09,FY24,Legacy,,North West,62739.0,654.0,24,4.27,1
P085,2023-10,FY24,Legacy,,North West,70122.0,730.0,14,4.27,1
P085,2023-11,FY24,Legacy,,North West,73044.0,761.0,13,4.27,1
P085,2023-12,FY24,Legacy,,North West,63511.0,662.0,8,4.27,1
P085,2024-01,FY24,Legacy,,North West,62366.0,650.0,18,4.27,1
P085,2024-02,FY24,Legacy,,North West,60099.0,626.0,17,4.27,1
P085,2024-03,FY24,Legacy,,North West,67615.0,704.0,13,4.27,1
P085,2024-04,FY25,Legacy,,North West,62929.0,656.0,17,4.27,1
P085,2024-05,FY25,Legacy,,North West,74886.0,780.0,17,4.27,1
P085,2024-06,FY25,Legacy,,North West,68811.0,717.0,11,4.27,1
P085,2024-07,FY25,Legacy,,North West,75830.0,790.0,23,4.27,1
P085,2024-08,FY25,Legacy,,North West,69607.0,725.0,20,4.27,1
P085,2024-09,FY25,Legacy,,North West,78806.0,821.0,12,4.27,1
P085,2024-10,FY25,Legacy,,North West,72831.0,759.0,12,4.27,1
P085,2024-11,FY25,Legacy,,North West,72145.0,752.0,21,4.27,1
P085,2024-12,FY25,Legacy,,North West,61839.0,644.0,7,4.27,1
P085,2025-01,FY25,Legacy,,North West,72035.0,750.0,19,4.27,1
P085,2025-02,FY25,Legacy,,North West,68600.0,715.0,4,4.27,1
P085,2025-03,FY25,Legacy,,North West,69827.0,727.0,9,4.27,1
P086,2022-10,FY23,Legacy,,Midlands,73791.0,769.0,24,4.29,1
P086,2022-11,FY23,Legacy,,Midlands,64178.0,669.0,21,4.29,1
P086,2022-12,FY23,Legacy,,Midlands,64575.0,673.0,14,4.29,1
P086,2023-01,FY23,Legacy,,Midlands,74731.0,778.0,11,4.29,1
P086,2023-02,FY23,Legacy,,Midlands,73661.0,767.0,15,4.29,1
P086,2023-03,FY23,Legacy,,Midlands,71936.0,749.0,19,4.29,1
P086,2023-04,FY24,Legacy,,Midlands,74369.0,775.0,10,4.29,1
P086,2023-05,FY24,Legacy,,Midlands,73112.0,762.0,19,4.29,1
P086,2023-06,FY24,Legacy,,Midlands,67226.0,700.0,21,4.29,1
P086,2023-07,FY24,Legacy,,Midlands,90298.0,941.0,21,4.29,1
P086,2023-08,FY24,Legacy,,Midlands,76949.0,802.0,17,4.29,1
P086,2023-09,FY24,Legacy,,Midlands,80882.0,843.0,21,4.29,1
P086,2023-10,FY24,Legacy,,Midlands,72585.0,756.0,17,4.29,1
P086,2023-11,FY24,Legacy,,Midlands,76560.0,798.0,17,4.29,1
P086,2023-12,FY24,Legacy,,Midlands,62580.0,652.0,15,4.29,1
P086,2024-01,FY24,Legacy,,Midlands,74080.0,772.0,11,4.29,1
P086,2024-02,FY24,Legacy,,Midlands,68991.0,719.0,12,4.29,1
P086,2024-03,FY24,Legacy,,Midlands,93080.0,970.0,11,4.29,1
P086,2024-04,FY25,Legacy,,Midlands,83681.0,872.0,18,4.29,1
P086,2024-05,FY25,Legacy,,Midlands,86540.0,901.0,23,4.29,1
P086,2024-06,FY25,Legacy,,Midlands,87771.0,914.0,24,4.29,1
P086,2024-07,FY25,Legacy,,Midlands,90882.0,947.0,14,4.29,1
P086,2024-08,FY25,Legacy,,Midlands,74451.0,776.0,17,4.29,1
P086,2024-09,FY25,Legacy,,Midlands,71492.0,745.0,16,4.29,1
P086,2024-10,FY25,Legacy,,Midlands,79979.0,833.0,17,4.29,1
P086,2024-11,FY25,Legacy,,Midlands,74939.0,781.0,15,4.29,1
P086,2024-12,FY25,Legacy,,Midlands,77237.0,805.0,20,4.29,1
P086,2025-01,FY25,Legacy,,Midlands,78898.0,822.0,16,4.29,1
P086,2025-02,FY25,Legacy,,Midlands,76880.0,801.0,21,4.29,1
P086,2025-03,FY25,Legacy,,Midlands,83069.0,865.0,16,4.29,1
P087,2022-10,FY23,Legacy,,Wales,58774.0,612.0,14,4.79,1
P087,2022-11,FY23,Legacy,,Wales,61603.0,642.0,8,4.79,1
P087,2022-12,FY23,Legacy,,Wales,52918.0,551.0,11,4.79,1
P087,2023-01,FY23,Legacy,,Wales,60143.0,626.0,12,4.79,1
P087,2023-02,FY23,Legacy,,Wales,54688.0,570.0,13,4.79,1
P087,2023-03,FY23,Legacy,,Wales,63746.0,664.0,7,4.79,1
P087,2023-04,FY24,Legacy,,Wales,68082.0,709.0,17,4.79,1
P087,2023-05,FY24,Legacy,,Wales,76290.0,795.0,16,4.79,1
P087,2023-06,FY24,Legacy,,Wales,64283.0,670.0,17,4.79,1
P087,2023-07,FY24,Legacy,,Wales,65533.0,683.0,10,4.79,1
P087,2023-08,FY24,Legacy,,Wales,64632.0,673.0,12,4.79,1
P087,2023-09,FY24,Legacy,,Wales,61727.0,643.0,16,4.79,1
P087,2023-10,FY24,Legacy,,Wales,60839.0,634.0,10,4.79,1
P087,2023-11,FY24,Legacy,,Wales,59548.0,620.0,12,4.79,1
P087,2023-12,FY24,Legacy,,Wales,57844.0,603.0,15,4.79,1
P087,2024-01,FY24,Legacy,,Wales,64222.0,669.0,12,4.79,1
P087,2024-02,FY24,Legacy,,Wales,67209.0,700.0,17,4.79,1
P087,2024-03,FY24,Legacy,,Wales,64738.0,674.0,20,4.79,1
P087,2024-04,FY25,Legacy,,Wales,57154.0,595.0,16,4.79,1
P087,2024-05,FY25,Legacy,,Wales,75761.0,789.0,18,4.79,1
P087,2024-06,FY25,Legacy,,Wales,64464.0,671.0,17,4.79,1
P087,2024-07,FY25,Legacy,,Wales,70765.0,737.0,18,4.79,1
P087,2024-08,FY25,Legacy,,Wales,71294.0,743.0,19,4.79,1
P087,2024-09,FY25,Legacy,,Wales,66948.0,697.0,22,4.79,1
P087,2024-10,FY25,Legacy,,Wales,69947.0,729.0,21,4.79,1
P087,2024-11,FY25,Legacy,,Wales,65082.0,678.0,24,4.79,1
P087,2024-12,FY25,Legacy,,Wales,63918.0,666.0,7,4.79,1
P087,2025-01,FY25,Legacy,,Wales,70157.0,731.0,15,4.79,1
P087,2025-02,FY25,Legacy,,Wales,63338.0,660.0,13,4.79,1
P087,2025-03,FY25,Legacy,,Wales,69652.0,726.0,14,4.79,1
P088,2022-10,FY23,Legacy,,Scotland,131999.0,1375.0,28,4.41,1
P088,2022-11,FY23,Legacy,,Scotland,124740.0,1299.0,25,4.41,1
P088,2022-12,FY23,Legacy,,Scotland,124398.0,1296.0,21,4.41,1
P088,2023-01,FY23,Legacy,,Scotland,119457.0,1244.0,26,4.41,1
P088,2023-02,FY23,Legacy,,Scotland,121312.0,1264.0,20,4.41,1
P088,2023-03,FY23,Legacy,,Scotland,127900.0,1332.0,27,4.41,1
P088,2023-04,FY24,Legacy,,Scotland,129883.0,1353.0,27,4.41,1
P088,2023-05,FY24,Legacy,,Scotland,147824.0,1540.0,34,4.41,1
P088,2023-06,FY24,Legacy,,Scotland,148874.0,1551.0,35,4.41,1
P088,2023-07,FY24,Legacy,,Scotland,134582.0,1402.0,39,4.41,1
P088,2023-08,FY24,Legacy,,Scotland,125365.0,1306.0,24,4.41,1
P088,2023-09,FY24,Legacy,,Scotland,127211.0,1325.0,28,4.41,1
P088,2023-10,FY24,Legacy,,Scotland,144529.0,1506.0,30,4.41,1
P088,2023-11,FY24,Legacy,,Scotland,130992.0,1365.0,35,4.41,1
P088,2023-12,FY24,Legacy,,Scotland,124766.0,1300.0,20,4.41,1
P088,2024-01,FY24,Legacy,,Scotland,139771.0,1456.0,29,4.41,1
P088,2024-02,FY24,Legacy,,Scotland,120575.0,1256.0,27,4.41,1
P088,2024-03,FY24,Legacy,,Scotland,135514.0,1412.0,36,4.41,1
P088,2024-04,FY25,Legacy,,Scotland,140008.0,1458.0,31,4.41,1
P088,2024-05,FY25,Legacy,,Scotland,150200.0,1565.0,40,4.41,1
P088,2024-06,FY25,Legacy,,Scotland,148732.0,1549.0,35,4.41,1
P088,2024-07,FY25,Legacy,,Scotland,146017.0,1521.0,37,4.41,1
P088,2024-08,FY25,Legacy,,Scotland,127771.0,1331.0,34,4.41,1
P088,2024-09,FY25,Legacy,,Scotland,153248.0,1596.0,33,4.41,1
P088,2024-10,FY25,Legacy,,Scotland,138994.0,1448.0,31,4.41,1
P088,2024-11,FY25,Legacy,,Scotland,121500.0,1266.0,18,4.41,1
P088,2024-12,FY25,Legacy,,Scotland,127409.0,1327.0,29,4.41,1
P088,2025-01,FY25,Legacy,,Scotland,141463.0,1474.0,32,4.41,1
P088,2025-02,FY25,Legacy,,Scotland,128985.0,1344.0,26,4.41,1
P088,2025-03,FY25,Legacy,,Scotland,139729.0,1456.0,40,4.41,1
P089,2022-10,FY23,Legacy,,South East,76045.0,792.0,22,4.55,1
P089,2022-11,FY23,Legacy,,South East,65890.0,686.0,16,4.55,1
P089,2022-12,FY23,Legacy,,South East,56228.0,586.0,7,4.55,1
P089,2023-01,FY23,Legacy,,South East,61019.0,636.0,11,4.55,1
P089,2023-02,FY23,Legacy,,South East,63229.0,659.0,17,4.55,1
P089,2023-03,FY23,Legacy,,South East,63800.0,665.0,12,4.55,1
P089,2023-04,FY24,Legacy,,South East,62195.0,648.0,14,4.55,1
P089,2023-05,FY24,Legacy,,South East,71346.0,743.0,18,4.55,1
P089,2023-06,FY24,Legacy,,South East,75734.0,789.0,21,4.55,1
P089,2023-07,FY24,Legacy,,South East,69549.0,724.0,17,4.55,1
P089,2023-08,FY24,Legacy,,South East,73163.0,762.0,20,4.55,1
P089,2023-09,FY24,Legacy,,South East,63388.0,660.0,15,4.55,1
P089,2023-10,FY24,Legacy,,South East,60832.0,634.0,10,4.55,1
P089,2023-11,FY24,Legacy,,South East,68792.0,717.0,15,4.55,1
P089,2023-12,FY24,Legacy,,South East,59560.0,620.0,9,4.55,1
P089,2024-01,FY24,Legacy,,South East,68536.0,714.0,13,4.55,1
P089,2024-02,FY24,Legacy,,South East,65296.0,680.0,8,4.55,1
P089,2024-03,FY24,Legacy,,South East,72425.0,754.0,15,4.55,1
P089,2024-04,FY25,Legacy,,South East,65659.0,684.0,18,4.55,1
P089,2024-05,FY25,Legacy,,South East,78852.0,821.0,21,4.55,1
P089,2024-06,FY25,Legacy,,South East,83244.0,867.0,18,4.55,1
P089,2024-07,FY25,Legacy,,South East,70921.0,739.0,18,4.55,1
P089,2024-08,FY25,Legacy,,South East,66381.0,691.0,16,4.55,1
P089,2024-09,FY25,Legacy,,South East,69617.0,725.0,15,4.55,1
P089,2024-10,FY25,Legacy,,South East,66983.0,698.0,16,4.55,1
P089,2024-11,FY25,Legacy,,South East,73569.0,766.0,18,4.55,1
P089,2024-12,FY25,Legacy,,South East,68290.0,711.0,24,4.55,1
P089,2025-01,FY25,Legacy,,South East,69090.0,720.0,9,4.55,1
P089,2025-02,FY25,Legacy,,South East,71439.0,744.0,16,4.55,1
P089,2025-03,FY25,Legacy,,South East,70945.0,739.0,12,4.55,1
P090,2022-10,FY23,Legacy,,North West,44632.0,465.0,7,4.81,1
P090,2022-11,FY23,Legacy,,North West,42006.0,438.0,3,4.81,1
P090,2022-12,FY23,Legacy,,North West,41586.0,433.0,9,4.81,1
P090,2023-01,FY23,Legacy,,North West,44791.0,467.0,15,4.81,1
P090,2023-02,FY23,Legacy,,North West,46162.0,481.0,10,4.81,1
P090,2023-03,FY23,Legacy,,North West,43889.0,457.0,13,4.81,1
P090,2023-04,FY24,Legacy,,North West,42391.0,442.0,7,4.81,1
P090,2023-05,FY24,Legacy,,North West,50087.0,522.0,14,4.81,1
P090,2023-06,FY24,Legacy,,North West,50246.0,523.0,9,4.81,1
P090,2023-07,FY24,Legacy,,North West,48329.0,503.0,11,4.81,1
P090,2023-08,FY24,Legacy,,North West,45463.0,474.0,10,4.81,1
P090,2023-09,FY24,Legacy,,North West,47625.0,496.0,9,4.81,1
P090,2023-10,FY24,Legacy,,North West,48325.0,503.0,13,4.81,1
P090,2023-11,FY24,Legacy,,North West,42970.0,448.0,8,4.81,1
P090,2023-12,FY24,Legacy,,North West,43541.0,454.0,12,4.81,1
P090,2024-01,FY24,Legacy,,North West,45032.0,469.0,13,4.81,1
P090,2024-02,FY24,Legacy,,North West,43489.0,453.0,9,4.81,1
P090,2024-03,FY24,Legacy,,North West,52693.0,549.0,8,4.81,1
P090,2024-04,FY25,Legacy,,North West,43143.0,449.0,8,4.81,1
P090,2024-05,FY25,Legacy,,North West,54713.0,570.0,17,4.81,1
P090,2024-06,FY25,Legacy,,North West,48685.0,507.0,8,4.81,1
P090,2024-07,FY25,Legacy,,North West,50881.0,530.0,16,4.81,1
P090,2024-08,FY25,Legacy,,North West,48466.0,505.0,9,4.81,1
P090,2024-09,FY25,Legacy,,North West,53532.0,558.0,11,4.81,1
P090,2024-10,FY25,Legacy,,North West,51154.0,533.0,10,4.81,1
P090,2024-11,FY25,Legacy,,North West,49608.0,517.0,10,4.81,1
P090,2024-12,FY25,Legacy,,North West,48842.0,509.0,11,4.81,1
P090,2025-01,FY25,Legacy,,North West,58334.0,608.0,9,4.81,1
P090,2025-02,FY25,Legacy,,North West,48887.0,509.0,7,4.81,1
P090,2025-03,FY25,Legacy,,North West,47157.0,491.0,13,4.81,1
P091,2022-10,FY23,Legacy,,South West,82836.0,863.0,13,3.93,1
P091,2022-11,FY23,Legacy,,South West,91938.0,958.0,15,3.93,1
P091,2022-12,FY23,Legacy,,South West,87637.0,913.0,16,3.93,1
P091,2023-01,FY23,Legacy,,South West,97738.0,1018.0,25,3.93,1
P091,2023-02,FY23,Legacy,,South West,87927.0,916.0,14,3.93,1
P091,2023-03,FY23,Legacy,,South West,106076.0,1105.0,21,3.93,1
P091,2023-04,FY24,Legacy,,South West,100971.0,1052.0,24,3.93,1
P091,2023-05,FY24,Legacy,,South West,100576.0,1048.0,25,3.93,1
P091,2023-06,FY24,Legacy,,South West,95061.0,990.0,23,3.93,1
P091,2023-07,FY24,Legacy,,South West,105961.0,1104.0,26,3.93,1
P091,2023-08,FY24,Legacy,,South West,108352.0,1129.0,18,3.93,1
P091,2023-09,FY24,Legacy,,South West,104915.0,1093.0,24,3.93,1
P091,2023-10,FY24,Legacy,,South West,104544.0,1089.0,21,3.93,1
P091,2023-11,FY24,Legacy,,South West,98623.0,1027.0,20,3.93,1
P091,2023-12,FY24,Legacy,,South West,85222.0,888.0,26,3.93,1
P091,2024-01,FY24,Legacy,,South West,92290.0,961.0,22,3.93,1
P091,2024-02,FY24,Legacy,,South West,96064.0,1001.0,20,3.93,1
P091,2024-03,FY24,Legacy,,South West,96662.0,1007.0,20,3.93,1
P091,2024-04,FY25,Legacy,,South West,100707.0,1049.0,31,3.93,1
P091,2024-05,FY25,Legacy,,South West,101595.0,1058.0,22,3.93,1
P091,2024-06,FY25,Legacy,,South West,109512.0,1141.0,33,3.93,1
P091,2024-07,FY25,Legacy,,South West,98671.0,1028.0,20,3.93,1
P091,2024-08,FY25,Legacy,,South West,92368.0,962.0,22,3.93,1
P091,2024-09,FY25,Legacy,,South West,95883.0,999.0,19,3.93,1
P091,2024-10,FY25,Legacy,,South West,98978.0,1031.0,16,3.93,1
P091,2024-11,FY25,Legacy,,South West,99941.0,1041.0,19,3.93,1
P091,2024-12,FY25,Legacy,,South West,94640.0,986.0,15,3.93,1
P091,2025-01,FY25,Legacy,,South West,109181.0,1137.0,24,3.93,1
P091,2025-02,FY25,Legacy,,South West,101667.0,1059.0,25,3.93,1
P091,2025-03,FY25,Legacy,,South West,92614.0,965.0,28,3.93,1
P092,2022-10,FY23,Legacy,,North West,94774.0,987.0,21,4.37,1
P092,2022-11,FY23,Legacy,,North West,104902.0,1093.0,26,4.37,1
P092,2022-12,FY23,Legacy,,North West,91700.0,955.0,21,4.37,1
P092,2023-01,FY23,Legacy,,North West,95967.0,1000.0,18,4.37,1
P092,2023-02,FY23,Legacy,,North West,94164.0,981.0,16,4.37,1
P092,2023-03,FY23,Legacy,,North West,106021.0,1104.0,24,4.37,1
P092,2023-04,FY24,Legacy,,North West,123082.0,1282.0,16,4.37,1
P092,2023-05,FY24,Legacy,,North West,113908.0,1187.0,20,4.37,1
P092,2023-06,FY24,Legacy,,North West,112830.0,1175.0,20,4.37,1
P092,2023-07,FY24,Legacy,,North West,125632.0,1309.0,22,4.37,1
P092,2023-08,FY24,Legacy,,North West,115693.0,1205.0,20,4.37,1
P092,2023-09,FY24,Legacy,,North West,109625.0,1142.0,22,4.37,1
P092,2023-10,FY24,Legacy,,North West,109915.0,1145.0,20,4.37,1
P092,2023-11,FY24,Legacy,,North West,104973.0,1093.0,24,4.37,1
P092,2023-12,FY24,Legacy,,North West,110801.0,1154.0,25,4.37,1
P092,2024-01,FY24,Legacy,,North West,114289.0,1191.0,27,4.37,1
P092,2024-02,FY24,Legacy,,North West,104976.0,1093.0,16,4.37,1
P092,2024-03,FY24,Legacy,,North West,113965.0,1187.0,23,4.37,1
P092,2024-04,FY25,Legacy,,North West,117824.0,1227.0,25,4.37,1
P092,2024-05,FY25,Legacy,,North West,126760.0,1320.0,26,4.37,1
P092,2024-06,FY25,Legacy,,North West,116180.0,1210.0,24,4.37,1
P092,2024-07,FY25,Legacy,,North West,136738.0,1424.0,28,4.37,1
P092,2024-08,FY25,Legacy,,North West,115982.0,1208.0,25,4.37,1
P092,2024-09,FY25,Legacy,,North West,128924.0,1343.0,26,4.37,1
P092,2024-10,FY25,Legacy,,North West,112309.0,1170.0,28,4.37,1
P092,2024-11,FY25,Legacy,,North West,100602.0,1048.0,13,4.37,1
P092,2024-12,FY25,Legacy,,North West,113526.0,1183.0,28,4.37,1
P092,2025-01,FY25,Legacy,,North West,111437.0,1161.0,23,4.37,1
P092,2025-02,FY25,Legacy,,North West,114731.0,1195.0,34,4.37,1
P092,2025-03,FY25,Legacy,,North West,118007.0,1229.0,29,4.37,1
P093,2022-10,FY23,Legacy,,North East,102622.0,1069.0,19,4.26,1
P093,2022-11,FY23,Legacy,,North East,93353.0,972.0,19,4.26,1
P093,2022-12,FY23,Legacy,,North East,104608.0,1090.0,24,4.26,1
P093,2023-01,FY23,Legacy,,North East,106752.0,1112.0,32,4.26,1
P093,2023-02,FY23,Legacy,,North East,102117.0,1064.0,22,4.26,1
P093,2023-03,FY23,Legacy,,North East,113434.0,1182.0,29,4.26,1
P093,2023-04,FY24,Legacy,,North East,140176.0,1460.0,32,4.26,1
P093,2023-05,FY24,Legacy,,North East,113656.0,1184.0,22,4.26,1
P093,2023-06,FY24,Legacy,,North East,131044.0,1365.0,36,4.26,1
P093,2023-07,FY24,Legacy,,North East,122268.0,1274.0,27,4.26,1
P093,2023-08,FY24,Legacy,,North East,103146.0,1074.0,21,4.26,1
P093,2023-09,FY24,Legacy,,North East,112544.0,1172.0,20,4.26,1
P093,2023-10,FY24,Legacy,,North East,123466.0,1286.0,26,4.26,1
P093,2023-11,FY24,Legacy,,North East,122532.0,1276.0,24,4.26,1
P093,2023-12,FY24,Legacy,,North East,120155.0,1252.0,30,4.26,1
P093,2024-01,FY24,Legacy,,North East,122688.0,1278.0,23,4.26,1
P093,2024-02,FY24,Legacy,,North East,103932.0,1083.0,23,4.26,1
P093,2024-03,FY24,Legacy,,North East,120950.0,1260.0,23,4.26,1
P093,2024-04,FY25,Legacy,,North East,115612.0,1204.0,29,4.26,1
P093,2024-05,FY25,Legacy,,North East,121100.0,1261.0,22,4.26,1
P093,2024-06,FY25,Legacy,,North East,121141.0,1262.0,24,4.26,1
P093,2024-07,FY25,Legacy,,North East,116860.0,1217.0,29,4.26,1
P093,2024-08,FY25,Legacy,,North East,121128.0,1262.0,25,4.26,1
P093,2024-09,FY25,Legacy,,North East,104074.0,1084.0,22,4.26,1
P093,2024-10,FY25,Legacy,,North East,122857.0,1280.0,23,4.26,1
P093,2024-11,FY25,Legacy,,North East,107597.0,1121.0,31,4.26,1
P093,2024-12,FY25,Legacy,,North East,102940.0,1072.0,23,4.26,1
P093,2025-01,FY25,Legacy,,North East,121841.0,1269.0,22,4.26,1
P093,2025-02,FY25,Legacy,,North East,124386.0,1296.0,38,4.26,1
P093,2025-03,FY25,Legacy,,North East,126189.0,1314.0,19,4.26,1
P094,2022-10,FY23,Legacy,,South West,124065.0,1292.0,27,4.13,1
P094,2022-11,FY23,Legacy,,South West,114245.0,1190.0,22,4.13,1
P094,2022-12,FY23,Legacy,,South West,94600.0,985.0,28,4.13,1
P094,2023-01,FY23,Legacy,,South West,112936.0,1176.0,13,4.13,1
P094,2023-02,FY23,Legacy,,South West,107492.0,1120.0,23,4.13,1
P094,2023-03,FY23,Legacy,,South West,113261.0,1180.0,25,4.13,1
P094,2023-04,FY24,Legacy,,South West,116348.0,1212.0,28,4.13,1
P094,2023-05,FY24,Legacy,,South West,119987.0,1250.0,25,4.13,1
P094,2023-06,FY24,Legacy,,South West,119228.0,1242.0,25,4.13,1
P094,2023-07,FY24,Legacy,,South West,123184.0,1283.0,27,4.13,1
P094,2023-08,FY24,Legacy,,South West,127815.0,1331.0,19,4.13,1
P094,2023-09,FY24,Legacy,,South West,122331.0,1274.0,21,4.13,1
P094,2023-10,FY24,Legacy,,South West,127300.0,1326.0,29,4.13,1
P094,2023-11,FY24,Legacy,,South West,116085.0,1209.0,28,4.13,1
P094,2023-12,FY24,Legacy,,South West,122954.0,1281.0,21,4.13,1
P094,2024-01,FY24,Legacy,,South West,122206.0,1273.0,37,4.13,1
P094,2024-02,FY24,Legacy,,South West,125396.0,1306.0,35,4.13,1
P094,2024-03,FY24,Legacy,,South West,120472.0,1255.0,30,4.13,1
P094,2024-04,FY25,Legacy,,South West,133272.0,1388.0,33,4.13,1
P094,2024-05,FY25,Legacy,,South West,136030.0,1417.0,28,4.13,1
P094,2024-06,FY25,Legacy,,South West,141532.0,1474.0,32,4.13,1
P094,2024-07,FY25,Legacy,,South West,133535.0,1391.0,33,4.13,1
P094,2024-08,FY25,Legacy,,South West,134997.0,1406.0,30,4.13,1
P094,2024-09,FY25,Legacy,,South West,142501.0,1484.0,42,4.13,1
P094,2024-10,FY25,Legacy,,South West,138378.0,1441.0,29,4.13,1
P094,2024-11,FY25,Legacy,,South West,132356.0,1379.0,38,4.13,1
P094,2024-12,FY25,Legacy,,South West,97215.0,1013.0,18,4.13,1
P094,2025-01,FY25,Legacy,,South West,130535.0,1360.0,26,4.13,1
P094,2025-02,FY25,Legacy,,South West,136555.0,1422.0,30,4.13,1
P094,2025-03,FY25,Legacy,,South West,131368.0,1368.0,15,4.13,1
P095,2022-10,FY23,Legacy,,North West,97038.0,1011.0,24,4.43,1
P095,2022-11,FY23,Legacy,,North West,91617.0,954.0,24,4.43,1
P095,2022-12,FY23,Legacy,,North West,74271.0,774.0,17,4.43,1
P095,2023-01,FY23,Legacy,,North West,92273.0,961.0,18,4.43,1
P095,2023-02,FY23,Legacy,,North West,94588.0,985.0,22,4.43,1
P095,2023-03,FY23,Legacy,,North West,99770.0,1039.0,21,4.43,1
P095,2023-04,FY24,Legacy,,North West,85102.0,886.0,10,4.43,1
P095,2023-05,FY24,Legacy,,North West,100015.0,1042.0,21,4.43,1
P095,2023-06,FY24,Legacy,,North West,101799.0,1060.0,17,4.43,1
P095,2023-07,FY24,Legacy,,North West,94611.0,986.0,14,4.43,1
P095,2023-08,FY24,Legacy,,North West,108651.0,1132.0,25,4.43,1
P095,2023-09,FY24,Legacy,,North West,105189.0,1096.0,27,4.43,1
P095,2023-10,FY24,Legacy,,North West,107890.0,1124.0,15,4.43,1
P095,2023-11,FY24,Legacy,,North West,83194.0,867.0,21,4.43,1
P095,2023-12,FY24,Legacy,,North West,91299.0,951.0,19,4.43,1
P095,2024-01,FY24,Legacy,,North West,106069.0,1105.0,23,4.43,1
P095,2024-02,FY24,Legacy,,North West,88847.0,925.0,23,4.43,1
P095,2024-03,FY24,Legacy,,North West,105013.0,1094.0,28,4.43,1
P095,2024-04,FY25,Legacy,,North West,96792.0,1008.0,24,4.43,1
P095,2024-05,FY25,Legacy,,North West,97837.0,1019.0,23,4.43,1
P095,2024-06,FY25,Legacy,,North West,114521.0,1193.0,27,4.43,1
P095,2024-07,FY25,Legacy,,North West,108537.0,1131.0,38,4.43,1
P095,2024-08,FY25,Legacy,,North West,109450.0,1140.0,19,4.43,1
P095,2024-09,FY25,Legacy,,North West,101922.0,1062.0,24,4.43,1
P095,2024-10,FY25,Legacy,,North West,86961.0,906.0,25,4.43,1
P095,2024-11,FY25,Legacy,,North West,109511.0,1141.0,21,4.43,1
P095,2024-12,FY25,Legacy,,North West,97821.0,1019.0,27,4.43,1
P095,2025-01,FY25,Legacy,,North West,107953.0,1125.0,31,4.43,1
P095,2025-02,FY25,Legacy,,North West,97112.0,1012.0,23,4.43,1
P095,2025-03,FY25,Legacy,,North West,107801.0,1123.0,26,4.43,1
P096,2022-10,FY23,Legacy,,South East,92858.0,967.0,13,4.19,1
P096,2022-11,FY23,Legacy,,South East,84127.0,876.0,15,4.19,1
P096,2022-12,FY23,Legacy,,South East,75432.0,786.0,19,4.19,1
P096,2023-01,FY23,Legacy,,South East,84580.0,881.0,16,4.19,1
P096,2023-02,FY23,Legacy,,South East,90343.0,941.0,21,4.19,1
P096,2023-03,FY23,Legacy,,South East,89950.0,937.0,18,4.19,1
P096,2023-04,FY24,Legacy,,South East,90171.0,939.0,22,4.19,1
P096,2023-05,FY24,Legacy,,South East,94655.0,986.0,26,4.19,1
P096,2023-06,FY24,Legacy,,South East,90312.0,941.0,21,4.19,1
P096,2023-07,FY24,Legacy,,South East,86441.0,900.0,17,4.19,1
P096,2023-08,FY24,Legacy,,South East,94909.0,989.0,25,4.19,1
P096,2023-09,FY24,Legacy,,South East,102083.0,1063.0,19,4.19,1
P096,2023-10,FY24,Legacy,,South East,92905.0,968.0,17,4.19,1
P096,2023-11,FY24,Legacy,,South East,94104.0,980.0,23,4.19,1
P096,2023-12,FY24,Legacy,,South East,94534.0,985.0,30,4.19,1
P096,2024-01,FY24,Legacy,,South East,96739.0,1008.0,18,4.19,1
P096,2024-02,FY24,Legacy,,South East,83153.0,866.0,21,4.19,1
P096,2024-03,FY24,Legacy,,South East,94183.0,981.0,18,4.19,1
P096,2024-04,FY25,Legacy,,South East,95941.0,999.0,18,4.19,1
P096,2024-05,FY25,Legacy,,South East,101959.0,1062.0,20,4.19,1
P096,2024-06,FY25,Legacy,,South East,94303.0,982.0,24,4.19,1
P096,2024-07,FY25,Legacy,,South East,108384.0,1129.0,14,4.19,1
P096,2024-08,FY25,Legacy,,South East,85986.0,896.0,24,4.19,1
P096,2024-09,FY25,Legacy,,South East,99350.0,1035.0,27,4.19,1
P096,2024-10,FY25,Legacy,,South East,95529.0,995.0,14,4.19,1
P096,2024-11,FY25,Legacy,,South East,91479.0,953.0,19,4.19,1
P096,2024-12,FY25,Legacy,,South East,88790.0,925.0,15,4.19,1
P096,2025-01,FY25,Legacy,,South East,89121.0,928.0,17,4.19,1
P096,2025-02,FY25,Legacy,,South East,97524.0,1016.0,12,4.19,1
P096,2025-03,FY25,Legacy,,South East,107711.0,1122.0,18,4.19,1
P097,2022-10,FY23,Legacy,,Scotland,83165.0,866.0,18,4.2,1
P097,2022-11,FY23,Legacy,,Scotland,81015.0,844.0,25,4.2,1
P097,2022-12,FY23,Legacy,,Scotland,74408.0,775.0,20,4.2,1
P097,2023-01,FY23,Legacy,,Scotland,78860.0,821.0,22,4.2,1
P097,2023-02,FY23,Legacy,,Scotland,75997.0,792.0,13,4.2,1
P097,2023-03,FY23,Legacy,,Scotland,91836.0,957.0,20,4.2,1
P097,2023-04,FY24,Legacy,,Scotland,83414.0,869.0,24,4.2,1
P097,2023-05,FY24,Legacy,,Scotland,97665.0,1017.0,18,4.2,1
P097,2023-06,FY24,Legacy,,Scotland,83311.0,868.0,16,4.2,1
P097,2023-07,FY24,Legacy,,Scotland,81607.0,850.0,28,4.2,1
P097,2023-08,FY24,Legacy,,Scotland,80414.0,838.0,19,4.2,1
P097,2023-09,FY24,Legacy,,Scotland,85888.0,895.0,13,4.2,1
P097,2023-10,FY24,Legacy,,Scotland,85266.0,888.0,14,4.2,1
P097,2023-11,FY24,Legacy,,Scotland,78744.0,820.0,15,4.2,1
P097,2023-12,FY24,Legacy,,Scotland,87160.0,908.0,18,4.2,1
P097,2024-01,FY24,Legacy,,Scotland,78079.0,813.0,13,4.2,1
P097,2024-02,FY24,Legacy,,Scotland,83110.0,866.0,15,4.2,1
P097,2024-03,FY24,Legacy,,Scotland,93986.0,979.0,17,4.2,1
P097,2024-04,FY25,Legacy,,Scotland,92145.0,960.0,26,4.2,1
P097,2024-05,FY25,Legacy,,Scotland,96699.0,1007.0,21,4.2,1
P097,2024-06,FY25,Legacy,,Scotland,92853.0,967.0,26,4.2,1
P097,2024-07,FY25,Legacy,,Scotland,98178.0,1023.0,21,4.2,1
P097,2024-08,FY25,Legacy,,Scotland,89849.0,936.0,30,4.2,1
P097,2024-09,FY25,Legacy,,Scotland,94410.0,983.0,23,4.2,1
P097,2024-10,FY25,Legacy,,Scotland,93761.0,977.0,24,4.2,1
P097,2024-11,FY25,Legacy,,Scotland,82124.0,855.0,19,4.2,1
P097,2024-12,FY25,Legacy,,Scotland,86742.0,904.0,25,4.2,1
P097,2025-01,FY25,Legacy,,Scotland,92913.0,968.0,22,4.2,1
P097,2025-02,FY25,Legacy,,Scotland,93130.0,970.0,20,4.2,1
P097,2025-03,FY25,Legacy,,Scotland,92719.0,966.0,24,4.2,1
P098,2022-10,FY23,Legacy,,Midlands,51101.0,532.0,11,4.37,1
P098,2022-11,FY23,Legacy,,Midlands,47351.0,493.0,10,4.37,1
P098,2022-12,FY23,Legacy,,Midlands,52329.0,545.0,6,4.37,1
P098,2023-01,FY23,Legacy,,Midlands,54469.0,567.0,10,4.37,1
P098,2023-02,FY23,Legacy,,Midlands,52710.0,549.0,11,4.37,1
P098,2023-03,FY23,Legacy,,Midlands,53585.0,558.0,5,4.37,1
P098,2023-04,FY24,Legacy,,Midlands,52219.0,544.0,10,4.37,1
P098,2023-05,FY24,Legacy,,Midlands,54391.0,567.0,10,4.37,1
P098,2023-06,FY24,Legacy,,Midlands,54990.0,573.0,14,4.37,1
P098,2023-07,FY24,Legacy,,Midlands,61812.0,644.0,14,4.37,1
P098,2023-08,FY24,Legacy,,Midlands,54524.0,568.0,16,4.37,1
P098,2023-09,FY24,Legacy,,Midlands,58451.0,609.0,10,4.37,1
P098,2023-10,FY24,Legacy,,Midlands,53639.0,559.0,14,4.37,1
P098,2023-11,FY24,Legacy,,Midlands,57164.0,595.0,16,4.37,1
P098,2023-12,FY24,Legacy,,Midlands,46466.0,484.0,7,4.37,1
P098,2024-01,FY24,Legacy,,Midlands,60610.0,631.0,10,4.37,1
P098,2024-02,FY24,Legacy,,Midlands,57605.0,600.0,12,4.37,1
P098,2024-03,FY24,Legacy,,Midlands,59698.0,622.0,11,4.37,1
P098,2024-04,FY25,Legacy,,Midlands,66568.0,693.0,21,4.37,1
P098,2024-05,FY25,Legacy,,Midlands,57081.0,595.0,10,4.37,1
P098,2024-06,FY25,Legacy,,Midlands,60510.0,630.0,10,4.37,1
P098,2024-07,FY25,Legacy,,Midlands,55951.0,583.0,5,4.37,1
P098,2024-08,FY25,Legacy,,Midlands,50341.0,524.0,15,4.37,1
P098,2024-09,FY25,Legacy,,Midlands,55108.0,574.0,15,4.37,1
P098,2024-10,FY25,Legacy,,Midlands,62726.0,653.0,14,4.37,1
P098,2024-11,FY25,Legacy,,Midlands,50814.0,529.0,9,4.37,1
P098,2024-12,FY25,Legacy,,Midlands,55569.0,579.0,10,4.37,1
P098,2025-01,FY25,Legacy,,Midlands,57380.0,598.0,19,4.37,1
P098,2025-02,FY25,Legacy,,Midlands,56802.0,592.0,15,4.37,1
P098,2025-03,FY25,Legacy,,Midlands,62121.0,647.0,9,4.37,1
P099,2022-10,FY23,Legacy,,North East,53636.0,559.0,17,4.57,1
P099,2022-11,FY23,Legacy,,North East,58827.0,613.0,16,4.57,1
P099,2022-12,FY23,Legacy,,North East,57883.0,603.0,14,4.57,1
P099,2023-01,FY23,Legacy,,North East,64343.0,670.0,10,4.57,1
P099,2023-02,FY23,Legacy,,North East,48825.0,509.0,13,4.57,1
P099,2023-03,FY23,Legacy,,North East,66791.0,696.0,11,4.57,1
P099,2023-04,FY24,Legacy,,North East,60571.0,631.0,7,4.57,1
P099,2023-05,FY24,Legacy,,North East,64917.0,676.0,15,4.57,1
P099,2023-06,FY24,Legacy,,North East,59999.0,625.0,20,4.57,1
P099,2023-07,FY24,Legacy,,North East,56025.0,584.0,14,4.57,1
P099,2023-08,FY24,Legacy,,North East,57522.0,599.0,12,4.57,1
P099,2023-09,FY24,Legacy,,North East,64353.0,670.0,10,4.57,1
P099,2023-10,FY24,Legacy,,North East,61796.0,644.0,16,4.57,1
P099,2023-11,FY24,Legacy,,North East,66133.0,689.0,13,4.57,1
P099,2023-12,FY24,Legacy,,North East,55874.0,582.0,17,4.57,1
P099,2024-01,FY24,Legacy,,North East,55822.0,581.0,7,4.57,1
P099,2024-02,FY24,Legacy,,North East,58596.0,610.0,19,4.57,1
P099,2024-03,FY24,Legacy,,North East,55848.0,582.0,20,4.57,1
P099,2024-04,FY25,Legacy,,North East,62481.0,651.0,15,4.57,1
P099,2024-05,FY25,Legacy,,North East,67540.0,704.0,17,4.57,1
P099,2024-06,FY25,Legacy,,North East,75792.0,790.0,19,4.57,1
P099,2024-07,FY25,Legacy,,North East,65974.0,687.0,9,4.57,1
P099,2024-08,FY25,Legacy,,North East,68931.0,718.0,9,4.57,1
P099,2024-09,FY25,Legacy,,North East,71044.0,740.0,14,4.57,1
P099,2024-10,FY25,Legacy,,North East,72635.0,757.0,13,4.57,1
P099,2024-11,FY25,Legacy,,North East,54673.0,570.0,14,4.57,1
P099,2024-12,FY25,Legacy,,North East,62229.0,648.0,13,4.57,1
P099,2025-01,FY25,Legacy,,North East,64920.0,676.0,6,4.57,1
P099,2025-02,FY25,Legacy,,North East,60494.0,630.0,13,4.57,1
P099,2025-03,FY25,Legacy,,North East,60645.0,632.0,12,4.57,1
P100,2022-10,FY23,Legacy,,North West,31922.0,333.0,9,4.52,1
P100,2022-11,FY23,Legacy,,North West,35182.0,366.0,9,4.52,1
P100,2022-12,FY23,Legacy,,North West,30588.0,319.0,6,4.52,1
P100,2023-01,FY23,Legacy,,North West,35638.0,371.0,7,4.52,1
P100,2023-02,FY23,Legacy,,North West,30934.0,322.0,6,4.52,1
P100,2023-03,FY23,Legacy,,North West,39314.0,410.0,10,4.52,1
P100,2023-04,FY24,Legacy,,North West,35890.0,374.0,4,4.52,1
P100,2023-05,FY24,Legacy,,North West,37849.0,394.0,12,4.52,1
P100,2023-06,FY24,Legacy,,North West,39843.0,415.0,7,4.52,1
P100,2023-07,FY24,Legacy,,North West,38386.0,400.0,5,4.52,1
P100,2023-08,FY24,Legacy,,North West,34715.0,362.0,6,4.52,1
P100,2023-09,FY24,Legacy,,North West,38701.0,403.0,11,4.52,1
P100,2023-10,FY24,Legacy,,North West,35194.0,367.0,7,4.52,1
P100,2023-11,FY24,Legacy,,North West,34226.0,357.0,9,4.52,1
P100,2023-12,FY24,Legacy,,North West,32548.0,339.0,9,4.52,1
P100,2024-01,FY24,Legacy,,North West,35636.0,371.0,5,4.52,1
P100,2024-02,FY24,Legacy,,North West,32364.0,337.0,11,4.52,1
P100,2024-03,FY24,Legacy,,North West,36332.0,378.0,8,4.52,1
P100,2024-04,FY25,Legacy,,North West,34950.0,364.0,4,4.52,1
P100,2024-05,FY25,Legacy,,North West,37233.0,388.0,11,4.52,1
P100,2024-06,FY25,Legacy,,North West,38788.0,404.0,9,4.52,1
P100,2024-07,FY25,Legacy,,North West,38342.0,399.0,6,4.52,1
P100,2024-08,FY25,Legacy,,North West,37729.0,393.0,10,4.52,1
P100,2024-09,FY25,Legacy,,North West,38633.0,402.0,10,4.52,1
P100,2024-10,FY25,Legacy,,North West,37348.0,389.0,4,4.52,1
P100,2024-11,FY25,Legacy,,North West,36257.0,378.0,10,4.52,1
P100,2024-12,FY25,Legacy,,North West,32277.0,336.0,7,4.52,1
P100,2025-01,FY25,Legacy,,North West,40258.0,419.0,9,4.52,1
P100,2025-02,FY25,Legacy,,North West,32370.0,337.0,4,4.52,1
P100,2025-03,FY25,Legacy,,North West,38540.0,401.0,9,4.52,1
P101,2022-10,FY23,Legacy,,Scotland,79534.0,828.0,16,4.6,1
P101,2022-11,FY23,Legacy,,Scotland,87898.0,916.0,12,4.6,1
P101,2022-12,FY23,Legacy,,Scotland,78054.0,813.0,21,4.6,1
P101,2023-01,FY23,Legacy,,Scotland,89260.0,930.0,21,4.6,1
P101,2023-02,FY23,Legacy,,Scotland,88294.0,920.0,22,4.6,1
P101,2023-03,FY23,Legacy,,Scotland,89974.0,937.0,23,4.6,1
P101,2023-04,FY24,Legacy,,Scotland,98923.0,1030.0,24,4.6,1
P101,2023-05,FY24,Legacy,,Scotland,82447.0,859.0,12,4.6,1
P101,2023-06,FY24,Legacy,,Scotland,88350.0,920.0,28,4.6,1
P101,2023-07,FY24,Legacy,,Scotland,104414.0,1088.0,14,4.6,1
P101,2023-08,FY24,Legacy,,Scotland,95563.0,995.0,13,4.6,1
P101,2023-09,FY24,Legacy,,Scotland,102921.0,1072.0,20,4.6,1
P101,2023-10,FY24,Legacy,,Scotland,95852.0,998.0,16,4.6,1
P101,2023-11,FY24,Legacy,,Scotland,95154.0,991.0,14,4.6,1
P101,2023-12,FY24,Legacy,,Scotland,91826.0,957.0,17,4.6,1
P101,2024-01,FY24,Legacy,,Scotland,80041.0,834.0,21,4.6,1
P101,2024-02,FY24,Legacy,,Scotland,94790.0,987.0,24,4.6,1
P101,2024-03,FY24,Legacy,,Scotland,105040.0,1094.0,19,4.6,1
P101,2024-04,FY25,Legacy,,Scotland,108713.0,1132.0,24,4.6,1
P101,2024-05,FY25,Legacy,,Scotland,104027.0,1084.0,27,4.6,1
P101,2024-06,FY25,Legacy,,Scotland,113852.0,1186.0,30,4.6,1
P101,2024-07,FY25,Legacy,,Scotland,105177.0,1096.0,33,4.6,1
P101,2024-08,FY25,Legacy,,Scotland,101750.0,1060.0,20,4.6,1
P101,2024-09,FY25,Legacy,,Scotland,109436.0,1140.0,22,4.6,1
P101,2024-10,FY25,Legacy,,Scotland,101021.0,1052.0,27,4.6,1
P101,2024-11,FY25,Legacy,,Scotland,99419.0,1036.0,29,4.6,1
P101,2024-12,FY25,Legacy,,Scotland,97700.0,1018.0,19,4.6,1
P101,2025-01,FY25,Legacy,,Scotland,106604.0,1110.0,11,4.6,1
P101,2025-02,FY25,Legacy,,Scotland,102994.0,1073.0,28,4.6,1
P101,2025-03,FY25,Legacy,,Scotland,102606.0,1069.0,24,4.6,1
P102,2022-10,FY23,Legacy,,North West,103706.0,1080.0,24,4.42,1
P102,2022-11,FY23,Legacy,,North West,93740.0,976.0,17,4.42,1
P102,2022-12,FY23,Legacy,,North West,94131.0,981.0,25,4.42,1
P102,2023-01,FY23,Legacy,,North West,109833.0,1144.0,30,4.42,1
P102,2023-02,FY23,Legacy,,North West,91550.0,954.0,15,4.42,1
P102,2023-03,FY23,Legacy,,North West,111690.0,1163.0,31,4.42,1
P102,2023-04,FY24,Legacy,,North West,102562.0,1068.0,19,4.42,1
P102,2023-05,FY24,Legacy,,North West,99222.0,1034.0,26,4.42,1
P102,2023-06,FY24,Legacy,,North West,101919.0,1062.0,24,4.42,1
P102,2023-07,FY24,Legacy,,North West,110341.0,1149.0,11,4.42,1
P102,2023-08,FY24,Legacy,,North West,115939.0,1208.0,27,4.42,1
P102,2023-09,FY24,Legacy,,North West,112178.0,1169.0,33,4.42,1
P102,2023-10,FY24,Legacy,,North West,104531.0,1089.0,21,4.42,1
P102,2023-11,FY24,Legacy,,North West,109109.0,1137.0,35,4.42,1
P102,2023-12,FY24,Legacy,,North West,103264.0,1076.0,23,4.42,1
P102,2024-01,FY24,Legacy,,North West,106244.0,1107.0,28,4.42,1
P102,2024-02,FY24,Legacy,,North West,116207.0,1210.0,30,4.42,1
P102,2024-03,FY24,Legacy,,North West,107645.0,1121.0,21,4.42,1
P102,2024-04,FY25,Legacy,,North West,126689.0,1320.0,28,4.42,1
P102,2024-05,FY25,Legacy,,North West,121104.0,1261.0,32,4.42,1
P102,2024-06,FY25,Legacy,,North West,143494.0,1495.0,35,4.42,1
P102,2024-07,FY25,Legacy,,North West,110790.0,1154.0,24,4.42,1
P102,2024-08,FY25,Legacy,,North West,109143.0,1137.0,24,4.42,1
P102,2024-09,FY25,Legacy,,North West,114173.0,1189.0,26,4.42,1
P102,2024-10,FY25,Legacy,,North West,120496.0,1255.0,30,4.42,1
P102,2024-11,FY25,Legacy,,North West,123436.0,1286.0,21,4.42,1
P102,2024-12,FY25,Legacy,,North West,104109.0,1084.0,31,4.42,1
P102,2025-01,FY25,Legacy,,North West,106617.0,1111.0,21,4.42,1
P102,2025-02,FY25,Legacy,,North West,103535.0,1078.0,18,4.42,1
P102,2025-03,FY25,Legacy,,North West,131482.0,1370.0,29,4.42,1
P103,2022-10,FY23,Legacy,,South East,111545.0,1162.0,25,4.55,1
P103,2022-11,FY23,Legacy,,South East,96042.0,1000.0,21,4.55,1
P103,2022-12,FY23,Legacy,,South East,101135.0,1053.0,25,4.55,1
P103,2023-01,FY23,Legacy,,South East,100056.0,1042.0,19,4.55,1
P103,2023-02,FY23,Legacy,,South East,93129.0,970.0,14,4.55,1
P103,2023-03,FY23,Legacy,,South East,127596.0,1329.0,21,4.55,1
P103,2023-04,FY24,Legacy,,South East,109893.0,1145.0,18,4.55,1
P103,2023-05,FY24,Legacy,,South East,111940.0,1166.0,28,4.55,1
P103,2023-06,FY24,Legacy,,South East,131195.0,1367.0,33,4.55,1
P103,2023-07,FY24,Legacy,,South East,112988.0,1177.0,28,4.55,1
P103,2023-08,FY24,Legacy,,South East,111241.0,1159.0,30,4.55,1
P103,2023-09,FY24,Legacy,,South East,111491.0,1161.0,26,4.55,1
P103,2023-10,FY24,Legacy,,South East,122559.0,1277.0,38,4.55,1
P103,2023-11,FY24,Legacy,,South East,124049.0,1292.0,25,4.55,1
P103,2023-12,FY24,Legacy,,South East,98413.0,1025.0,15,4.55,1
P103,2024-01,FY24,Legacy,,South East,108138.0,1126.0,28,4.55,1
P103,2024-02,FY24,Legacy,,South East,109909.0,1145.0,28,4.55,1
P103,2024-03,FY24,Legacy,,South East,121643.0,1267.0,24,4.55,1
P103,2024-04,FY25,Legacy,,South East,118537.0,1235.0,24,4.55,1
P103,2024-05,FY25,Legacy,,South East,141243.0,1471.0,35,4.55,1
P103,2024-06,FY25,Legacy,,South East,118242.0,1232.0,23,4.55,1
P103,2024-07,FY25,Legacy,,South East,129710.0,1351.0,25,4.55,1
P103,2024-08,FY25,Legacy,,South East,116829.0,1217.0,27,4.55,1
P103,2024-09,FY25,Legacy,,South East,124760.0,1300.0,33,4.55,1
P103,2024-10,FY25,Legacy,,South East,129180.0,1346.0,37,4.55,1
P103,2024-11,FY25,Legacy,,South East,117891.0,1228.0,25,4.55,1
P103,2024-12,FY25,Legacy,,South East,126241.0,1315.0,31,4.55,1
P103,2025-01,FY25,Legacy,,South East,109345.0,1139.0,27,4.55,1
P103,2025-02,FY25,Legacy,,South East,109751.0,1143.0,22,4.55,1
P103,2025-03,FY25,Legacy,,South East,137525.0,1433.0,28,4.55,1
P104,2022-10,FY23,Legacy,,South East,62593.0,652.0,11,4.46,1
P104,2022-11,FY23,Legacy,,South East,57489.0,599.0,14,4.46,1
P104,2022-12,FY23,Legacy,,South East,59069.0,615.0,14,4.46,1
P104,2023-01,FY23,Legacy,,South East,60008.0,625.0,13,4.46,1
P104,2023-02,FY23,Legacy,,South East,60446.0,630.0,12,4.46,1
P104,2023-03,FY23,Legacy,,South East,68903.0,718.0,17,4.46,1
P104,2023-04,FY24,Legacy,,South East,69755.0,727.0,17,4.46,1
P104,2023-05,FY24,Legacy,,South East,70081.0,730.0,23,4.46,1
P104,2023-06,FY24,Legacy,,South East,73594.0,767.0,15,4.46,1
P104,2023-07,FY24,Legacy,,South East,66966.0,698.0,20,4.46,1
P104,2023-08,FY24,Legacy,,South East,64004.0,667.0,11,4.46,1
P104,2023-09,FY24,Legacy,,South East,64754.0,675.0,12,4.46,1
P104,2023-10,FY24,Legacy,,South East,63187.0,658.0,13,4.46,1
P104,2023-11,FY24,Legacy,,South East,71914.0,749.0,9,4.46,1
P104,2023-12,FY24,Legacy,,South East,57764.0,602.0,12,4.46,1
P104,2024-01,FY24,Legacy,,South East,72052.0,751.0,11,4.46,1
P104,2024-02,FY24,Legacy,,South East,59716.0,622.0,8,4.46,1
P104,2024-03,FY24,Legacy,,South East,80632.0,840.0,18,4.46,1
P104,2024-04,FY25,Legacy,,South East,69580.0,725.0,19,4.46,1
P104,2024-05,FY25,Legacy,,South East,70848.0,738.0,14,4.46,1
P104,2024-06,FY25,Legacy,,South East,70987.0,739.0,15,4.46,1
P104,2024-07,FY25,Legacy,,South East,70962.0,739.0,20,4.46,1
P104,2024-08,FY25,Legacy,,South East,80626.0,840.0,22,4.46,1
P104,2024-09,FY25,Legacy,,South East,72654.0,757.0,18,4.46,1
P104,2024-10,FY25,Legacy,,South East,73210.0,763.0,20,4.46,1
P104,2024-11,FY25,Legacy,,South East,75368.0,785.0,17,4.46,1
P104,2024-12,FY25,Legacy,,South East,63582.0,662.0,18,4.46,1
P104,2025-01,FY25,Legacy,,South East,77969.0,812.0,19,4.46,1
P104,2025-02,FY25,Legacy,,South East,71340.0,743.0,18,4.46,1
P104,2025-03,FY25,Legacy,,South East,79157.0,825.0,13,4.46,1
P105,2022-10,FY23,Legacy,,North East,73128.0,762.0,14,4.45,1
P105,2022-11,FY23,Legacy,,North East,68332.0,712.0,10,4.45,1
P105,2022-12,FY23,Legacy,,North East,59593.0,621.0,12,4.45,1
P105,2023-01,FY23,Legacy,,North East,62353.0,650.0,16,4.45,1
P105,2023-02,FY23,Legacy,,North East,58935.0,614.0,15,4.45,1
P105,2023-03,FY23,Legacy,,North East,67189.0,700.0,10,4.45,1
P105,2023-04,FY24,Legacy,,North East,58592.0,610.0,11,4.45,1
P105,2023-05,FY24,Legacy,,North East,77711.0,809.0,23,4.45,1
P105,2023-06,FY24,Legacy,,North East,72059.0,751.0,14,4.45,1
P105,2023-07,FY24,Legacy,,North East,67424.0,702.0,16,4.45,1
P105,2023-08,FY24,Legacy,,North East,65477.0,682.0,8,4.45,1
P105,2023-09,FY24,Legacy,,North East,64569.0,673.0,11,4.45,1
P105,2023-10,FY24,Legacy,,North East,75078.0,782.0,16,4.45,1
P105,2023-11,FY24,Legacy,,North East,71963.0,750.0,13,4.45,1
P105,2023-12,FY24,Legacy,,North East,62357.0,650.0,15,4.45,1
P105,2024-01,FY24,Legacy,,North East,60455.0,630.0,8,4.45,1
P105,2024-02,FY24,Legacy,,North East,61409.0,640.0,11,4.45,1
P105,2024-03,FY24,Legacy,,North East,66772.0,696.0,9,4.45,1
P105,2024-04,FY25,Legacy,,North East,72723.0,758.0,18,4.45,1
P105,2024-05,FY25,Legacy,,North East,71012.0,740.0,16,4.45,1
P105,2024-06,FY25,Legacy,,North East,81869.0,853.0,16,4.45,1
P105,2024-07,FY25,Legacy,,North East,74668.0,778.0,21,4.45,1
P105,2024-08,FY25,Legacy,,North East,71508.0,745.0,18,4.45,1
P105,2024-09,FY25,Legacy,,North East,83428.0,869.0,16,4.45,1
P105,2024-10,FY25,Legacy,,North East,66802.0,696.0,16,4.45,1
P105,2024-11,FY25,Legacy,,North East,64678.0,674.0,10,4.45,1
P105,2024-12,FY25,Legacy,,North East,65144.0,679.0,15,4.45,1
P105,2025-01,FY25,Legacy,,North East,72530.0,756.0,20,4.45,1
P105,2025-02,FY25,Legacy,,North East,66994.0,698.0,22,4.45,1
P105,2025-03,FY25,Legacy,,North East,76953.0,802.0,17,4.45,1
P106,2022-10,FY23,Legacy,,South East,37929.0,395.0,8,4.83,1
P106,2022-11,FY23,Legacy,,South East,40413.0,421.0,6,4.83,1
P106,2022-12,FY23,Legacy,,South East,32494.0,338.0,5,4.83,1
P106,2023-01,FY23,Legacy,,South East,37171.0,387.0,4,4.83,1
P106,2023-02,FY23,Legacy,,South East,34936.0,364.0,8,4.83,1
P106,2023-03,FY23,Legacy,,South East,44402.0,463.0,10,4.83,1
P106,2023-04,FY24,Legacy,,South East,32585.0,339.0,10,4.83,1
P106,2023-05,FY24,Legacy,,South East,40010.0,417.0,10,4.83,1
P106,2023-06,FY24,Legacy,,South East,41576.0,433.0,9,4.83,1
P106,2023-07,FY24,Legacy,,South East,42576.0,443.0,6,4.83,1
P106,2023-08,FY24,Legacy,,South East,39865.0,415.0,8,4.83,1
P106,2023-09,FY24,Legacy,,South East,38843.0,405.0,9,4.83,1
P106,2023-10,FY24,Legacy,,South East,38146.0,397.0,5,4.83,1
P106,2023-11,FY24,Legacy,,South East,39757.0,414.0,11,4.83,1
P106,2023-12,FY24,Legacy,,South East,36468.0,380.0,3,4.83,1
P106,2024-01,FY24,Legacy,,South East,37827.0,394.0,7,4.83,1
P106,2024-02,FY24,Legacy,,South East,38732.0,403.0,10,4.83,1
P106,2024-03,FY24,Legacy,,South East,39365.0,410.0,2,4.83,1
P106,2024-04,FY25,Legacy,,South East,40579.0,423.0,11,4.83,1
P106,2024-05,FY25,Legacy,,South East,41322.0,430.0,11,4.83,1
P106,2024-06,FY25,Legacy,,South East,41800.0,435.0,10,4.83,1
P106,2024-07,FY25,Legacy,,South East,42510.0,443.0,9,4.83,1
P106,2024-08,FY25,Legacy,,South East,41359.0,431.0,8,4.83,1
P106,2024-09,FY25,Legacy,,South East,42205.0,440.0,9,4.83,1
P106,2024-10,FY25,Legacy,,South East,40792.0,425.0,12,4.83,1
P106,2024-11,FY25,Legacy,,South East,38028.0,396.0,6,4.83,1
P106,2024-12,FY25,Legacy,,South East,42901.0,447.0,12,4.83,1
P106,2025-01,FY25,Legacy,,South East,45698.0,476.0,10,4.83,1
P106,2025-02,FY25,Legacy,,South East,42017.0,438.0,9,4.83,1
P106,2025-03,FY25,Legacy,,South East,40761.0,425.0,10,4.83,1
P107,2022-10,FY23,Legacy,,South East,103597.0,1079.0,20,4.33,1
P107,2022-11,FY23,Legacy,,South East,91138.0,949.0,26,4.33,1
P107,2022-12,FY23,Legacy,,South East,84170.0,877.0,13,4.33,1
P107,2023-01,FY23,Legacy,,South East,99293.0,1034.0,19,4.33,1
P107,2023-02,FY23,Legacy,,South East,99825.0,1040.0,30,4.33,1
P107,2023-03,FY23,Legacy,,South East,98674.0,1028.0,27,4.33,1
P107,2023-04,FY24,Legacy,,South East,95455.0,994.0,21,4.33,1
P107,2023-05,FY24,Legacy,,South East,95928.0,999.0,12,4.33,1
P107,2023-06,FY24,Legacy,,South East,98646.0,1028.0,23,4.33,1
P107,2023-07,FY24,Legacy,,South East,97961.0,1020.0,16,4.33,1
P107,2023-08,FY24,Legacy,,South East,104238.0,1086.0,17,4.33,1
P107,2023-09,FY24,Legacy,,South East,103093.0,1074.0,20,4.33,1
P107,2023-10,FY24,Legacy,,South East,105948.0,1104.0,26,4.33,1
P107,2023-11,FY24,Legacy,,South East,96765.0,1008.0,27,4.33,1
P107,2023-12,FY24,Legacy,,South East,94825.0,988.0,22,4.33,1
P107,2024-01,FY24,Legacy,,South East,96450.0,1005.0,20,4.33,1
P107,2024-02,FY24,Legacy,,South East,103935.0,1083.0,24,4.33,1
P107,2024-03,FY24,Legacy,,South East,108767.0,1133.0,30,4.33,1
P107,2024-04,FY25,Legacy,,South East,103356.0,1077.0,34,4.33,1
P107,2024-05,FY25,Legacy,,South East,117159.0,1220.0,24,4.33,1
P107,2024-06,FY25,Legacy,,South East,101636.0,1059.0,19,4.33,1
P107,2024-07,FY25,Legacy,,South East,106415.0,1108.0,16,4.33,1
P107,2024-08,FY25,Legacy,,South East,113202.0,1179.0,26,4.33,1
P107,2024-09,FY25,Legacy,,South East,110699.0,1153.0,25,4.33,1
P107,2024-10,FY25,Legacy,,South East,111902.0,1166.0,22,4.33,1
P107,2024-11,FY25,Legacy,,South East,99558.0,1037.0,19,4.33,1
P107,2024-12,FY25,Legacy,,South East,102444.0,1067.0,25,4.33,1
P107,2025-01,FY25,Legacy,,South East,115788.0,1206.0,41,4.33,1
P107,2025-02,FY25,Legacy,,South East,105761.0,1102.0,24,4.33,1
P107,2025-03,FY25,Legacy,,South East,108141.0,1126.0,18,4.33,1
P108,2022-10,FY23,Legacy,,South East,101214.0,1054.0,14,4.43,1
P108,2022-11,FY23,Legacy,,South East,88770.0,925.0,22,4.43,1
P108,2022-12,FY23,Legacy,,South East,111605.0,1163.0,25,4.43,1
P108,2023-01,FY23,Legacy,,South East,88147.0,918.0,13,4.43,1
P108,2023-02,FY23,Legacy,,South East,98575.0,1027.0,18,4.43,1
P108,2023-03,FY23,Legacy,,South East,94180.0,981.0,24,4.43,1
P108,2023-04,FY24,Legacy,,South East,120923.0,1260.0,28,4.43,1
P108,2023-05,FY24,Legacy,,South East,103992.0,1083.0,16,4.43,1
P108,2023-06,FY24,Legacy,,South East,110002.0,1146.0,27,4.43,1
P108,2023-07,FY24,Legacy,,South East,122949.0,1281.0,29,4.43,1
P108,2023-08,FY24,Legacy,,South East,102433.0,1067.0,22,4.43,1
P108,2023-09,FY24,Legacy,,South East,120962.0,1260.0,27,4.43,1
P108,2023-10,FY24,Legacy,,South East,102484.0,1068.0,29,4.43,1
P108,2023-11,FY24,Legacy,,South East,100306.0,1045.0,17,4.43,1
P108,2023-12,FY24,Legacy,,South East,98499.0,1026.0,23,4.43,1
P108,2024-01,FY24,Legacy,,South East,103694.0,1080.0,24,4.43,1
P108,2024-02,FY24,Legacy,,South East,98109.0,1022.0,21,4.43,1
P108,2024-03,FY24,Legacy,,South East,117235.0,1221.0,25,4.43,1
P108,2024-04,FY25,Legacy,,South East,110071.0,1147.0,18,4.43,1
P108,2024-05,FY25,Legacy,,South East,120752.0,1258.0,24,4.43,1
P108,2024-06,FY25,Legacy,,South East,111213.0,1158.0,26,4.43,1
P108,2024-07,FY25,Legacy,,South East,102667.0,1069.0,21,4.43,1
P108,2024-08,FY25,Legacy,,South East,116397.0,1212.0,25,4.43,1
P108,2024-09,FY25,Legacy,,South East,108851.0,1134.0,18,4.43,1
P108,2024-10,FY25,Legacy,,South East,125957.0,1312.0,21,4.43,1
P108,2024-11,FY25,Legacy,,South East,117141.0,1220.0,28,4.43,1
P108,2024-12,FY25,Legacy,,South East,101081.0,1053.0,21,4.43,1
P108,2025-01,FY25,Legacy,,South East,111455.0,1161.0,16,4.43,1
P108,2025-02,FY25,Legacy,,South East,107218.0,1117.0,22,4.43,1
P108,2025-03,FY25,Legacy,,South East,121076.0,1261.0,29,4.43,1
P109,2022-10,FY23,Legacy,,South East,46238.0,482.0,13,4.77,1
P109,2022-11,FY23,Legacy,,South East,47627.0,496.0,8,4.77,1
P109,2022-12,FY23,Legacy,,South East,47890.0,499.0,11,4.77,1
P109,2023-01,FY23,Legacy,,South East,53331.0,556.0,9,4.77,1
P109,2023-02,FY23,Legacy,,South East,52147.0,543.0,10,4.77,1
P109,2023-03,FY23,Legacy,,South East,58245.0,607.0,13,4.77,1
P109,2023-04,FY24,Legacy,,South East,49622.0,517.0,12,4.77,1
P109,2023-05,FY24,Legacy,,South East,52798.0,550.0,10,4.77,1
P109,2023-06,FY24,Legacy,,South East,50139.0,522.0,8,4.77,1
P109,2023-07,FY24,Legacy,,South East,57279.0,597.0,10,4.77,1
P109,2023-08,FY24,Legacy,,South East,50090.0,522.0,10,4.77,1
P109,2023-09,FY24,Legacy,,South East,49122.0,512.0,6,4.77,1
P109,2023-10,FY24,Legacy,,South East,58842.0,613.0,15,4.77,1
P109,2023-11,FY24,Legacy,,South East,51028.0,532.0,10,4.77,1
P109,2023-12,FY24,Legacy,,South East,51679.0,538.0,14,4.77,1
P109,2024-01,FY24,Legacy,,South East,58480.0,609.0,15,4.77,1
P109,2024-02,FY24,Legacy,,South East,51236.0,534.0,12,4.77,1
P109,2024-03,FY24,Legacy,,South East,50263.0,524.0,9,4.77,1
P109,2024-04,FY25,Legacy,,South East,65447.0,682.0,9,4.77,1
P109,2024-05,FY25,Legacy,,South East,60593.0,631.0,13,4.77,1
P109,2024-06,FY25,Legacy,,South East,56214.0,586.0,15,4.77,1
P109,2024-07,FY25,Legacy,,South East,64715.0,674.0,12,4.77,1
P109,2024-08,FY25,Legacy,,South East,55967.0,583.0,17,4.77,1
P109,2024-09,FY25,Legacy,,South East,60069.0,626.0,16,4.77,1
P109,2024-10,FY25,Legacy,,South East,55326.0,576.0,7,4.77,1
P109,2024-11,FY25,Legacy,,South East,54153.0,564.0,5,4.77,1
P109,2024-12,FY25,Legacy,,South East,59016.0,615.0,11,4.77,1
P109,2025-01,FY25,Legacy,,South East,57818.0,602.0,21,4.77,1
P109,2025-02,FY25,Legacy,,South East,53228.0,554.0,12,4.77,1
P109,2025-03,FY25,Legacy,,South East,61858.0,644.0,21,4.77,1
P110,2022-10,FY23,Legacy,,North East,103256.0,1076.0,27,4.58,1
P110,2022-11,FY23,Legacy,,North East,105540.0,1099.0,31,4.58,1
P110,2022-12,FY23,Legacy,,North East,107096.0,1116.0,20,4.58,1
P110,2023-01,FY23,Legacy,,North East,125152.0,1304.0,26,4.58,1
P110,2023-02,FY23,Legacy,,North East,106815.0,1113.0,23,4.58,1
P110,2023-03,FY23,Legacy,,North East,109321.0,1139.0,23,4.58,1
P110,2023-04,FY24,Legacy,,North East,108009.0,1125.0,22,4.58,1
P110,2023-05,FY24,Legacy,,North East,109992.0,1146.0,35,4.58,1
P110,2023-06,FY24,Legacy,,North East,114886.0,1197.0,24,4.58,1
P110,2023-07,FY24,Legacy,,North East,99148.0,1033.0,26,4.58,1
P110,2023-08,FY24,Legacy,,North East,106386.0,1108.0,18,4.58,1
P110,2023-09,FY24,Legacy,,North East,101848.0,1061.0,26,4.58,1
P110,2023-10,FY24,Legacy,,North East,113048.0,1178.0,19,4.58,1
P110,2023-11,FY24,Legacy,,North East,96228.0,1002.0,16,4.58,1
P110,2023-12,FY24,Legacy,,North East,107292.0,1118.0,18,4.58,1
P110,2024-01,FY24,Legacy,,North East,113140.0,1179.0,23,4.58,1
P110,2024-02,FY24,Legacy,,North East,111996.0,1167.0,22,4.58,1
P110,2024-03,FY24,Legacy,,North East,109025.0,1136.0,24,4.58,1
P110,2024-04,FY25,Legacy,,North East,123045.0,1282.0,29,4.58,1
P110,2024-05,FY25,Legacy,,North East,137336.0,1431.0,27,4.58,1
P110,2024-06,FY25,Legacy,,North East,132087.0,1376.0,37,4.58,1
P110,2024-07,FY25,Legacy,,North East,130828.0,1363.0,21,4.58,1
P110,2024-08,FY25,Legacy,,North East,106274.0,1107.0,23,4.58,1
P110,2024-09,FY25,Legacy,,North East,145039.0,1511.0,36,4.58,1
P110,2024-10,FY25,Legacy,,North East,133622.0,1392.0,21,4.58,1
P110,2024-11,FY25,Legacy,,North East,112387.0,1171.0,24,4.58,1
P110,2024-12,FY25,Legacy,,North East,109325.0,1139.0,24,4.58,1
P110,2025-01,FY25,Legacy,,North East,122843.0,1280.0,24,4.58,1
P110,2025-02,FY25,Legacy,,North East,117450.0,1223.0,22,4.58,1
P110,2025-03,FY25,Legacy,,North East,117574.0,1225.0,31,4.58,1
P111,2022-10,FY23,Legacy,,Wales,74171.0,773.0,20,4.82,1
P111,2022-11,FY23,Legacy,,Wales,74429.0,775.0,17,4.82,1
P111,2022-12,FY23,Legacy,,Wales,68436.0,713.0,10,4.82,1
P111,2023-01,FY23,Legacy,,Wales,75635.0,788.0,17,4.82,1
P111,2023-02,FY23,Legacy,,Wales,76266.0,794.0,19,4.82,1
P111,2023-03,FY23,Legacy,,Wales,75394.0,785.0,11,4.82,1
P111,2023-04,FY24,Legacy,,Wales,72601.0,756.0,19,4.82,1
P111,2023-05,FY24,Legacy,,Wales,84824.0,884.0,16,4.82,1
P111,2023-06,FY24,Legacy,,Wales,78537.0,818.0,22,4.82,1
P111,2023-07,FY24,Legacy,,Wales,74723.0,778.0,23,4.82,1
P111,2023-08,FY24,Legacy,,Wales,89928.0,937.0,17,4.82,1
P111,2023-09,FY24,Legacy,,Wales,77426.0,807.0,23,4.82,1
P111,2023-10,FY24,Legacy,,Wales,82393.0,858.0,18,4.82,1
P111,2023-11,FY24,Legacy,,Wales,76544.0,797.0,10,4.82,1
P111,2023-12,FY24,Legacy,,Wales,70959.0,739.0,19,4.82,1
P111,2024-01,FY24,Legacy,,Wales,72390.0,754.0,16,4.82,1
P111,2024-02,FY24,Legacy,,Wales,77892.0,811.0,21,4.82,1
P111,2024-03,FY24,Legacy,,Wales,86757.0,904.0,21,4.82,1
P111,2024-04,FY25,Legacy,,Wales,77931.0,812.0,26,4.82,1
P111,2024-05,FY25,Legacy,,Wales,76299.0,795.0,16,4.82,1
P111,2024-06,FY25,Legacy,,Wales,92837.0,967.0,21,4.82,1
P111,2024-07,FY25,Legacy,,Wales,78698.0,820.0,15,4.82,1
P111,2024-08,FY25,Legacy,,Wales,81782.0,852.0,22,4.82,1
P111,2024-09,FY25,Legacy,,Wales,78058.0,813.0,25,4.82,1
P111,2024-10,FY25,Legacy,,Wales,77182.0,804.0,20,4.82,1
P111,2024-11,FY25,Legacy,,Wales,83188.0,867.0,14,4.82,1
P111,2024-12,FY25,Legacy,,Wales,81696.0,851.0,28,4.82,1
P111,2025-01,FY25,Legacy,,Wales,76949.0,802.0,19,4.82,1
P111,2025-02,FY25,Legacy,,Wales,73101.0,761.0,21,4.82,1
P111,2025-03,FY25,Legacy,,Wales,81535.0,849.0,18,4.82,1
P112,2022-10,FY23,Legacy,,North West,71952.0,750.0,11,4.97,1
P112,2022-11,FY23,Legacy,,North West,69140.0,720.0,16,4.97,1
P112,2022-12,FY23,Legacy,,North West,64800.0,675.0,14,4.97,1
P112,2023-01,FY23,Legacy,,North West,69414.0,723.0,9,4.97,1
P112,2023-02,FY23,Legacy,,North West,65183.0,679.0,16,4.97,1
P112,2023-03,FY23,Legacy,,North West,77833.0,811.0,17,4.97,1
P112,2023-04,FY24,Legacy,,North West,73624.0,767.0,15,4.97,1
P112,2023-05,FY24,Legacy,,North West,71868.0,749.0,11,4.97,1
P112,2023-06,FY24,Legacy,,North West,77670.0,809.0,19,4.97,1
P112,2023-07,FY24,Legacy,,North West,67329.0,701.0,16,4.97,1
P112,2023-08,FY24,Legacy,,North West,69744.0,726.0,17,4.97,1
P112,2023-09,FY24,Legacy,,North West,79866.0,832.0,22,4.97,1
P112,2023-10,FY24,Legacy,,North West,82001.0,854.0,15,4.97,1
P112,2023-11,FY24,Legacy,,North West,69243.0,721.0,11,4.97,1
P112,2023-12,FY24,Legacy,,North West,72669.0,757.0,21,4.97,1
P112,2024-01,FY24,Legacy,,North West,79723.0,830.0,16,4.97,1
P112,2024-02,FY24,Legacy,,North West,76096.0,793.0,11,4.97,1
P112,2024-03,FY24,Legacy,,North West,73497.0,766.0,16,4.97,1
P112,2024-04,FY25,Legacy,,North West,74040.0,771.0,12,4.97,1
P112,2024-05,FY25,Legacy,,North West,83201.0,867.0,23,4.97,1
P112,2024-06,FY25,Legacy,,North West,86015.0,896.0,19,4.97,1
P112,2024-07,FY25,Legacy,,North West,80690.0,841.0,21,4.97,1
P112,2024-08,FY25,Legacy,,North West,73702.0,768.0,15,4.97,1
P112,2024-09,FY25,Legacy,,North West,78383.0,816.0,7,4.97,1
P112,2024-10,FY25,Legacy,,North West,77693.0,809.0,12,4.97,1
P112,2024-11,FY25,Legacy,,North West,71537.0,745.0,13,4.97,1
P112,2024-12,FY25,Legacy,,North West,61423.0,640.0,15,4.97,1
P112,2025-01,FY25,Legacy,,North West,80529.0,839.0,30,4.97,1
P112,2025-02,FY25,Legacy,,North West,77393.0,806.0,23,4.97,1
P112,2025-03,FY25,Legacy,,North West,81575.0,850.0,18,4.97,1
P113,2022-10,FY23,Legacy,,North East,58439.0,609.0,14,4.71,1
P113,2022-11,FY23,Legacy,,North East,63375.0,660.0,19,4.71,1
P113,2022-12,FY23,Legacy,,North East,53396.0,556.0,15,4.71,1
P113,2023-01,FY23,Legacy,,North East,69163.0,720.0,12,4.71,1
P113,2023-02,FY23,Legacy,,North East,59332.0,618.0,15,4.71,1
P113,2023-03,FY23,Legacy,,North East,61653.0,642.0,13,4.71,1
P113,2023-04,FY24,Legacy,,North East,67138.0,699.0,14,4.71,1
P113,2023-05,FY24,Legacy,,North East,75294.0,784.0,10,4.71,1
P113,2023-06,FY24,Legacy,,North East,65982.0,687.0,18,4.71,1
P113,2023-07,FY24,Legacy,,North East,66118.0,689.0,12,4.71,1
P113,2023-08,FY24,Legacy,,North East,69751.0,727.0,20,4.71,1
P113,2023-09,FY24,Legacy,,North East,79786.0,831.0,21,4.71,1
P113,2023-10,FY24,Legacy,,North East,71214.0,742.0,22,4.71,1
P113,2023-11,FY24,Legacy,,North East,61073.0,636.0,16,4.71,1
P113,2023-12,FY24,Legacy,,North East,72332.0,753.0,17,4.71,1
P113,2024-01,FY24,Legacy,,North East,68033.0,709.0,19,4.71,1
P113,2024-02,FY24,Legacy,,North East,62888.0,655.0,13,4.71,1
P113,2024-03,FY24,Legacy,,North East,70733.0,737.0,17,4.71,1
P113,2024-04,FY25,Legacy,,North East,67976.0,708.0,17,4.71,1
P113,2024-05,FY25,Legacy,,North East,70202.0,731.0,10,4.71,1
P113,2024-06,FY25,Legacy,,North East,71032.0,740.0,17,4.71,1
P113,2024-07,FY25,Legacy,,North East,79449.0,828.0,12,4.71,1
P113,2024-08,FY25,Legacy,,North East,68481.0,713.0,13,4.71,1
P113,2024-09,FY25,Legacy,,North East,79313.0,826.0,10,4.71,1
P113,2024-10,FY25,Legacy,,North East,67743.0,706.0,19,4.71,1
P113,2024-11,FY25,Legacy,,North East,75970.0,791.0,17,4.71,1
P113,2024-12,FY25,Legacy,,North East,60414.0,629.0,12,4.71,1
P113,2025-01,FY25,Legacy,,North East,78182.0,814.0,13,4.71,1
P113,2025-02,FY25,Legacy,,North East,65794.0,685.0,16,4.71,1
P113,2025-03,FY25,Legacy,,North East,74414.0,775.0,17,4.71,1
P114,2022-10,FY23,Legacy,,North West,44695.0,466.0,13,4.04,1
P114,2022-11,FY23,Legacy,,North West,42614.0,444.0,6,4.04,1
P114,2022-12,FY23,Legacy,,North West,38478.0,401.0,12,4.04,1
P114,2023-01,FY23,Legacy,,North West,45791.0,477.0,9,4.04,1
P114,2023-02,FY23,Legacy,,North West,41490.0,432.0,9,4.04,1
P114,2023-03,FY23,Legacy,,North West,47827.0,498.0,10,4.04,1
P114,2023-04,FY24,Legacy,,North West,41896.0,436.0,11,4.04,1
P114,2023-05,FY24,Legacy,,North West,45985.0,479.0,5,4.04,1
P114,2023-06,FY24,Legacy,,North West,39657.0,413.0,14,4.04,1
P114,2023-07,FY24,Legacy,,North West,51762.0,539.0,5,4.04,1
P114,2023-08,FY24,Legacy,,North West,41852.0,436.0,17,4.04,1
P114,2023-09,FY24,Legacy,,North West,42066.0,438.0,10,4.04,1
P114,2023-10,FY24,Legacy,,North West,43129.0,449.0,5,4.04,1
P114,2023-11,FY24,Legacy,,North West,48125.0,501.0,17,4.04,1
P114,2023-12,FY24,Legacy,,North West,42838.0,446.0,8,4.04,1
P114,2024-01,FY24,Legacy,,North West,42888.0,447.0,10,4.04,1
P114,2024-02,FY24,Legacy,,North West,45453.0,473.0,12,4.04,1
P114,2024-03,FY24,Legacy,,North West,49920.0,520.0,12,4.04,1
P114,2024-04,FY25,Legacy,,North West,47311.0,493.0,9,4.04,1
P114,2024-05,FY25,Legacy,,North West,48042.0,500.0,15,4.04,1
P114,2024-06,FY25,Legacy,,North West,45212.0,471.0,12,4.04,1
P114,2024-07,FY25,Legacy,,North West,55746.0,581.0,14,4.04,1
P114,2024-08,FY25,Legacy,,North West,42816.0,446.0,9,4.04,1
P114,2024-09,FY25,Legacy,,North West,47068.0,490.0,9,4.04,1
P114,2024-10,FY25,Legacy,,North West,44511.0,464.0,12,4.04,1
P114,2024-11,FY25,Legacy,,North West,44731.0,466.0,11,4.04,1
P114,2024-12,FY25,Legacy,,North West,48209.0,502.0,8,4.04,1
P114,2025-01,FY25,Legacy,,North West,45673.0,476.0,13,4.04,1
P114,2025-02,FY25,Legacy,,North West,42841.0,446.0,8,4.04,1
P114,2025-03,FY25,Legacy,,North West,50710.0,528.0,19,4.04,1
P115,2022-10,FY23,Legacy,,South East,35660.0,371.0,5,4.63,1
P115,2022-11,FY23,Legacy,,South East,34389.0,358.0,8,4.63,1
P115,2022-12,FY23,Legacy,,South East,40282.0,420.0,13,4.63,1
P115,2023-01,FY23,Legacy,,South East,33785.0,352.0,7,4.63,1
P115,2023-02,FY23,Legacy,,South East,38091.0,397.0,8,4.63,1
P115,2023-03,FY23,Legacy,,South East,36169.0,377.0,10,4.63,1
P115,2023-04,FY24,Legacy,,South East,41034.0,427.0,7,4.63,1
P115,2023-05,FY24,Legacy,,South East,38660.0,403.0,6,4.63,1
P115,2023-06,FY24,Legacy,,South East,45780.0,477.0,11,4.63,1
P115,2023-07,FY24,Legacy,,South East,37789.0,394.0,5,4.63,1
P115,2023-08,FY24,Legacy,,South East,36600.0,381.0,11,4.63,1
P115,2023-09,FY24,Legacy,,South East,45364.0,473.0,11,4.63,1
P115,2023-10,FY24,Legacy,,South East,49096.0,511.0,18,4.63,1
P115,2023-11,FY24,Legacy,,South East,44008.0,458.0,14,4.63,1
P115,2023-12,FY24,Legacy,,South East,35859.0,374.0,5,4.63,1
P115,2024-01,FY24,Legacy,,South East,38990.0,406.0,11,4.63,1
P115,2024-02,FY24,Legacy,,South East,37612.0,392.0,7,4.63,1
P115,2024-03,FY24,Legacy,,South East,37952.0,395.0,14,4.63,1
P115,2024-04,FY25,Legacy,,South East,44852.0,467.0,10,4.63,1
P115,2024-05,FY25,Legacy,,South East,42319.0,441.0,11,4.63,1
P115,2024-06,FY25,Legacy,,South East,40760.0,425.0,8,4.63,1
P115,2024-07,FY25,Legacy,,South East,42587.0,444.0,3,4.63,1
P115,2024-08,FY25,Legacy,,South East,43408.0,452.0,6,4.63,1
P115,2024-09,FY25,Legacy,,South East,43539.0,454.0,12,4.63,1
P115,2024-10,FY25,Legacy,,South East,44211.0,461.0,13,4.63,1
P115,2024-11,FY25,Legacy,,South East,35937.0,374.0,5,4.63,1
P115,2024-12,FY25,Legacy,,South East,45292.0,472.0,14,4.63,1
P115,2025-01,FY25,Legacy,,South East,42093.0,438.0,15,4.63,1
P115,2025-02,FY25,Legacy,,South East,38986.0,406.0,6,4.63,1
P115,2025-03,FY25,Legacy,,South East,48333.0,503.0,10,4.63,1
P116,2022-10,FY23,Legacy,,South East,34675.0,361.0,8,4.75,1
P116,2022-11,FY23,Legacy,,South East,33801.0,352.0,4,4.75,1
P116,2022-12,FY23,Legacy,,South East,33366.0,348.0,10,4.75,1
P116,2023-01,FY23,Legacy,,South East,35136.0,366.0,6,4.75,1
P116,2023-02,FY23,Legacy,,South East,34996.0,365.0,10,4.75,1
P116,2023-03,FY23,Legacy,,South East,35608.0,371.0,6,4.75,1
P116,2023-04,FY24,Legacy,,South East,34814.0,363.0,12,4.75,1
P116,2023-05,FY24,Legacy,,South East,40943.0,426.0,10,4.75,1
P116,2023-06,FY24,Legacy,,South East,38752.0,404.0,10,4.75,1
P116,2023-07,FY24,Legacy,,South East,37106.0,387.0,4,4.75,1
P116,2023-08,FY24,Legacy,,South East,33019.0,344.0,10,4.75,1
P116,2023-09,FY24,Legacy,,South East,43885.0,457.0,6,4.75,1
P116,2023-10,FY24,Legacy,,South East,37534.0,391.0,10,4.75,1
P116,2023-11,FY24,Legacy,,South East,31221.0,325.0,12,4.75,1
P116,2023-12,FY24,Legacy,,South East,32232.0,336.0,10,4.75,1
P116,2024-01,FY24,Legacy,,South East,38824.0,404.0,13,4.75,1
P116,2024-02,FY24,Legacy,,South East,37203.0,388.0,11,4.75,1
P116,2024-03,FY24,Legacy,,South East,38535.0,401.0,10,4.75,1
P116,2024-04,FY25,Legacy,,South East,33062.0,344.0,7,4.75,1
P116,2024-05,FY25,Legacy,,South East,39690.0,413.0,11,4.75,1
P116,2024-06,FY25,Legacy,,South East,43655.0,455.0,8,4.75,1
P116,2024-07,FY25,Legacy,,South East,39797.0,415.0,11,4.75,1
P116,2024-08,FY25,Legacy,,South East,34121.0,355.0,9,4.75,1
P116,2024-09,FY25,Legacy,,South East,44567.0,464.0,10,4.75,1
P116,2024-10,FY25,Legacy,,South East,39440.0,411.0,3,4.75,1
P116,2024-11,FY25,Legacy,,South East,36939.0,385.0,8,4.75,1
P116,2024-12,FY25,Legacy,,South East,34392.0,358.0,4,4.75,1
P116,2025-01,FY25,Legacy,,South East,38941.0,406.0,12,4.75,1
P116,2025-02,FY25,Legacy,,South East,37911.0,395.0,8,4.75,1
P116,2025-03,FY25,Legacy,,South East,43348.0,452.0,12,4.75,1
P117,2022-10,FY23,Legacy,,South East,104751.0,1091.0,31,4.64,1
P117,2022-11,FY23,Legacy,,South East,81632.0,850.0,24,4.64,1
P117,2022-12,FY23,Legacy,,South East,92264.0,961.0,22,4.64,1
P117,2023-01,FY23,Legacy,,South East,95669.0,997.0,17,4.64,1
P117,2023-02,FY23,Legacy,,South East,100558.0,1047.0,28,4.64,1
P117,2023-03,FY23,Legacy,,South East,92348.0,962.0,21,4.64,1
P117,2023-04,FY24,Legacy,,South East,104917.0,1093.0,20,4.64,1
P117,2023-05,FY24,Legacy,,South East,105488.0,1099.0,27,4.64,1
P117,2023-06,FY24,Legacy,,South East,104626.0,1090.0,14,4.64,1
P117,2023-07,FY24,Legacy,,South East,106157.0,1106.0,26,4.64,1
P117,2023-08,FY24,Legacy,,South East,112790.0,1175.0,25,4.64,1
P117,2023-09,FY24,Legacy,,South East,97507.0,1016.0,22,4.64,1
P117,2023-10,FY24,Legacy,,South East,104128.0,1085.0,23,4.64,1
P117,2023-11,FY24,Legacy,,South East,94255.0,982.0,17,4.64,1
P117,2023-12,FY24,Legacy,,South East,89565.0,933.0,18,4.64,1
P117,2024-01,FY24,Legacy,,South East,99639.0,1038.0,16,4.64,1
P117,2024-02,FY24,Legacy,,South East,100209.0,1044.0,27,4.64,1
P117,2024-03,FY24,Legacy,,South East,116528.0,1214.0,18,4.64,1
P117,2024-04,FY25,Legacy,,South East,109189.0,1137.0,11,4.64,1
P117,2024-05,FY25,Legacy,,South East,111865.0,1165.0,21,4.64,1
P117,2024-06,FY25,Legacy,,South East,115553.0,1204.0,19,4.64,1
P117,2024-07,FY25,Legacy,,South East,111857.0,1165.0,24,4.64,1
P117,2024-08,FY25,Legacy,,South East,108469.0,1130.0,32,4.64,1
P117,2024-09,FY25,Legacy,,South East,118811.0,1238.0,22,4.64,1
P117,2024-10,FY25,Legacy,,South East,104914.0,1093.0,16,4.64,1
P117,2024-11,FY25,Legacy,,South East,112674.0,1174.0,23,4.64,1
P117,2024-12,FY25,Legacy,,South East,118002.0,1229.0,27,4.64,1
P117,2025-01,FY25,Legacy,,South East,101712.0,1059.0,26,4.64,1
P117,2025-02,FY25,Legacy,,South East,110588.0,1152.0,28,4.64,1
P117,2025-03,FY25,Legacy,,South East,123098.0,1282.0,27,4.64,1
P118,2022-10,FY23,Legacy,,Midlands,91691.0,955.0,27,4.43,1
P118,2022-11,FY23,Legacy,,Midlands,80527.0,839.0,8,4.43,1
P118,2022-12,FY23,Legacy,,Midlands,82505.0,859.0,11,4.43,1
P118,2023-01,FY23,Legacy,,Midlands,82885.0,863.0,22,4.43,1
P118,2023-02,FY23,Legacy,,Midlands,89868.0,936.0,14,4.43,1
P118,2023-03,FY23,Legacy,,Midlands,93132.0,970.0,17,4.43,1
P118,2023-04,FY24,Legacy,,Midlands,102996.0,1073.0,15,4.43,1
P118,2023-05,FY24,Legacy,,Midlands,92527.0,964.0,23,4.43,1
P118,2023-06,FY24,Legacy,,Midlands,92996.0,969.0,9,4.43,1
P118,2023-07,FY24,Legacy,,Midlands,99223.0,1034.0,17,4.43,1
P118,2023-08,FY24,Legacy,,Midlands,79778.0,831.0,20,4.43,1
P118,2023-09,FY24,Legacy,,Midlands,91580.0,954.0,30,4.43,1
P118,2023-10,FY24,Legacy,,Midlands,96043.0,1000.0,21,4.43,1
P118,2023-11,FY24,Legacy,,Midlands,85320.0,889.0,24,4.43,1
P118,2023-12,FY24,Legacy,,Midlands,84506.0,880.0,19,4.43,1
P118,2024-01,FY24,Legacy,,Midlands,80461.0,838.0,22,4.43,1
P118,2024-02,FY24,Legacy,,Midlands,102195.0,1065.0,22,4.43,1
P118,2024-03,FY24,Legacy,,Midlands,95598.0,996.0,28,4.43,1
P118,2024-04,FY25,Legacy,,Midlands,106031.0,1104.0,20,4.43,1
P118,2024-05,FY25,Legacy,,Midlands,101886.0,1061.0,27,4.43,1
P118,2024-06,FY25,Legacy,,Midlands,102326.0,1066.0,26,4.43,1
P118,2024-07,FY25,Legacy,,Midlands,98086.0,1022.0,23,4.43,1
P118,2024-08,FY25,Legacy,,Midlands,97793.0,1019.0,24,4.43,1
P118,2024-09,FY25,Legacy,,Midlands,99613.0,1038.0,27,4.43,1
P118,2024-10,FY25,Legacy,,Midlands,107674.0,1122.0,27,4.43,1
P118,2024-11,FY25,Legacy,,Midlands,100859.0,1051.0,17,4.43,1
P118,2024-12,FY25,Legacy,,Midlands,94149.0,981.0,20,4.43,1
P118,2025-01,FY25,Legacy,,Midlands,109706.0,1143.0,24,4.43,1
P118,2025-02,FY25,Legacy,,Midlands,107421.0,1119.0,25,4.43,1
P118,2025-03,FY25,Legacy,,Midlands,103558.0,1079.0,22,4.43,1
P119,2022-10,FY23,Legacy,,Midlands,97694.0,1018.0,18,4.47,1
P119,2022-11,FY23,Legacy,,Midlands,111430.0,1161.0,18,4.47,1
P119,2022-12,FY23,Legacy,,Midlands,90684.0,945.0,22,4.47,1
P119,2023-01,FY23,Legacy,,Midlands,106692.0,1111.0,29,4.47,1
P119,2023-02,FY23,Legacy,,Midlands,82972.0,864.0,24,4.47,1
P119,2023-03,FY23,Legacy,,Midlands,99283.0,1034.0,15,4.47,1
P119,2023-04,FY24,Legacy,,Midlands,107350.0,1118.0,26,4.47,1
P119,2023-05,FY24,Legacy,,Midlands,106405.0,1108.0,26,4.47,1
P119,2023-06,FY24,Legacy,,Midlands,100539.0,1047.0,33,4.47,1
P119,2023-07,FY24,Legacy,,Midlands,111152.0,1158.0,28,4.47,1
P119,2023-08,FY24,Legacy,,Midlands,107329.0,1118.0,20,4.47,1
P119,2023-09,FY24,Legacy,,Midlands,114802.0,1196.0,26,4.47,1
P119,2023-10,FY24,Legacy,,Midlands,114793.0,1196.0,23,4.47,1
P119,2023-11,FY24,Legacy,,Midlands,124539.0,1297.0,25,4.47,1
P119,2023-12,FY24,Legacy,,Midlands,101372.0,1056.0,17,4.47,1
P119,2024-01,FY24,Legacy,,Midlands,94184.0,981.0,25,4.47,1
P119,2024-02,FY24,Legacy,,Midlands,106472.0,1109.0,32,4.47,1
P119,2024-03,FY24,Legacy,,Midlands,107832.0,1123.0,28,4.47,1
P119,2024-04,FY25,Legacy,,Midlands,112732.0,1174.0,26,4.47,1
P119,2024-05,FY25,Legacy,,Midlands,124612.0,1298.0,32,4.47,1
P119,2024-06,FY25,Legacy,,Midlands,121605.0,1267.0,28,4.47,1
P119,2024-07,FY25,Legacy,,Midlands,110210.0,1148.0,23,4.47,1
P119,2024-08,FY25,Legacy,,Midlands,121538.0,1266.0,23,4.47,1
P119,2024-09,FY25,Legacy,,Midlands,121197.0,1262.0,27,4.47,1
P119,2024-10,FY25,Legacy,,Midlands,117708.0,1226.0,21,4.47,1
P119,2024-11,FY25,Legacy,,Midlands,106284.0,1107.0,30,4.47,1
P119,2024-12,FY25,Legacy,,Midlands,102541.0,1068.0,19,4.47,1
P119,2025-01,FY25,Legacy,,Midlands,101950.0,1062.0,23,4.47,1
P119,2025-02,FY25,Legacy,,Midlands,115172.0,1200.0,28,4.47,1
P119,2025-03,FY25,Legacy,,Midlands,120654.0,1257.0,30,4.47,1
P120,2022-10,FY23,Legacy,,Midlands,68355.0,712.0,11,4.42,1
P120,2022-11,FY23,Legacy,,Midlands,60247.0,628.0,14,4.42,1
P120,2022-12,FY23,Legacy,,Midlands,61828.0,644.0,15,4.42,1
P120,2023-01,FY23,Legacy,,Midlands,64673.0,674.0,12,4.42,1
P120,2023-02,FY23,Legacy,,Midlands,70293.0,732.0,12,4.42,1
P120,2023-03,FY23,Legacy,,Midlands,68386.0,712.0,9,4.42,1
P120,2023-04,FY24,Legacy,,Midlands,68214.0,711.0,15,4.42,1
P120,2023-05,FY24,Legacy,,Midlands,81681.0,851.0,23,4.42,1
P120,2023-06,FY24,Legacy,,Midlands,74218.0,773.0,21,4.42,1
P120,2023-07,FY24,Legacy,,Midlands,58911.0,614.0,15,4.42,1
P120,2023-08,FY24,Legacy,,Midlands,66481.0,693.0,14,4.42,1
P120,2023-09,FY24,Legacy,,Midlands,73002.0,760.0,18,4.42,1
P120,2023-10,FY24,Legacy,,Midlands,65713.0,685.0,19,4.42,1
P120,2023-11,FY24,Legacy,,Midlands,62199.0,648.0,12,4.42,1
P120,2023-12,FY24,Legacy,,Midlands,55427.0,577.0,13,4.42,1
P120,2024-01,FY24,Legacy,,Midlands,67185.0,700.0,16,4.42,1
P120,2024-02,FY24,Legacy,,Midlands,57754.0,602.0,13,4.42,1
P120,2024-03,FY24,Legacy,,Midlands,69004.0,719.0,9,4.42,1
P120,2024-04,FY25,Legacy,,Midlands,67734.0,706.0,19,4.42,1
P120,2024-05,FY25,Legacy,,Midlands,68971.0,718.0,20,4.42,1
P120,2024-06,FY25,Legacy,,Midlands,74364.0,775.0,15,4.42,1
P120,2024-07,FY25,Legacy,,Midlands,68805.0,717.0,22,4.42,1
P120,2024-08,FY25,Legacy,,Midlands,69086.0,720.0,17,4.42,1
P120,2024-09,FY25,Legacy,,Midlands,75935.0,791.0,17,4.42,1
P120,2024-10,FY25,Legacy,,Midlands,75341.0,785.0,13,4.42,1
P120,2024-11,FY25,Legacy,,Midlands,76521.0,797.0,11,4.42,1
P120,2024-12,FY25,Legacy,,Midlands,63292.0,659.0,12,4.42,1
P120,2025-01,FY25,Legacy,,Midlands,69873.0,728.0,9,4.42,1
P120,2025-02,FY25,Legacy,,Midlands,63970.0,666.0,19,4.42,1
P120,2025-03,FY25,Legacy,,Midlands,78775.0,821.0,16,4.42,1
P121,2022-10,FY23,Legacy,,Midlands,58598.0,610.0,17,4.52,1
P121,2022-11,FY23,Legacy,,Midlands,64978.0,677.0,17,4.52,1
P121,2022-12,FY23,Legacy,,Midlands,60312.0,628.0,11,4.52,1
P121,2023-01,FY23,Legacy,,Midlands,72194.0,752.0,17,4.52,1
P121,2023-02,FY23,Legacy,,Midlands,62134.0,647.0,12,4.52,1
P121,2023-03,FY23,Legacy,,Midlands,66001.0,688.0,17,4.52,1
P121,2023-04,FY24,Legacy,,Midlands,64944.0,677.0,11,4.52,1
P121,2023-05,FY24,Legacy,,Midlands,59991.0,625.0,12,4.52,1
P121,2023-06,FY24,Legacy,,Midlands,71105.0,741.0,11,4.52,1
P121,2023-07,FY24,Legacy,,Midlands,66505.0,693.0,19,4.52,1
P121,2023-08,FY24,Legacy,,Midlands,64955.0,677.0,18,4.52,1
P121,2023-09,FY24,Legacy,,Midlands,68756.0,716.0,16,4.52,1
P121,2023-10,FY24,Legacy,,Midlands,67882.0,707.0,15,4.52,1
P121,2023-11,FY24,Legacy,,Midlands,61642.0,642.0,11,4.52,1
P121,2023-12,FY24,Legacy,,Midlands,66430.0,692.0,17,4.52,1
P121,2024-01,FY24,Legacy,,Midlands,70735.0,737.0,17,4.52,1
P121,2024-02,FY24,Legacy,,Midlands,62819.0,654.0,11,4.52,1
P121,2024-03,FY24,Legacy,,Midlands,69594.0,725.0,15,4.52,1
P121,2024-04,FY25,Legacy,,Midlands,68174.0,710.0,10,4.52,1
P121,2024-05,FY25,Legacy,,Midlands,69399.0,723.0,10,4.52,1
P121,2024-06,FY25,Legacy,,Midlands,68842.0,717.0,12,4.52,1
P121,2024-07,FY25,Legacy,,Midlands,76072.0,792.0,19,4.52,1
P121,2024-08,FY25,Legacy,,Midlands,59482.0,620.0,14,4.52,1
P121,2024-09,FY25,Legacy,,Midlands,73620.0,767.0,17,4.52,1
P121,2024-10,FY25,Legacy,,Midlands,69623.0,725.0,14,4.52,1
P121,2024-11,FY25,Legacy,,Midlands,68862.0,717.0,15,4.52,1
P121,2024-12,FY25,Legacy,,Midlands,66830.0,696.0,11,4.52,1
P121,2025-01,FY25,Legacy,,Midlands,66762.0,695.0,13,4.52,1
P121,2025-02,FY25,Legacy,,Midlands,64728.0,674.0,13,4.52,1
P121,2025-03,FY25,Legacy,,Midlands,69355.0,722.0,7,4.52,1
P122,2022-10,FY23,Legacy,,North West,103949.0,1083.0,27,4.66,1
P122,2022-11,FY23,Legacy,,North West,103677.0,1080.0,21,4.66,1
P122,2022-12,FY23,Legacy,,North West,94909.0,989.0,17,4.66,1
P122,2023-01,FY23,Legacy,,North West,104958.0,1093.0,24,4.66,1
P122,2023-02,FY23,Legacy,,North West,102969.0,1073.0,19,4.66,1
P122,2023-03,FY23,Legacy,,North West,112172.0,1168.0,20,4.66,1
P122,2023-04,FY24,Legacy,,North West,113960.0,1187.0,22,4.66,1
P122,2023-05,FY24,Legacy,,North West,119353.0,1243.0,31,4.66,1
P122,2023-06,FY24,Legacy,,North West,112874.0,1176.0,24,4.66,1
P122,2023-07,FY24,Legacy,,North West,119114.0,1241.0,21,4.66,1
P122,2023-08,FY24,Legacy,,North West,103062.0,1074.0,13,4.66,1
P122,2023-09,FY24,Legacy,,North West,103197.0,1075.0,25,4.66,1
P122,2023-10,FY24,Legacy,,North West,111667.0,1163.0,29,4.66,1
P122,2023-11,FY24,Legacy,,North West,110901.0,1155.0,30,4.66,1
P122,2023-12,FY24,Legacy,,North West,107072.0,1115.0,23,4.66,1
P122,2024-01,FY24,Legacy,,North West,120312.0,1253.0,23,4.66,1
P122,2024-02,FY24,Legacy,,North West,106723.0,1112.0,18,4.66,1
P122,2024-03,FY24,Legacy,,North West,128660.0,1340.0,27,4.66,1
P122,2024-04,FY25,Legacy,,North West,107612.0,1121.0,32,4.66,1
P122,2024-05,FY25,Legacy,,North West,119452.0,1244.0,22,4.66,1
P122,2024-06,FY25,Legacy,,North West,111630.0,1163.0,9,4.66,1
P122,2024-07,FY25,Legacy,,North West,113880.0,1186.0,21,4.66,1
P122,2024-08,FY25,Legacy,,North West,115665.0,1205.0,34,4.66,1
P122,2024-09,FY25,Legacy,,North West,118585.0,1235.0,31,4.66,1
P122,2024-10,FY25,Legacy,,North West,102647.0,1069.0,23,4.66,1
P122,2024-11,FY25,Legacy,,North West,121365.0,1264.0,20,4.66,1
P122,2024-12,FY25,Legacy,,North West,119981.0,1250.0,29,4.66,1
P122,2025-01,FY25,Legacy,,North West,129527.0,1349.0,27,4.66,1
P122,2025-02,FY25,Legacy,,North West,99262.0,1034.0,24,4.66,1
P122,2025-03,FY25,Legacy,,North West,111492.0,1161.0,15,4.66,1
P123,2022-10,FY23,Legacy,,South West,102751.0,1070.0,15,4.23,1
P123,2022-11,FY23,Legacy,,South West,97856.0,1019.0,29,4.23,1
P123,2022-12,FY23,Legacy,,South West,106693.0,1111.0,27,4.23,1
P123,2023-01,FY23,Legacy,,South West,104397.0,1087.0,20,4.23,1
P123,2023-02,FY23,Legacy,,South West,101588.0,1058.0,22,4.23,1
P123,2023-03,FY23,Legacy,,South West,121157.0,1262.0,31,4.23,1
P123,2023-04,FY24,Legacy,,South West,118207.0,1231.0,28,4.23,1
P123,2023-05,FY24,Legacy,,South West,127475.0,1328.0,28,4.23,1
P123,2023-06,FY24,Legacy,,South West,121965.0,1270.0,41,4.23,1
P123,2023-07,FY24,Legacy,,South West,100633.0,1048.0,25,4.23,1
P123,2023-08,FY24,Legacy,,South West,118194.0,1231.0,24,4.23,1
P123,2023-09,FY24,Legacy,,South West,111218.0,1159.0,23,4.23,1
P123,2023-10,FY24,Legacy,,South West,108843.0,1134.0,20,4.23,1
P123,2023-11,FY24,Legacy,,South West,118715.0,1237.0,32,4.23,1
P123,2023-12,FY24,Legacy,,South West,100974.0,1052.0,26,4.23,1
P123,2024-01,FY24,Legacy,,South West,124229.0,1294.0,20,4.23,1
P123,2024-02,FY24,Legacy,,South West,110711.0,1153.0,25,4.23,1
P123,2024-03,FY24,Legacy,,South West,115251.0,1201.0,26,4.23,1
P123,2024-04,FY25,Legacy,,South West,127742.0,1331.0,35,4.23,1
P123,2024-05,FY25,Legacy,,South West,125967.0,1312.0,30,4.23,1
P123,2024-06,FY25,Legacy,,South West,126091.0,1313.0,23,4.23,1
P123,2024-07,FY25,Legacy,,South West,120460.0,1255.0,28,4.23,1
P123,2024-08,FY25,Legacy,,South West,141289.0,1472.0,27,4.23,1
P123,2024-09,FY25,Legacy,,South West,150208.0,1565.0,32,4.23,1
P123,2024-10,FY25,Legacy,,South West,111036.0,1157.0,17,4.23,1
P123,2024-11,FY25,Legacy,,South West,113728.0,1185.0,24,4.23,1
P123,2024-12,FY25,Legacy,,South West,119531.0,1245.0,26,4.23,1
P123,2025-01,FY25,Legacy,,South West,115746.0,1206.0,20,4.23,1
P123,2025-02,FY25,Legacy,,South West,117479.0,1224.0,33,4.23,1
P123,2025-03,FY25,Legacy,,South West,128854.0,1342.0,36,4.23,1
P124,2022-10,FY23,Legacy,,South East,42611.0,444.0,7,4.7,1
P124,2022-11,FY23,Legacy,,South East,41639.0,434.0,7,4.7,1
P124,2022-12,FY23,Legacy,,South East,43474.0,453.0,10,4.7,1
P124,2023-01,FY23,Legacy,,South East,39439.0,411.0,9,4.7,1
P124,2023-02,FY23,Legacy,,South East,40543.0,422.0,15,4.7,1
P124,2023-03,FY23,Legacy,,South East,38783.0,404.0,12,4.7,1
P124,2023-04,FY24,Legacy,,South East,51331.0,535.0,9,4.7,1
P124,2023-05,FY24,Legacy,,South East,47009.0,490.0,10,4.7,1
P124,2023-06,FY24,Legacy,,South East,47349.0,493.0,9,4.7,1
P124,2023-07,FY24,Legacy,,South East,44336.0,462.0,10,4.7,1
P124,2023-08,FY24,Legacy,,South East,51706.0,539.0,8,4.7,1
P124,2023-09,FY24,Legacy,,South East,44836.0,467.0,11,4.7,1
P124,2023-10,FY24,Legacy,,South East,44527.0,464.0,14,4.7,1
P124,2023-11,FY24,Legacy,,South East,43826.0,457.0,8,4.7,1
P124,2023-12,FY24,Legacy,,South East,38272.0,399.0,9,4.7,1
P124,2024-01,FY24,Legacy,,South East,47156.0,491.0,14,4.7,1
P124,2024-02,FY24,Legacy,,South East,42769.0,446.0,12,4.7,1
P124,2024-03,FY24,Legacy,,South East,47283.0,493.0,12,4.7,1
P124,2024-04,FY25,Legacy,,South East,47498.0,495.0,11,4.7,1
P124,2024-05,FY25,Legacy,,South East,43102.0,449.0,16,4.7,1
P124,2024-06,FY25,Legacy,,South East,49608.0,517.0,10,4.7,1
P124,2024-07,FY25,Legacy,,South East,48365.0,504.0,20,4.7,1
P124,2024-08,FY25,Legacy,,South East,52264.0,544.0,15,4.7,1
P124,2024-09,FY25,Legacy,,South East,56234.0,586.0,9,4.7,1
P124,2024-10,FY25,Legacy,,South East,46608.0,485.0,12,4.7,1
P124,2024-11,FY25,Legacy,,South East,45052.0,469.0,12,4.7,1
P124,2024-12,FY25,Legacy,,South East,48131.0,501.0,6,4.7,1
P124,2025-01,FY25,Legacy,,South East,48425.0,504.0,11,4.7,1
P124,2025-02,FY25,Legacy,,South East,47357.0,493.0,13,4.7,1
P124,2025-03,FY25,Legacy,,South East,56455.0,588.0,9,4.7,1
P125,2022-10,FY23,Legacy,,North East,75979.0,791.0,19,4.44,1
P125,2022-11,FY23,Legacy,,North East,72789.0,758.0,12,4.44,1
P125,2022-12,FY23,Legacy,,North East,69872.0,728.0,19,4.44,1
P125,2023-01,FY23,Legacy,,North East,81967.0,854.0,24,4.44,1
P125,2023-02,FY23,Legacy,,North East,63279.0,659.0,19,4.44,1
P125,2023-03,FY23,Legacy,,North East,74964.0,781.0,13,4.44,1
P125,2023-04,FY24,Legacy,,North East,83980.0,875.0,10,4.44,1
P125,2023-05,FY24,Legacy,,North East,70074.0,730.0,12,4.44,1
P125,2023-06,FY24,Legacy,,North East,76220.0,794.0,13,4.44,1
P125,2023-07,FY24,Legacy,,North East,83722.0,872.0,25,4.44,1
P125,2023-08,FY24,Legacy,,North East,74888.0,780.0,19,4.44,1
P125,2023-09,FY24,Legacy,,North East,75357.0,785.0,15,4.44,1
P125,2023-10,FY24,Legacy,,North East,76629.0,798.0,15,4.44,1
P125,2023-11,FY24,Legacy,,North East,68145.0,710.0,13,4.44,1
P125,2023-12,FY24,Legacy,,North East,69350.0,722.0,16,4.44,1
P125,2024-01,FY24,Legacy,,North East,68985.0,719.0,14,4.44,1
P125,2024-02,FY24,Legacy,,North East,70290.0,732.0,18,4.44,1
P125,2024-03,FY24,Legacy,,North East,66910.0,697.0,20,4.44,1
P125,2024-04,FY25,Legacy,,North East,75136.0,783.0,11,4.44,1
P125,2024-05,FY25,Legacy,,North East,87995.0,917.0,28,4.44,1
P125,2024-06,FY25,Legacy,,North East,87538.0,912.0,15,4.44,1
P125,2024-07,FY25,Legacy,,North East,79817.0,831.0,18,4.44,1
P125,2024-08,FY25,Legacy,,North East,91059.0,949.0,21,4.44,1
P125,2024-09,FY25,Legacy,,North East,69804.0,727.0,12,4.44,1
P125,2024-10,FY25,Legacy,,North East,84444.0,880.0,14,4.44,1
P125,2024-11,FY25,Legacy,,North East,87564.0,912.0,15,4.44,1
P125,2024-12,FY25,Legacy,,North East,74043.0,771.0,18,4.44,1
P125,2025-01,FY25,Legacy,,North East,76282.0,795.0,18,4.44,1
P125,2025-02,FY25,Legacy,,North East,89833.0,936.0,18,4.44,1
P125,2025-03,FY25,Legacy,,North East,78786.0,821.0,16,4.44,1
P126,2022-10,FY23,Legacy,,North East,56620.0,590.0,6,4.62,1
P126,2022-11,FY23,Legacy,,North East,49757.0,518.0,18,4.62,1
P126,2022-12,FY23,Legacy,,North East,53564.0,558.0,9,4.62,1
P126,2023-01,FY23,Legacy,,North East,58318.0,607.0,8,4.62,1
P126,2023-02,FY23,Legacy,,North East,51508.0,537.0,15,4.62,1
P126,2023-03,FY23,Legacy,,North East,53328.0,556.0,7,4.62,1
P126,2023-04,FY24,Legacy,,North East,53876.0,561.0,12,4.62,1
P126,2023-05,FY24,Legacy,,North East,59902.0,624.0,14,4.62,1
P126,2023-06,FY24,Legacy,,North East,64515.0,672.0,12,4.62,1
P126,2023-07,FY24,Legacy,,North East,60709.0,632.0,13,4.62,1
P126,2023-08,FY24,Legacy,,North East,60238.0,627.0,8,4.62,1
P126,2023-09,FY24,Legacy,,North East,61886.0,645.0,14,4.62,1
P126,2023-10,FY24,Legacy,,North East,55648.0,580.0,15,4.62,1
P126,2023-11,FY24,Legacy,,North East,55768.0,581.0,9,4.62,1
P126,2023-12,FY24,Legacy,,North East,50423.0,525.0,9,4.62,1
P126,2024-01,FY24,Legacy,,North East,59374.0,618.0,11,4.62,1
P126,2024-02,FY24,Legacy,,North East,59226.0,617.0,18,4.62,1
P126,2024-03,FY24,Legacy,,North East,66563.0,693.0,10,4.62,1
P126,2024-04,FY25,Legacy,,North East,61175.0,637.0,10,4.62,1
P126,2024-05,FY25,Legacy,,North East,65299.0,680.0,14,4.62,1
P126,2024-06,FY25,Legacy,,North East,69209.0,721.0,18,4.62,1
P126,2024-07,FY25,Legacy,,North East,61891.0,645.0,12,4.62,1
P126,2024-08,FY25,Legacy,,North East,58814.0,613.0,16,4.62,1
P126,2024-09,FY25,Legacy,,North East,74127.0,772.0,9,4.62,1
P126,2024-10,FY25,Legacy,,North East,64453.0,671.0,15,4.62,1
P126,2024-11,FY25,Legacy,,North East,62282.0,649.0,13,4.62,1
P126,2024-12,FY25,Legacy,,North East,57294.0,597.0,15,4.62,1
P126,2025-01,FY25,Legacy,,North East,67051.0,698.0,11,4.62,1
P126,2025-02,FY25,Legacy,,North East,60533.0,631.0,10,4.62,1
P126,2025-03,FY25,Legacy,,North East,58948.0,614.0,13,4.62,1
P127,2022-10,FY23,Legacy,,Scotland,68038.0,709.0,19,4.56,1
P127,2022-11,FY23,Legacy,,Scotland,60527.0,630.0,9,4.56,1
P127,2022-12,FY23,Legacy,,Scotland,61273.0,638.0,12,4.56,1
P127,2023-01,FY23,Legacy,,Scotland,59190.0,617.0,15,4.56,1
P127,2023-02,FY23,Legacy,,Scotland,61040.0,636.0,18,4.56,1
P127,2023-03,FY23,Legacy,,Scotland,58511.0,609.0,11,4.56,1
P127,2023-04,FY24,Legacy,,Scotland,64492.0,672.0,18,4.56,1
P127,2023-05,FY24,Legacy,,Scotland,65526.0,683.0,12,4.56,1
P127,2023-06,FY24,Legacy,,Scotland,55779.0,581.0,22,4.56,1
P127,2023-07,FY24,Legacy,,Scotland,64485.0,672.0,10,4.56,1
P127,2023-08,FY24,Legacy,,Scotland,69649.0,726.0,14,4.56,1
P127,2023-09,FY24,Legacy,,Scotland,58553.0,610.0,11,4.56,1
P127,2023-10,FY24,Legacy,,Scotland,67284.0,701.0,13,4.56,1
P127,2023-11,FY24,Legacy,,Scotland,57880.0,603.0,13,4.56,1
P127,2023-12,FY24,Legacy,,Scotland,71621.0,746.0,17,4.56,1
P127,2024-01,FY24,Legacy,,Scotland,63657.0,663.0,21,4.56,1
P127,2024-02,FY24,Legacy,,Scotland,64162.0,668.0,18,4.56,1
P127,2024-03,FY24,Legacy,,Scotland,77555.0,808.0,20,4.56,1
P127,2024-04,FY25,Legacy,,Scotland,61681.0,643.0,14,4.56,1
P127,2024-05,FY25,Legacy,,Scotland,66206.0,690.0,15,4.56,1
P127,2024-06,FY25,Legacy,,Scotland,66803.0,696.0,16,4.56,1
P127,2024-07,FY25,Legacy,,Scotland,70389.0,733.0,13,4.56,1
P127,2024-08,FY25,Legacy,,Scotland,67608.0,704.0,13,4.56,1
P127,2024-09,FY25,Legacy,,Scotland,78437.0,817.0,20,4.56,1
P127,2024-10,FY25,Legacy,,Scotland,71501.0,745.0,15,4.56,1
P127,2024-11,FY25,Legacy,,Scotland,73852.0,769.0,21,4.56,1
P127,2024-12,FY25,Legacy,,Scotland,61188.0,637.0,9,4.56,1
P127,2025-01,FY25,Legacy,,Scotland,72306.0,753.0,16,4.56,1
P127,2025-02,FY25,Legacy,,Scotland,60321.0,628.0,14,4.56,1
P127,2025-03,FY25,Legacy,,Scotland,62201.0,648.0,18,4.56,1
P128,2022-10,FY23,Legacy,,Scotland,52661.0,549.0,16,4.69,1
P128,2022-11,FY23,Legacy,,Scotland,54208.0,565.0,19,4.69,1
P128,2022-12,FY23,Legacy,,Scotland,48974.0,510.0,8,4.69,1
P128,2023-01,FY23,Legacy,,Scotland,50766.0,529.0,8,4.69,1
P128,2023-02,FY23,Legacy,,Scotland,48664.0,507.0,9,4.69,1
P128,2023-03,FY23,Legacy,,Scotland,49046.0,511.0,9,4.69,1
P128,2023-04,FY24,Legacy,,Scotland,57689.0,601.0,10,4.69,1
P128,2023-05,FY24,Legacy,,Scotland,55682.0,580.0,12,4.69,1
P128,2023-06,FY24,Legacy,,Scotland,61838.0,644.0,13,4.69,1
P128,2023-07,FY24,Legacy,,Scotland,55188.0,575.0,7,4.69,1
P128,2023-08,FY24,Legacy,,Scotland,52846.0,550.0,9,4.69,1
P128,2023-09,FY24,Legacy,,Scotland,55652.0,580.0,10,4.69,1
P128,2023-10,FY24,Legacy,,Scotland,63255.0,659.0,13,4.69,1
P128,2023-11,FY24,Legacy,,Scotland,54524.0,568.0,11,4.69,1
P128,2023-12,FY24,Legacy,,Scotland,53226.0,554.0,11,4.69,1
P128,2024-01,FY24,Legacy,,Scotland,51440.0,536.0,10,4.69,1
P128,2024-02,FY24,Legacy,,Scotland,55604.0,579.0,14,4.69,1
P128,2024-03,FY24,Legacy,,Scotland,60822.0,634.0,11,4.69,1
P128,2024-04,FY25,Legacy,,Scotland,53790.0,560.0,13,4.69,1
P128,2024-05,FY25,Legacy,,Scotland,67603.0,704.0,11,4.69,1
P128,2024-06,FY25,Legacy,,Scotland,52866.0,551.0,13,4.69,1
P128,2024-07,FY25,Legacy,,Scotland,63200.0,658.0,14,4.69,1
P128,2024-08,FY25,Legacy,,Scotland,57148.0,595.0,17,4.69,1
P128,2024-09,FY25,Legacy,,Scotland,56685.0,590.0,14,4.69,1
P128,2024-10,FY25,Legacy,,Scotland,59882.0,624.0,16,4.69,1
P128,2024-11,FY25,Legacy,,Scotland,53208.0,554.0,13,4.69,1
P128,2024-12,FY25,Legacy,,Scotland,55740.0,581.0,10,4.69,1
P128,2025-01,FY25,Legacy,,Scotland,56046.0,584.0,5,4.69,1
P128,2025-02,FY25,Legacy,,Scotland,53122.0,553.0,13,4.69,1
P128,2025-03,FY25,Legacy,,Scotland,67473.0,703.0,12,4.69,1
P129,2022-10,FY23,Legacy,,Midlands,66501.0,693.0,15,4.49,1
P129,2022-11,FY23,Legacy,,Midlands,61521.0,641.0,14,4.49,1
P129,2022-12,FY23,Legacy,,Midlands,53487.0,557.0,13,4.49,1
P129,2023-01,FY23,Legacy,,Midlands,58781.0,612.0,7,4.49,1
P129,2023-02,FY23,Legacy,,Midlands,66429.0,692.0,19,4.49,1
P129,2023-03,FY23,Legacy,,Midlands,62123.0,647.0,11,4.49,1
P129,2023-04,FY24,Legacy,,Midlands,62610.0,652.0,16,4.49,1
P129,2023-05,FY24,Legacy,,Midlands,65436.0,682.0,17,4.49,1
P129,2023-06,FY24,Legacy,,Midlands,74154.0,772.0,15,4.49,1
P129,2023-07,FY24,Legacy,,Midlands,64951.0,677.0,11,4.49,1
P129,2023-08,FY24,Legacy,,Midlands,63847.0,665.0,10,4.49,1
P129,2023-09,FY24,Legacy,,Midlands,52951.0,552.0,14,4.49,1
P129,2023-10,FY24,Legacy,,Midlands,59576.0,621.0,16,4.49,1
P129,2023-11,FY24,Legacy,,Midlands,63848.0,665.0,15,4.49,1
P129,2023-12,FY24,Legacy,,Midlands,62553.0,652.0,8,4.49,1
P129,2024-01,FY24,Legacy,,Midlands,64719.0,674.0,18,4.49,1
P129,2024-02,FY24,Legacy,,Midlands,59691.0,622.0,17,4.49,1
P129,2024-03,FY24,Legacy,,Midlands,62399.0,650.0,16,4.49,1
P129,2024-04,FY25,Legacy,,Midlands,58593.0,610.0,9,4.49,1
P129,2024-05,FY25,Legacy,,Midlands,65814.0,686.0,14,4.49,1
P129,2024-06,FY25,Legacy,,Midlands,78394.0,817.0,22,4.49,1
P129,2024-07,FY25,Legacy,,Midlands,69648.0,726.0,11,4.49,1
P129,2024-08,FY25,Legacy,,Midlands,65472.0,682.0,16,4.49,1
P129,2024-09,FY25,Legacy,,Midlands,76905.0,801.0,14,4.49,1
P129,2024-10,FY25,Legacy,,Midlands,63714.0,664.0,19,4.49,1
P129,2024-11,FY25,Legacy,,Midlands,71113.0,741.0,14,4.49,1
P129,2024-12,FY25,Legacy,,Midlands,64339.0,670.0,14,4.49,1
P129,2025-01,FY25,Legacy,,Midlands,65804.0,685.0,12,4.49,1
P129,2025-02,FY25,Legacy,,Midlands,64523.0,672.0,6,4.49,1
P129,2025-03,FY25,Legacy,,Midlands,65555.0,683.0,18,4.49,1
P130,2022-10,FY23,Legacy,,Wales,99219.0,1034.0,24,4.86,1
P130,2022-11,FY23,Legacy,,Wales,101196.0,1054.0,23,4.86,1
P130,2022-12,FY23,Legacy,,Wales,83094.0,866.0,17,4.86,1
P130,2023-01,FY23,Legacy,,Wales,108137.0,1126.0,16,4.86,1
P130,2023-02,FY23,Legacy,,Wales,105116.0,1095.0,18,4.86,1
P130,2023-03,FY23,Legacy,,Wales,112689.0,1174.0,18,4.86,1
P130,2023-04,FY24,Legacy,,Wales,118858.0,1238.0,30,4.86,1
P130,2023-05,FY24,Legacy,,Wales,100208.0,1044.0,22,4.86,1
P130,2023-06,FY24,Legacy,,Wales,118680.0,1236.0,30,4.86,1
P130,2023-07,FY24,Legacy,,Wales,100341.0,1045.0,24,4.86,1
P130,2023-08,FY24,Legacy,,Wales,112939.0,1176.0,20,4.86,1
P130,2023-09,FY24,Legacy,,Wales,113490.0,1182.0,23,4.86,1
P130,2023-10,FY24,Legacy,,Wales,109349.0,1139.0,23,4.86,1
P130,2023-11,FY24,Legacy,,Wales,106351.0,1108.0,28,4.86,1
P130,2023-12,FY24,Legacy,,Wales,106071.0,1105.0,26,4.86,1
P130,2024-01,FY24,Legacy,,Wales,105878.0,1103.0,12,4.86,1
P130,2024-02,FY24,Legacy,,Wales,105305.0,1097.0,24,4.86,1
P130,2024-03,FY24,Legacy,,Wales,106391.0,1108.0,14,4.86,1
P130,2024-04,FY25,Legacy,,Wales,120455.0,1255.0,31,4.86,1
P130,2024-05,FY25,Legacy,,Wales,117717.0,1226.0,20,4.86,1
P130,2024-06,FY25,Legacy,,Wales,116044.0,1209.0,32,4.86,1
P130,2024-07,FY25,Legacy,,Wales,112214.0,1169.0,25,4.86,1
P130,2024-08,FY25,Legacy,,Wales,114126.0,1189.0,23,4.86,1
P130,2024-09,FY25,Legacy,,Wales,105703.0,1101.0,22,4.86,1
P130,2024-10,FY25,Legacy,,Wales,124254.0,1294.0,26,4.86,1
P130,2024-11,FY25,Legacy,,Wales,110132.0,1147.0,20,4.86,1
P130,2024-12,FY25,Legacy,,Wales,116670.0,1215.0,25,4.86,1
P130,2025-01,FY25,Legacy,,Wales,99196.0,1033.0,19,4.86,1
P130,2025-02,FY25,Legacy,,Wales,102330.0,1066.0,24,4.86,1
P130,2025-03,FY25,Legacy,,Wales,119349.0,1243.0,26,4.86,1
P131,2022-10,FY23,Legacy,,Scotland,71095.0,741.0,14,4.36,1
P131,2022-11,FY23,Legacy,,Scotland,63048.0,657.0,21,4.36,1
P131,2022-12,FY23,Legacy,,Scotland,73314.0,764.0,20,4.36,1
P131,2023-01,FY23,Legacy,,Scotland,66891.0,697.0,13,4.36,1
P131,2023-02,FY23,Legacy,,Scotland,68419.0,713.0,17,4.36,1
P131,2023-03,FY23,Legacy,,Scotland,75725.0,789.0,11,4.36,1
P131,2023-04,FY24,Legacy,,Scotland,78651.0,819.0,16,4.36,1
P131,2023-05,FY24,Legacy,,Scotland,68708.0,716.0,15,4.36,1
P131,2023-06,FY24,Legacy,,Scotland,74780.0,779.0,16,4.36,1
P131,2023-07,FY24,Legacy,,Scotland,72788.0,758.0,20,4.36,1
P131,2023-08,FY24,Legacy,,Scotland,81305.0,847.0,15,4.36,1
P131,2023-09,FY24,Legacy,,Scotland,79808.0,831.0,17,4.36,1
P131,2023-10,FY24,Legacy,,Scotland,64702.0,674.0,9,4.36,1
P131,2023-11,FY24,Legacy,,Scotland,63619.0,663.0,14,4.36,1
P131,2023-12,FY24,Legacy,,Scotland,62564.0,652.0,17,4.36,1
P131,2024-01,FY24,Legacy,,Scotland,70402.0,733.0,13,4.36,1
P131,2024-02,FY24,Legacy,,Scotland,66676.0,695.0,16,4.36,1
P131,2024-03,FY24,Legacy,,Scotland,80472.0,838.0,25,4.36,1
P131,2024-04,FY25,Legacy,,Scotland,68407.0,713.0,14,4.36,1
P131,2024-05,FY25,Legacy,,Scotland,79783.0,831.0,12,4.36,1
P131,2024-06,FY25,Legacy,,Scotland,74112.0,772.0,15,4.36,1
P131,2024-07,FY25,Legacy,,Scotland,86453.0,901.0,17,4.36,1
P131,2024-08,FY25,Legacy,,Scotland,74018.0,771.0,19,4.36,1
P131,2024-09,FY25,Legacy,,Scotland,75492.0,786.0,17,4.36,1
P131,2024-10,FY25,Legacy,,Scotland,77498.0,807.0,20,4.36,1
P131,2024-11,FY25,Legacy,,Scotland,73166.0,762.0,21,4.36,1
P131,2024-12,FY25,Legacy,,Scotland,68413.0,713.0,17,4.36,1
P131,2025-01,FY25,Legacy,,Scotland,77703.0,809.0,22,4.36,1
P131,2025-02,FY25,Legacy,,Scotland,61246.0,638.0,17,4.36,1
P131,2025-03,FY25,Legacy,,Scotland,72525.0,755.0,15,4.36,1
P132,2022-10,FY23,Legacy,,Scotland,50844.0,530.0,17,4.44,1
P132,2022-11,FY23,Legacy,,Scotland,61703.0,643.0,10,4.44,1
P132,2022-12,FY23,Legacy,,Scotland,56925.0,593.0,12,4.44,1
P132,2023-01,FY23,Legacy,,Scotland,57694.0,601.0,9,4.44,1
P132,2023-02,FY23,Legacy,,Scotland,61928.0,645.0,18,4.44,1
P132,2023-03,FY23,Legacy,,Scotland,70230.0,732.0,12,4.44,1
P132,2023-04,FY24,Legacy,,Scotland,64336.0,670.0,17,4.44,1
P132,2023-05,FY24,Legacy,,Scotland,72117.0,751.0,11,4.44,1
P132,2023-06,FY24,Legacy,,Scotland,66721.0,695.0,12,4.44,1
P132,2023-07,FY24,Legacy,,Scotland,67229.0,700.0,16,4.44,1
P132,2023-08,FY24,Legacy,,Scotland,62223.0,648.0,13,4.44,1
P132,2023-09,FY24,Legacy,,Scotland,66179.0,689.0,15,4.44,1
P132,2023-10,FY24,Legacy,,Scotland,71229.0,742.0,19,4.44,1
P132,2023-11,FY24,Legacy,,Scotland,63707.0,664.0,19,4.44,1
P132,2023-12,FY24,Legacy,,Scotland,58827.0,613.0,10,4.44,1
P132,2024-01,FY24,Legacy,,Scotland,68199.0,710.0,15,4.44,1
P132,2024-02,FY24,Legacy,,Scotland,54158.0,564.0,9,4.44,1
P132,2024-03,FY24,Legacy,,Scotland,74279.0,774.0,22,4.44,1
P132,2024-04,FY25,Legacy,,Scotland,71715.0,747.0,22,4.44,1
P132,2024-05,FY25,Legacy,,Scotland,77196.0,804.0,17,4.44,1
P132,2024-06,FY25,Legacy,,Scotland,70571.0,735.0,14,4.44,1
P132,2024-07,FY25,Legacy,,Scotland,73245.0,763.0,14,4.44,1
P132,2024-08,FY25,Legacy,,Scotland,68922.0,718.0,17,4.44,1
P132,2024-09,FY25,Legacy,,Scotland,74579.0,777.0,16,4.44,1
P132,2024-10,FY25,Legacy,,Scotland,81387.0,848.0,11,4.44,1
P132,2024-11,FY25,Legacy,,Scotland,67503.0,703.0,17,4.44,1
P132,2024-12,FY25,Legacy,,Scotland,71782.0,748.0,15,4.44,1
P132,2025-01,FY25,Legacy,,Scotland,69714.0,726.0,17,4.44,1
P132,2025-02,FY25,Legacy,,Scotland,71916.0,749.0,17,4.44,1
P132,2025-03,FY25,Legacy,,Scotland,69269.0,722.0,16,4.44,1
P133,2022-10,FY23,Legacy,,Midlands,120666.0,1257.0,32,4.52,1
P133,2022-11,FY23,Legacy,,Midlands,110482.0,1151.0,36,4.52,1
P133,2022-12,FY23,Legacy,,Midlands,94604.0,985.0,18,4.52,1
P133,2023-01,FY23,Legacy,,Midlands,110392.0,1150.0,26,4.52,1
P133,2023-02,FY23,Legacy,,Midlands,90099.0,939.0,15,4.52,1
P133,2023-03,FY23,Legacy,,Midlands,121658.0,1267.0,33,4.52,1
P133,2023-04,FY24,Legacy,,Midlands,132604.0,1381.0,24,4.52,1
P133,2023-05,FY24,Legacy,,Midlands,128346.0,1337.0,19,4.52,1
P133,2023-06,FY24,Legacy,,Midlands,107032.0,1115.0,18,4.52,1
P133,2023-07,FY24,Legacy,,Midlands,108079.0,1126.0,20,4.52,1
P133,2023-08,FY24,Legacy,,Midlands,114496.0,1193.0,14,4.52,1
P133,2023-09,FY24,Legacy,,Midlands,112565.0,1173.0,39,4.52,1
P133,2023-10,FY24,Legacy,,Midlands,111704.0,1164.0,27,4.52,1
P133,2023-11,FY24,Legacy,,Midlands,104749.0,1091.0,31,4.52,1
P133,2023-12,FY24,Legacy,,Midlands,104963.0,1093.0,32,4.52,1
P133,2024-01,FY24,Legacy,,Midlands,107013.0,1115.0,23,4.52,1
P133,2024-02,FY24,Legacy,,Midlands,114421.0,1192.0,27,4.52,1
P133,2024-03,FY24,Legacy,,Midlands,128443.0,1338.0,33,4.52,1
P133,2024-04,FY25,Legacy,,Midlands,123905.0,1291.0,25,4.52,1
P133,2024-05,FY25,Legacy,,Midlands,126695.0,1320.0,30,4.52,1
P133,2024-06,FY25,Legacy,,Midlands,119750.0,1247.0,33,4.52,1
P133,2024-07,FY25,Legacy,,Midlands,123913.0,1291.0,27,4.52,1
P133,2024-08,FY25,Legacy,,Midlands,122040.0,1271.0,28,4.52,1
P133,2024-09,FY25,Legacy,,Midlands,109984.0,1146.0,22,4.52,1
P133,2024-10,FY25,Legacy,,Midlands,123267.0,1284.0,28,4.52,1
P133,2024-11,FY25,Legacy,,Midlands,118838.0,1238.0,30,4.52,1
P133,2024-12,FY25,Legacy,,Midlands,108474.0,1130.0,33,4.52,1
P133,2025-01,FY25,Legacy,,Midlands,108931.0,1135.0,23,4.52,1
P133,2025-02,FY25,Legacy,,Midlands,95418.0,994.0,22,4.52,1
P133,2025-03,FY25,Legacy,,Midlands,121479.0,1265.0,27,4.52,1
P134,2022-10,FY23,Legacy,,South West,112570.0,1173.0,30,4.41,1
P134,2022-11,FY23,Legacy,,South West,83937.0,874.0,13,4.41,1
P134,2022-12,FY23,Legacy,,South West,98213.0,1023.0,23,4.41,1
P134,2023-01,FY23,Legacy,,South West,104729.0,1091.0,32,4.41,1
P134,2023-02,FY23,Legacy,,South West,82170.0,856.0,19,4.41,1
P134,2023-03,FY23,Legacy,,South West,102951.0,1072.0,23,4.41,1
P134,2023-04,FY24,Legacy,,South West,112855.0,1176.0,30,4.41,1
P134,2023-05,FY24,Legacy,,South West,114711.0,1195.0,28,4.41,1
P134,2023-06,FY24,Legacy,,South West,116543.0,1214.0,37,4.41,1
P134,2023-07,FY24,Legacy,,South West,120480.0,1255.0,25,4.41,1
P134,2023-08,FY24,Legacy,,South West,115146.0,1199.0,21,4.41,1
P134,2023-09,FY24,Legacy,,South West,105902.0,1103.0,29,4.41,1
P134,2023-10,FY24,Legacy,,South West,109896.0,1145.0,31,4.41,1
P134,2023-11,FY24,Legacy,,South West,108412.0,1129.0,22,4.41,1
P134,2023-12,FY24,Legacy,,South West,104689.0,1091.0,26,4.41,1
P134,2024-01,FY24,Legacy,,South West,110061.0,1146.0,21,4.41,1
P134,2024-02,FY24,Legacy,,South West,111566.0,1162.0,26,4.41,1
P134,2024-03,FY24,Legacy,,South West,112093.0,1168.0,20,4.41,1
P134,2024-04,FY25,Legacy,,South West,116159.0,1210.0,28,4.41,1
P134,2024-05,FY25,Legacy,,South West,126122.0,1314.0,30,4.41,1
P134,2024-06,FY25,Legacy,,South West,140275.0,1461.0,35,4.41,1
P134,2024-07,FY25,Legacy,,South West,110855.0,1155.0,22,4.41,1
P134,2024-08,FY25,Legacy,,South West,101456.0,1057.0,18,4.41,1
P134,2024-09,FY25,Legacy,,South West,116927.0,1218.0,21,4.41,1
P134,2024-10,FY25,Legacy,,South West,126749.0,1320.0,21,4.41,1
P134,2024-11,FY25,Legacy,,South West,111062.0,1157.0,30,4.41,1
P134,2024-12,FY25,Legacy,,South West,103802.0,1081.0,20,4.41,1
P134,2025-01,FY25,Legacy,,South West,111683.0,1163.0,17,4.41,1
P134,2025-02,FY25,Legacy,,South West,103001.0,1073.0,25,4.41,1
P134,2025-03,FY25,Legacy,,South West,95108.0,991.0,11,4.41,1
P135,2022-10,FY23,Legacy,,South East,91703.0,955.0,24,4.38,1
P135,2022-11,FY23,Legacy,,South East,116100.0,1209.0,30,4.38,1
P135,2022-12,FY23,Legacy,,South East,86269.0,899.0,30,4.38,1
P135,2023-01,FY23,Legacy,,South East,122601.0,1277.0,24,4.38,1
P135,2023-02,FY23,Legacy,,South East,94340.0,983.0,14,4.38,1
P135,2023-03,FY23,Legacy,,South East,105819.0,1102.0,32,4.38,1
P135,2023-04,FY24,Legacy,,South East,98002.0,1021.0,21,4.38,1
P135,2023-05,FY24,Legacy,,South East,103552.0,1079.0,18,4.38,1
P135,2023-06,FY24,Legacy,,South East,113804.0,1185.0,20,4.38,1
P135,2023-07,FY24,Legacy,,South East,111928.0,1166.0,29,4.38,1
P135,2023-08,FY24,Legacy,,South East,103026.0,1073.0,21,4.38,1
P135,2023-09,FY24,Legacy,,South East,121297.0,1264.0,28,4.38,1
P135,2023-10,FY24,Legacy,,South East,113265.0,1180.0,23,4.38,1
P135,2023-11,FY24,Legacy,,South East,113797.0,1185.0,25,4.38,1
P135,2023-12,FY24,Legacy,,South East,106871.0,1113.0,21,4.38,1
P135,2024-01,FY24,Legacy,,South East,96639.0,1007.0,29,4.38,1
P135,2024-02,FY24,Legacy,,South East,93536.0,974.0,16,4.38,1
P135,2024-03,FY24,Legacy,,South East,109942.0,1145.0,19,4.38,1
P135,2024-04,FY25,Legacy,,South East,111403.0,1160.0,26,4.38,1
P135,2024-05,FY25,Legacy,,South East,129409.0,1348.0,28,4.38,1
P135,2024-06,FY25,Legacy,,South East,107880.0,1124.0,24,4.38,1
P135,2024-07,FY25,Legacy,,South East,123205.0,1283.0,19,4.38,1
P135,2024-08,FY25,Legacy,,South East,128577.0,1339.0,22,4.38,1
P135,2024-09,FY25,Legacy,,South East,130461.0,1359.0,33,4.38,1
P135,2024-10,FY25,Legacy,,South East,117488.0,1224.0,25,4.38,1
P135,2024-11,FY25,Legacy,,South East,118528.0,1235.0,27,4.38,1
P135,2024-12,FY25,Legacy,,South East,111187.0,1158.0,20,4.38,1
P135,2025-01,FY25,Legacy,,South East,114665.0,1194.0,28,4.38,1
P135,2025-02,FY25,Legacy,,South East,109095.0,1136.0,23,4.38,1
P135,2025-03,FY25,Legacy,,South East,111722.0,1164.0,17,4.38,1
P136,2022-10,FY23,Legacy,,Scotland,81641.0,850.0,23,4.61,1
P136,2022-11,FY23,Legacy,,Scotland,76551.0,797.0,22,4.61,1
P136,2022-12,FY23,Legacy,,Scotland,70539.0,735.0,15,4.61,1
P136,2023-01,FY23,Legacy,,Scotland,86755.0,904.0,25,4.61,1
P136,2023-02,FY23,Legacy,,Scotland,76696.0,799.0,22,4.61,1
P136,2023-03,FY23,Legacy,,Scotland,76823.0,800.0,11,4.61,1
P136,2023-04,FY24,Legacy,,Scotland,76850.0,801.0,12,4.61,1
P136,2023-05,FY24,Legacy,,Scotland,86731.0,903.0,22,4.61,1
P136,2023-06,FY24,Legacy,,Scotland,85265.0,888.0,25,4.61,1
P136,2023-07,FY24,Legacy,,Scotland,86078.0,897.0,28,4.61,1
P136,2023-08,FY24,Legacy,,Scotland,85667.0,892.0,21,4.61,1
P136,2023-09,FY24,Legacy,,Scotland,82651.0,861.0,25,4.61,1
P136,2023-10,FY24,Legacy,,Scotland,97592.0,1017.0,20,4.61,1
P136,2023-11,FY24,Legacy,,Scotland,75210.0,783.0,20,4.61,1
P136,2023-12,FY24,Legacy,,Scotland,76582.0,798.0,14,4.61,1
P136,2024-01,FY24,Legacy,,Scotland,76241.0,794.0,18,4.61,1
P136,2024-02,FY24,Legacy,,Scotland,88408.0,921.0,13,4.61,1
P136,2024-03,FY24,Legacy,,Scotland,84595.0,881.0,20,4.61,1
P136,2024-04,FY25,Legacy,,Scotland,93790.0,977.0,29,4.61,1
P136,2024-05,FY25,Legacy,,Scotland,76441.0,796.0,12,4.61,1
P136,2024-06,FY25,Legacy,,Scotland,84463.0,880.0,20,4.61,1
P136,2024-07,FY25,Legacy,,Scotland,93005.0,969.0,20,4.61,1
P136,2024-08,FY25,Legacy,,Scotland,87445.0,911.0,24,4.61,1
P136,2024-09,FY25,Legacy,,Scotland,84095.0,876.0,13,4.61,1
P136,2024-10,FY25,Legacy,,Scotland,83542.0,870.0,11,4.61,1
P136,2024-11,FY25,Legacy,,Scotland,81659.0,851.0,9,4.61,1
P136,2024-12,FY25,Legacy,,Scotland,74517.0,776.0,18,4.61,1
P136,2025-01,FY25,Legacy,,Scotland,88177.0,919.0,12,4.61,1
P136,2025-02,FY25,Legacy,,Scotland,80403.0,838.0,19,4.61,1
P136,2025-03,FY25,Legacy,,Scotland,92719.0,966.0,14,4.61,1
P137,2022-10,FY23,Legacy,,Scotland,96896.0,1009.0,22,4.35,1
P137,2022-11,FY23,Legacy,,Scotland,109217.0,1138.0,22,4.35,1
P137,2022-12,FY23,Legacy,,Scotland,85126.0,887.0,13,4.35,1
P137,2023-01,FY23,Legacy,,Scotland,81689.0,851.0,26,4.35,1
P137,2023-02,FY23,Legacy,,Scotland,97738.0,1018.0,16,4.35,1
P137,2023-03,FY23,Legacy,,Scotland,110202.0,1148.0,19,4.35,1
P137,2023-04,FY24,Legacy,,Scotland,96840.0,1009.0,25,4.35,1
P137,2023-05,FY24,Legacy,,Scotland,108282.0,1128.0,26,4.35,1
P137,2023-06,FY24,Legacy,,Scotland,107232.0,1117.0,27,4.35,1
P137,2023-07,FY24,Legacy,,Scotland,106157.0,1106.0,17,4.35,1
P137,2023-08,FY24,Legacy,,Scotland,97201.0,1013.0,17,4.35,1
P137,2023-09,FY24,Legacy,,Scotland,119885.0,1249.0,26,4.35,1
P137,2023-10,FY24,Legacy,,Scotland,107081.0,1115.0,22,4.35,1
P137,2023-11,FY24,Legacy,,Scotland,101425.0,1057.0,20,4.35,1
P137,2023-12,FY24,Legacy,,Scotland,94218.0,981.0,19,4.35,1
P137,2024-01,FY24,Legacy,,Scotland,102545.0,1068.0,18,4.35,1
P137,2024-02,FY24,Legacy,,Scotland,90065.0,938.0,19,4.35,1
P137,2024-03,FY24,Legacy,,Scotland,123175.0,1283.0,21,4.35,1
P137,2024-04,FY25,Legacy,,Scotland,107265.0,1117.0,26,4.35,1
P137,2024-05,FY25,Legacy,,Scotland,100643.0,1048.0,25,4.35,1
P137,2024-06,FY25,Legacy,,Scotland,118659.0,1236.0,25,4.35,1
P137,2024-07,FY25,Legacy,,Scotland,105371.0,1098.0,15,4.35,1
P137,2024-08,FY25,Legacy,,Scotland,117090.0,1220.0,20,4.35,1
P137,2024-09,FY25,Legacy,,Scotland,104229.0,1086.0,26,4.35,1
P137,2024-10,FY25,Legacy,,Scotland,106547.0,1110.0,29,4.35,1
P137,2024-11,FY25,Legacy,,Scotland,107205.0,1117.0,17,4.35,1
P137,2024-12,FY25,Legacy,,Scotland,94561.0,985.0,19,4.35,1
P137,2025-01,FY25,Legacy,,Scotland,103906.0,1082.0,20,4.35,1
P137,2025-02,FY25,Legacy,,Scotland,107554.0,1120.0,19,4.35,1
P137,2025-03,FY25,Legacy,,Scotland,120403.0,1254.0,20,4.35,1
P138,2022-10,FY23,Legacy,,Scotland,76944.0,802.0,18,4.43,1
P138,2022-11,FY23,Legacy,,Scotland,81596.0,850.0,15,4.43,1
P138,2022-12,FY23,Legacy,,Scotland,61141.0,637.0,15,4.43,1
P138,2023-01,FY23,Legacy,,Scotland,71387.0,744.0,13,4.43,1
P138,2023-02,FY23,Legacy,,Scotland,67592.0,704.0,9,4.43,1
P138,2023-03,FY23,Legacy,,Scotland,67289.0,701.0,11,4.43,1
P138,2023-04,FY24,Legacy,,Scotland,79322.0,826.0,11,4.43,1
P138,2023-05,FY24,Legacy,,Scotland,74088.0,772.0,17,4.43,1
P138,2023-06,FY24,Legacy,,Scotland,80515.0,839.0,17,4.43,1
P138,2023-07,FY24,Legacy,,Scotland,73072.0,761.0,18,4.43,1
P138,2023-08,FY24,Legacy,,Scotland,75341.0,785.0,15,4.43,1
P138,2023-09,FY24,Legacy,,Scotland,75181.0,783.0,19,4.43,1
P138,2023-10,FY24,Legacy,,Scotland,73429.0,765.0,17,4.43,1
P138,2023-11,FY24,Legacy,,Scotland,64379.0,671.0,8,4.43,1
P138,2023-12,FY24,Legacy,,Scotland,68966.0,718.0,17,4.43,1
P138,2024-01,FY24,Legacy,,Scotland,75794.0,790.0,18,4.43,1
P138,2024-02,FY24,Legacy,,Scotland,81273.0,847.0,21,4.43,1
P138,2024-03,FY24,Legacy,,Scotland,76802.0,800.0,15,4.43,1
P138,2024-04,FY25,Legacy,,Scotland,79415.0,827.0,14,4.43,1
P138,2024-05,FY25,Legacy,,Scotland,71326.0,743.0,15,4.43,1
P138,2024-06,FY25,Legacy,,Scotland,80241.0,836.0,18,4.43,1
P138,2024-07,FY25,Legacy,,Scotland,78742.0,820.0,20,4.43,1
P138,2024-08,FY25,Legacy,,Scotland,65078.0,678.0,15,4.43,1
P138,2024-09,FY25,Legacy,,Scotland,83092.0,866.0,17,4.43,1
P138,2024-10,FY25,Legacy,,Scotland,74628.0,777.0,21,4.43,1
P138,2024-11,FY25,Legacy,,Scotland,70675.0,736.0,18,4.43,1
P138,2024-12,FY25,Legacy,,Scotland,72784.0,758.0,13,4.43,1
P138,2025-01,FY25,Legacy,,Scotland,78739.0,820.0,17,4.43,1
P138,2025-02,FY25,Legacy,,Scotland,75194.0,783.0,15,4.43,1
P138,2025-03,FY25,Legacy,,Scotland,77640.0,809.0,16,4.43,1
P139,2022-10,FY23,Legacy,,South East,64112.0,668.0,14,4.72,1
P139,2022-11,FY23,Legacy,,South East,67477.0,703.0,15,4.72,1
P139,2022-12,FY23,Legacy,,South East,68271.0,711.0,19,4.72,1
P139,2023-01,FY23,Legacy,,South East,69172.0,721.0,21,4.72,1
P139,2023-02,FY23,Legacy,,South East,62028.0,646.0,11,4.72,1
P139,2023-03,FY23,Legacy,,South East,77789.0,810.0,23,4.72,1
P139,2023-04,FY24,Legacy,,South East,78189.0,814.0,17,4.72,1
P139,2023-05,FY24,Legacy,,South East,83861.0,874.0,18,4.72,1
P139,2023-06,FY24,Legacy,,South East,87634.0,913.0,20,4.72,1
P139,2023-07,FY24,Legacy,,South East,72185.0,752.0,12,4.72,1
P139,2023-08,FY24,Legacy,,South East,77756.0,810.0,13,4.72,1
P139,2023-09,FY24,Legacy,,South East,76523.0,797.0,20,4.72,1
P139,2023-10,FY24,Legacy,,South East,76384.0,796.0,19,4.72,1
P139,2023-11,FY24,Legacy,,South East,74819.0,779.0,11,4.72,1
P139,2023-12,FY24,Legacy,,South East,71843.0,748.0,17,4.72,1
P139,2024-01,FY24,Legacy,,South East,74585.0,777.0,22,4.72,1
P139,2024-02,FY24,Legacy,,South East,65475.0,682.0,12,4.72,1
P139,2024-03,FY24,Legacy,,South East,76360.0,795.0,14,4.72,1
P139,2024-04,FY25,Legacy,,South East,71093.0,741.0,15,4.72,1
P139,2024-05,FY25,Legacy,,South East,94513.0,985.0,24,4.72,1
P139,2024-06,FY25,Legacy,,South East,86007.0,896.0,18,4.72,1
P139,2024-07,FY25,Legacy,,South East,88170.0,918.0,29,4.72,1
P139,2024-08,FY25,Legacy,,South East,83675.0,872.0,19,4.72,1
P139,2024-09,FY25,Legacy,,South East,79827.0,832.0,17,4.72,1
P139,2024-10,FY25,Legacy,,South East,76827.0,800.0,16,4.72,1
P139,2024-11,FY25,Legacy,,South East,77378.0,806.0,19,4.72,1
P139,2024-12,FY25,Legacy,,South East,85266.0,888.0,11,4.72,1
P139,2025-01,FY25,Legacy,,South East,77395.0,806.0,18,4.72,1
P139,2025-02,FY25,Legacy,,South East,91407.0,952.0,24,4.72,1
P139,2025-03,FY25,Legacy,,South East,85585.0,892.0,24,4.72,1
P140,2022-10,FY23,Legacy,,South East,70513.0,735.0,21,4.24,1
P140,2022-11,FY23,Legacy,,South East,58561.0,610.0,8,4.24,1
P140,2022-12,FY23,Legacy,,South East,58345.0,608.0,9,4.24,1
P140,2023-01,FY23,Legacy,,South East,72897.0,759.0,16,4.24,1
P140,2023-02,FY23,Legacy,,South East,61145.0,637.0,16,4.24,1
P140,2023-03,FY23,Legacy,,South East,76858.0,801.0,15,4.24,1
P140,2023-04,FY24,Legacy,,South East,66477.0,692.0,20,4.24,1
P140,2023-05,FY24,Legacy,,South East,74990.0,781.0,15,4.24,1
P140,2023-06,FY24,Legacy,,South East,70069.0,730.0,17,4.24,1
P140,2023-07,FY24,Legacy,,South East,79278.0,826.0,22,4.24,1
P140,2023-08,FY24,Legacy,,South East,74942.0,781.0,16,4.24,1
P140,2023-09,FY24,Legacy,,South East,79745.0,831.0,6,4.24,1
P140,2023-10,FY24,Legacy,,South East,78825.0,821.0,17,4.24,1
P140,2023-11,FY24,Legacy,,South East,70426.0,734.0,12,4.24,1
P140,2023-12,FY24,Legacy,,South East,67174.0,700.0,9,4.24,1
P140,2024-01,FY24,Legacy,,South East,66454.0,692.0,17,4.24,1
P140,2024-02,FY24,Legacy,,South East,66224.0,690.0,12,4.24,1
P140,2024-03,FY24,Legacy,,South East,66076.0,688.0,17,4.24,1
P140,2024-04,FY25,Legacy,,South East,68529.0,714.0,19,4.24,1
P140,2024-05,FY25,Legacy,,South East,81677.0,851.0,18,4.24,1
P140,2024-06,FY25,Legacy,,South East,83799.0,873.0,15,4.24,1
P140,2024-07,FY25,Legacy,,South East,72535.0,756.0,7,4.24,1
P140,2024-08,FY25,Legacy,,South East,67094.0,699.0,14,4.24,1
P140,2024-09,FY25,Legacy,,South East,81812.0,852.0,12,4.24,1
P140,2024-10,FY25,Legacy,,South East,68041.0,709.0,18,4.24,1
P140,2024-11,FY25,Legacy,,South East,79484.0,828.0,16,4.24,1
P140,2024-12,FY25,Legacy,,South East,79229.0,825.0,16,4.24,1
P140,2025-01,FY25,Legacy,,South East,74788.0,779.0,16,4.24,1
P140,2025-02,FY25,Legacy,,South East,71190.0,742.0,13,4.24,1
P140,2025-03,FY25,Legacy,,South East,78399.0,817.0,17,4.24,1
P141,2022-10,FY23,Legacy,,South West,63064.0,657.0,12,4.49,1
P141,2022-11,FY23,Legacy,,South West,65104.0,678.0,9,4.49,1
P141,2022-12,FY23,Legacy,,South West,67913.0,707.0,16,4.49,1
P141,2023-01,FY23,Legacy,,South West,81078.0,845.0,15,4.49,1
P141,2023-02,FY23,Legacy,,South West,67192.0,700.0,13,4.49,1
P141,2023-03,FY23,Legacy,,South West,73408.0,765.0,18,4.49,1
P141,2023-04,FY24,Legacy,,South West,79357.0,827.0,26,4.49,1
P141,2023-05,FY24,Legacy,,South West,72419.0,754.0,16,4.49,1
P141,2023-06,FY24,Legacy,,South West,88553.0,922.0,19,4.49,1
P141,2023-07,FY24,Legacy,,South West,82161.0,856.0,15,4.49,1
P141,2023-08,FY24,Legacy,,South West,71076.0,740.0,16,4.49,1
P141,2023-09,FY24,Legacy,,South West,79140.0,824.0,17,4.49,1
P141,2023-10,FY24,Legacy,,South West,72824.0,759.0,13,4.49,1
P141,2023-11,FY24,Legacy,,South West,72236.0,752.0,13,4.49,1
P141,2023-12,FY24,Legacy,,South West,61390.0,639.0,18,4.49,1
P141,2024-01,FY24,Legacy,,South West,85906.0,895.0,22,4.49,1
P141,2024-02,FY24,Legacy,,South West,72086.0,751.0,13,4.49,1
P141,2024-03,FY24,Legacy,,South West,75081.0,782.0,13,4.49,1
P141,2024-04,FY25,Legacy,,South West,75135.0,783.0,17,4.49,1
P141,2024-05,FY25,Legacy,,South West,79881.0,832.0,19,4.49,1
P141,2024-06,FY25,Legacy,,South West,85997.0,896.0,16,4.49,1
P141,2024-07,FY25,Legacy,,South West,77378.0,806.0,14,4.49,1
P141,2024-08,FY25,Legacy,,South West,77640.0,809.0,16,4.49,1
P141,2024-09,FY25,Legacy,,South West,85734.0,893.0,17,4.49,1
P141,2024-10,FY25,Legacy,,South West,78693.0,820.0,16,4.49,1
P141,2024-11,FY25,Legacy,,South West,76806.0,800.0,17,4.49,1
P141,2024-12,FY25,Legacy,,South West,74090.0,772.0,20,4.49,1
P141,2025-01,FY25,Legacy,,South West,79052.0,823.0,18,4.49,1
P141,2025-02,FY25,Legacy,,South West,74505.0,776.0,16,4.49,1
P141,2025-03,FY25,Legacy,,South West,79547.0,829.0,13,4.49,1
P142,2022-10,FY23,Legacy,,North East,93015.0,969.0,13,4.5,1
P142,2022-11,FY23,Legacy,,North East,88201.0,919.0,19,4.5,1
P142,2022-12,FY23,Legacy,,North East,89669.0,934.0,24,4.5,1
P142,2023-01,FY23,Legacy,,North East,97207.0,1013.0,20,4.5,1
P142,2023-02,FY23,Legacy,,North East,83536.0,870.0,20,4.5,1
P142,2023-03,FY23,Legacy,,North East,99629.0,1038.0,26,4.5,1
P142,2023-04,FY24,Legacy,,North East,95513.0,995.0,27,4.5,1
P142,2023-05,FY24,Legacy,,North East,88841.0,925.0,22,4.5,1
P142,2023-06,FY24,Legacy,,North East,111537.0,1162.0,35,4.5,1
P142,2023-07,FY24,Legacy,,North East,85846.0,894.0,18,4.5,1
P142,2023-08,FY24,Legacy,,North East,85241.0,888.0,21,4.5,1
P142,2023-09,FY24,Legacy,,North East,104403.0,1088.0,21,4.5,1
P142,2023-10,FY24,Legacy,,North East,96026.0,1000.0,27,4.5,1
P142,2023-11,FY24,Legacy,,North East,99923.0,1041.0,22,4.5,1
P142,2023-12,FY24,Legacy,,North East,92155.0,960.0,17,4.5,1
P142,2024-01,FY24,Legacy,,North East,88307.0,920.0,20,4.5,1
P142,2024-02,FY24,Legacy,,North East,99450.0,1036.0,24,4.5,1
P142,2024-03,FY24,Legacy,,North East,99694.0,1038.0,18,4.5,1
P142,2024-04,FY25,Legacy,,North East,105569.0,1100.0,23,4.5,1
P142,2024-05,FY25,Legacy,,North East,117026.0,1219.0,31,4.5,1
P142,2024-06,FY25,Legacy,,North East,102145.0,1064.0,19,4.5,1
P142,2024-07,FY25,Legacy,,North East,114197.0,1190.0,17,4.5,1
P142,2024-08,FY25,Legacy,,North East,104055.0,1084.0,23,4.5,1
P142,2024-09,FY25,Legacy,,North East,104024.0,1084.0,21,4.5,1
P142,2024-10,FY25,Legacy,,North East,107558.0,1120.0,27,4.5,1
P142,2024-11,FY25,Legacy,,North East,98724.0,1028.0,34,4.5,1
P142,2024-12,FY25,Legacy,,North East,100092.0,1043.0,23,4.5,1
P142,2025-01,FY25,Legacy,,North East,108844.0,1134.0,28,4.5,1
P142,2025-02,FY25,Legacy,,North East,92011.0,958.0,21,4.5,1
P142,2025-03,FY25,Legacy,,North East,111105.0,1157.0,28,4.5,1
P143,2022-10,FY23,Acquired,2024-02,South West,0.0,886.0,16,4.65,0
P143,2022-11,FY23,Acquired,2024-02,South West,0.0,791.0,22,4.72,0
P143,2022-12,FY23,Acquired,2024-02,South West,0.0,724.0,16,4.61,0
P143,2023-01,FY23,Acquired,2024-02,South West,0.0,849.0,19,4.69,0
P143,2023-02,FY23,Acquired,2024-02,South West,0.0,773.0,12,4.73,0
P143,2023-03,FY23,Acquired,2024-02,South West,0.0,834.0,18,4.7,0
P143,2023-04,FY24,Acquired,2024-02,South West,0.0,740.0,12,4.7,0
P143,2023-05,FY24,Acquired,2024-02,South West,0.0,739.0,19,4.72,0
P143,2023-06,FY24,Acquired,2024-02,South West,0.0,921.0,18,4.78,0
P143,2023-07,FY24,Acquired,2024-02,South West,0.0,767.0,17,4.68,0
P143,2023-08,FY24,Acquired,2024-02,South West,0.0,695.0,16,4.67,0
P143,2023-09,FY24,Acquired,2024-02,South West,0.0,785.0,13,4.64,0
P143,2023-10,FY24,Acquired,2024-02,South West,0.0,812.0,14,4.57,0
P143,2023-11,FY24,Acquired,2024-02,South West,0.0,717.0,18,4.74,0
P143,2023-12,FY24,Acquired,2024-02,South West,0.0,649.0,14,4.72,0
P143,2024-01,FY24,Acquired,2024-02,South West,0.0,679.0,14,4.68,0
P143,2024-02,FY24,Acquired,2024-02,South West,73565.0,766.0,22,4.76,1
P143,2024-03,FY24,Acquired,2024-02,South West,70373.0,733.0,17,4.66,1
P143,2024-04,FY25,Acquired,2024-02,South West,77662.0,809.0,17,4.57,1
P143,2024-05,FY25,Acquired,2024-02,South West,89360.0,931.0,19,4.56,1
P143,2024-06,FY25,Acquired,2024-02,South West,75070.0,782.0,18,4.58,1
P143,2024-07,FY25,Acquired,2024-02,South West,75642.0,788.0,11,4.52,1
P143,2024-08,FY25,Acquired,2024-02,South West,71684.0,747.0,21,4.47,1
P143,2024-09,FY25,Acquired,2024-02,South West,72616.0,756.0,13,4.41,1
P143,2024-10,FY25,Acquired,2024-02,South West,69245.0,721.0,13,4.31,1
P143,2024-11,FY25,Acquired,2024-02,South West,68141.0,710.0,10,4.27,1
P143,2024-12,FY25,Acquired,2024-02,South West,65107.0,678.0,15,4.27,1
P143,2025-01,FY25,Acquired,2024-02,South West,70760.0,737.0,17,4.27,1
P143,2025-02,FY25,Acquired,2024-02,South West,62838.0,655.0,15,4.25,1
P143,2025-03,FY25,Acquired,2024-02,South West,72568.0,756.0,14,4.28,1
P144,2022-10,FY23,Acquired,2023-10,South West,0.0,1046.0,31,4.49,0
P144,2022-11,FY23,Acquired,2023-10,South West,0.0,1126.0,23,4.48,0
P144,2022-12,FY23,Acquired,2023-10,South West,0.0,1032.0,33,4.4,0
P144,2023-01,FY23,Acquired,2023-10,South West,0.0,1090.0,14,4.44,0
P144,2023-02,FY23,Acquired,2023-10,South West,0.0,1217.0,20,4.49,0
P144,2023-03,FY23,Acquired,2023-10,South West,0.0,1119.0,29,4.49,0
P144,2023-04,FY24,Acquired,2023-10,South West,0.0,1185.0,33,4.5,0
P144,2023-05,FY24,Acquired,2023-10,South West,0.0,1159.0,27,4.4,0
P144,2023-06,FY24,Acquired,2023-10,South West,0.0,1047.0,21,4.38,0
P144,2023-07,FY24,Acquired,2023-10,South West,0.0,1314.0,20,4.43,0
P144,2023-08,FY24,Acquired,2023-10,South West,0.0,1106.0,19,4.49,0
P144,2023-09,FY24,Acquired,2023-10,South West,0.0,1252.0,28,4.45,0
P144,2023-10,FY24,Acquired,2023-10,South West,114046.0,1188.0,31,4.47,1
P144,2023-11,FY24,Acquired,2023-10,South West,108280.0,1128.0,16,4.43,1
P144,2023-12,FY24,Acquired,2023-10,South West,90670.0,944.0,19,4.38,1
P144,2024-01,FY24,Acquired,2023-10,South West,117921.0,1228.0,22,4.36,1
P144,2024-02,FY24,Acquired,2023-10,South West,93733.0,976.0,23,4.15,1
P144,2024-03,FY24,Acquired,2023-10,South West,114347.0,1191.0,21,4.29,1
P144,2024-04,FY25,Acquired,2023-10,South West,121676.0,1267.0,30,4.13,1
P144,2024-05,FY25,Acquired,2023-10,South West,121075.0,1261.0,22,4.16,1
P144,2024-06,FY25,Acquired,2023-10,South West,111758.0,1164.0,9,4.11,1
P144,2024-07,FY25,Acquired,2023-10,South West,127180.0,1325.0,30,4.04,1
P144,2024-08,FY25,Acquired,2023-10,South West,106369.0,1108.0,34,4.02,1
P144,2024-09,FY25,Acquired,2023-10,South West,112227.0,1169.0,25,3.96,1
P144,2024-10,FY25,Acquired,2023-10,South West,115960.0,1208.0,32,4.01,1
P144,2024-11,FY25,Acquired,2023-10,South West,100612.0,1048.0,24,4.02,1
P144,2024-12,FY25,Acquired,2023-10,South West,98413.0,1025.0,20,4.06,1
P144,2025-01,FY25,Acquired,2023-10,South West,115962.0,1208.0,36,4.05,1
P144,2025-02,FY25,Acquired,2023-10,South West,104900.0,1093.0,21,3.98,1
P144,2025-03,FY25,Acquired,2023-10,South West,119971.0,1250.0,13,4.05,1
P145,2022-10,FY23,Acquired,2023-08,South West,0.0,407.0,7,4.76,0
P145,2022-11,FY23,Acquired,2023-08,South West,0.0,415.0,6,4.69,0
P145,2022-12,FY23,Acquired,2023-08,South West,0.0,363.0,4,4.82,0
P145,2023-01,FY23,Acquired,2023-08,South West,0.0,454.0,13,4.62,0
P145,2023-02,FY23,Acquired,2023-08,South West,0.0,397.0,3,4.64,0
P145,2023-03,FY23,Acquired,2023-08,South West,0.0,438.0,9,4.6,0
P145,2023-04,FY24,Acquired,2023-08,South West,0.0,450.0,9,4.68,0
P145,2023-05,FY24,Acquired,2023-08,South West,0.0,399.0,9,4.7,0
P145,2023-06,FY24,Acquired,2023-08,South West,0.0,446.0,8,4.73,0
P145,2023-07,FY24,Acquired,2023-08,South West,0.0,462.0,13,4.71,0
P145,2023-08,FY24,Acquired,2023-08,South West,43876.0,457.0,13,4.64,1
P145,2023-09,FY24,Acquired,2023-08,South West,42210.0,440.0,11,4.65,1
P145,2023-10,FY24,Acquired,2023-08,South West,39082.0,407.0,6,4.6,1
P145,2023-11,FY24,Acquired,2023-08,South West,33769.0,352.0,12,4.53,1
P145,2023-12,FY24,Acquired,2023-08,South West,37373.0,389.0,10,4.4,1
P145,2024-01,FY24,Acquired,2023-08,South West,40647.0,423.0,4,4.47,1
P145,2024-02,FY24,Acquired,2023-08,South West,41792.0,435.0,10,4.42,1
P145,2024-03,FY24,Acquired,2023-08,South West,41472.0,432.0,7,4.34,1
P145,2024-04,FY25,Acquired,2023-08,South West,47012.0,490.0,5,4.2,1
P145,2024-05,FY25,Acquired,2023-08,South West,42083.0,438.0,10,4.21,1
P145,2024-06,FY25,Acquired,2023-08,South West,47919.0,499.0,15,4.26,1
P145,2024-07,FY25,Acquired,2023-08,South West,43822.0,456.0,9,4.27,1
P145,2024-08,FY25,Acquired,2023-08,South West,41301.0,430.0,7,4.17,1
P145,2024-09,FY25,Acquired,2023-08,South West,48185.0,502.0,6,4.21,1
P145,2024-10,FY25,Acquired,2023-08,South West,45519.0,474.0,8,4.32,1
P145,2024-11,FY25,Acquired,2023-08,South West,40930.0,426.0,9,4.21,1
P145,2024-12,FY25,Acquired,2023-08,South West,42114.0,439.0,16,4.19,1
P145,2025-01,FY25,Acquired,2023-08,South West,40261.0,419.0,10,4.26,1
P145,2025-02,FY25,Acquired,2023-08,South West,40578.0,423.0,6,4.2,1
P145,2025-03,FY25,Acquired,2023-08,South West,42497.0,443.0,7,4.22,1
P146,2022-10,FY23,Acquired,2023-12,South East,0.0,660.0,16,4.6,0
P146,2022-11,FY23,Acquired,2023-12,South East,0.0,589.0,13,4.79,0
P146,2022-12,FY23,Acquired,2023-12,South East,0.0,598.0,15,4.6,0
P146,2023-01,FY23,Acquired,2023-12,South East,0.0,678.0,9,4.7,0
P146,2023-02,FY23,Acquired,2023-12,South East,0.0,620.0,7,4.69,0
P146,2023-03,FY23,Acquired,2023-12,South East,0.0,771.0,17,4.65,0
P146,2023-04,FY24,Acquired,2023-12,South East,0.0,590.0,18,4.67,0
P146,2023-05,FY24,Acquired,2023-12,South East,0.0,636.0,16,4.65,0
P146,2023-06,FY24,Acquired,2023-12,South East,0.0,649.0,13,4.65,0
P146,2023-07,FY24,Acquired,2023-12,South East,0.0,708.0,11,4.7,0
P146,2023-08,FY24,Acquired,2023-12,South East,0.0,704.0,13,4.59,0
P146,2023-09,FY24,Acquired,2023-12,South East,0.0,627.0,13,4.64,0
P146,2023-10,FY24,Acquired,2023-12,South East,0.0,575.0,11,4.64,0
P146,2023-11,FY24,Acquired,2023-12,South East,0.0,630.0,5,4.69,0
P146,2023-12,FY24,Acquired,2023-12,South East,52665.0,549.0,18,4.68,1
P146,2024-01,FY24,Acquired,2023-12,South East,57188.0,596.0,11,4.58,1
P146,2024-02,FY24,Acquired,2023-12,South East,52850.0,551.0,12,4.56,1
P146,2024-03,FY24,Acquired,2023-12,South East,55429.0,577.0,17,4.5,1
P146,2024-04,FY25,Acquired,2023-12,South East,62001.0,646.0,11,4.47,1
P146,2024-05,FY25,Acquired,2023-12,South East,57504.0,599.0,14,4.43,1
P146,2024-06,FY25,Acquired,2023-12,South East,58701.0,611.0,12,4.32,1
P146,2024-07,FY25,Acquired,2023-12,South East,53754.0,560.0,17,4.3,1
P146,2024-08,FY25,Acquired,2023-12,South East,59844.0,623.0,12,4.3,1
P146,2024-09,FY25,Acquired,2023-12,South East,57332.0,597.0,6,4.21,1
P146,2024-10,FY25,Acquired,2023-12,South East,56390.0,587.0,9,4.11,1
P146,2024-11,FY25,Acquired,2023-12,South East,60401.0,629.0,10,4.2,1
P146,2024-12,FY25,Acquired,2023-12,South East,53404.0,556.0,18,4.23,1
P146,2025-01,FY25,Acquired,2023-12,South East,61835.0,644.0,19,4.2,1
P146,2025-02,FY25,Acquired,2023-12,South East,60006.0,625.0,12,4.2,1
P146,2025-03,FY25,Acquired,2023-12,South East,55420.0,577.0,12,4.18,1
P147,2022-10,FY23,Acquired,2024-02,Wales,0.0,599.0,12,4.35,0
P147,2022-11,FY23,Acquired,2024-02,Wales,0.0,608.0,9,4.36,0
P147,2022-12,FY23,Acquired,2024-02,Wales,0.0,573.0,14,4.4,0
P147,2023-01,FY23,Acquired,2024-02,Wales,0.0,611.0,18,4.38,0
P147,2023-02,FY23,Acquired,2024-02,Wales,0.0,540.0,6,4.32,0
P147,2023-03,FY23,Acquired,2024-02,Wales,0.0,638.0,14,4.38,0
P147,2023-04,FY24,Acquired,2024-02,Wales,0.0,615.0,12,4.3,0
P147,2023-05,FY24,Acquired,2024-02,Wales,0.0,657.0,12,4.35,0
P147,2023-06,FY24,Acquired,2024-02,Wales,0.0,634.0,17,4.37,0
P147,2023-07,FY24,Acquired,2024-02,Wales,0.0,597.0,14,4.25,0
P147,2023-08,FY24,Acquired,2024-02,Wales,0.0,488.0,15,4.35,0
P147,2023-09,FY24,Acquired,2024-02,Wales,0.0,603.0,11,4.33,0
P147,2023-10,FY24,Acquired,2024-02,Wales,0.0,611.0,12,4.34,0
P147,2023-11,FY24,Acquired,2024-02,Wales,0.0,545.0,20,4.35,0
P147,2023-12,FY24,Acquired,2024-02,Wales,0.0,506.0,9,4.31,0
P147,2024-01,FY24,Acquired,2024-02,Wales,0.0,537.0,11,4.22,0
P147,2024-02,FY24,Acquired,2024-02,Wales,50908.0,530.0,14,4.29,1
P147,2024-03,FY24,Acquired,2024-02,Wales,53799.0,560.0,12,4.27,1
P147,2024-04,FY25,Acquired,2024-02,Wales,52966.0,552.0,12,4.21,1
P147,2024-05,FY25,Acquired,2024-02,Wales,52664.0,549.0,12,4.35,1
P147,2024-06,FY25,Acquired,2024-02,Wales,60987.0,635.0,15,4.16,1
P147,2024-07,FY25,Acquired,2024-02,Wales,52918.0,551.0,15,4.03,1
P147,2024-08,FY25,Acquired,2024-02,Wales,53555.0,558.0,13,4.03,1
P147,2024-09,FY25,Acquired,2024-02,Wales,55695.0,580.0,16,4.01,1
P147,2024-10,FY25,Acquired,2024-02,Wales,62771.0,654.0,15,3.99,1
P147,2024-11,FY25,Acquired,2024-02,Wales,50360.0,525.0,12,3.88,1
P147,2024-12,FY25,Acquired,2024-02,Wales,50309.0,524.0,8,3.89,1
P147,2025-01,FY25,Acquired,2024-02,Wales,50515.0,526.0,8,3.86,1
P147,2025-02,FY25,Acquired,2024-02,Wales,47912.0,499.0,9,3.95,1
P147,2025-03,FY25,Acquired,2024-02,Wales,57066.0,594.0,11,3.95,1
P148,2022-10,FY23,Acquired,2023-08,South West,0.0,452.0,9,4.47,0
P148,2022-11,FY23,Acquired,2023-08,South West,0.0,486.0,10,4.49,0
P148,2022-12,FY23,Acquired,2023-08,South West,0.0,470.0,14,4.5,0
P148,2023-01,FY23,Acquired,2023-08,South West,0.0,449.0,12,4.54,0
P148,2023-02,FY23,Acquired,2023-08,South West,0.0,467.0,10,4.51,0
P148,2023-03,FY23,Acquired,2023-08,South West,0.0,484.0,7,4.4,0
P148,2023-04,FY24,Acquired,2023-08,South West,0.0,495.0,12,4.38,0
P148,2023-05,FY24,Acquired,2023-08,South West,0.0,476.0,13,4.47,0
P148,2023-06,FY24,Acquired,2023-08,South West,0.0,488.0,14,4.44,0
P148,2023-07,FY24,Acquired,2023-08,South West,0.0,516.0,15,4.58,0
P148,2023-08,FY24,Acquired,2023-08,South West,46740.0,487.0,7,4.47,1
P148,2023-09,FY24,Acquired,2023-08,South West,45281.0,472.0,8,4.42,1
P148,2023-10,FY24,Acquired,2023-08,South West,48021.0,500.0,10,4.42,1
P148,2023-11,FY24,Acquired,2023-08,South West,44397.0,462.0,9,4.28,1
P148,2023-12,FY24,Acquired,2023-08,South West,40066.0,417.0,7,4.34,1
P148,2024-01,FY24,Acquired,2023-08,South West,40721.0,424.0,7,4.23,1
P148,2024-02,FY24,Acquired,2023-08,South West,44983.0,469.0,10,4.25,1
P148,2024-03,FY24,Acquired,2023-08,South West,41567.0,433.0,13,4.09,1
P148,2024-04,FY25,Acquired,2023-08,South West,44511.0,464.0,7,4.1,1
P148,2024-05,FY25,Acquired,2023-08,South West,47845.0,498.0,7,4.13,1
P148,2024-06,FY25,Acquired,2023-08,South West,43452.0,453.0,12,4.02,1
P148,2024-07,FY25,Acquired,2023-08,South West,43173.0,450.0,5,4.06,1
P148,2024-08,FY25,Acquired,2023-08,South West,44299.0,461.0,9,4.16,1
P148,2024-09,FY25,Acquired,2023-08,South West,42432.0,442.0,7,4.01,1
P148,2024-10,FY25,Acquired,2023-08,South West,52052.0,542.0,9,4.08,1
P148,2024-11,FY25,Acquired,2023-08,South West,46205.0,481.0,7,4.11,1
P148,2024-12,FY25,Acquired,2023-08,South West,42228.0,440.0,10,4.0,1
P148,2025-01,FY25,Acquired,2023-08,South West,50605.0,527.0,9,4.06,1
P148,2025-02,FY25,Acquired,2023-08,South West,39495.0,411.0,6,4.08,1
P148,2025-03,FY25,Acquired,2023-08,South West,46863.0,488.0,10,4.04,1
P149,2022-10,FY23,Acquired,2023-09,Scotland,0.0,834.0,17,4.27,0
P149,2022-11,FY23,Acquired,2023-09,Scotland,0.0,670.0,20,4.28,0
P149,2022-12,FY23,Acquired,2023-09,Scotland,0.0,714.0,15,4.27,0
P149,2023-01,FY23,Acquired,2023-09,Scotland,0.0,784.0,12,4.28,0
P149,2023-02,FY23,Acquired,2023-09,Scotland,0.0,646.0,14,4.32,0
P149,2023-03,FY23,Acquired,2023-09,Scotland,0.0,715.0,13,4.27,0
P149,2023-04,FY24,Acquired,2023-09,Scotland,0.0,854.0,17,4.36,0
P149,2023-05,FY24,Acquired,2023-09,Scotland,0.0,860.0,23,4.29,0
P149,2023-06,FY24,Acquired,2023-09,Scotland,0.0,783.0,18,4.28,0
P149,2023-07,FY24,Acquired,2023-09,Scotland,0.0,779.0,25,4.32,0
P149,2023-08,FY24,Acquired,2023-09,Scotland,0.0,704.0,7,4.3,0
P149,2023-09,FY24,Acquired,2023-09,Scotland,66514.0,693.0,8,4.2,1
P149,2023-10,FY24,Acquired,2023-09,Scotland,70072.0,730.0,18,4.26,1
P149,2023-11,FY24,Acquired,2023-09,Scotland,73400.0,765.0,16,4.15,1
P149,2023-12,FY24,Acquired,2023-09,Scotland,65230.0,679.0,10,4.14,1
P149,2024-01,FY24,Acquired,2023-09,Scotland,63068.0,657.0,9,4.1,1
P149,2024-02,FY24,Acquired,2023-09,Scotland,76282.0,795.0,17,4.08,1
P149,2024-03,FY24,Acquired,2023-09,Scotland,70357.0,733.0,14,3.99,1
P149,2024-04,FY25,Acquired,2023-09,Scotland,62245.0,648.0,18,3.96,1
P149,2024-05,FY25,Acquired,2023-09,Scotland,74294.0,774.0,18,3.89,1
P149,2024-06,FY25,Acquired,2023-09,Scotland,74665.0,778.0,15,3.88,1
P149,2024-07,FY25,Acquired,2023-09,Scotland,72978.0,760.0,8,3.86,1
P149,2024-08,FY25,Acquired,2023-09,Scotland,73952.0,770.0,16,3.84,1
P149,2024-09,FY25,Acquired,2023-09,Scotland,63046.0,657.0,15,3.95,1
P149,2024-10,FY25,Acquired,2023-09,Scotland,75347.0,785.0,16,3.71,1
P149,2024-11,FY25,Acquired,2023-09,Scotland,75184.0,783.0,16,3.82,1
P149,2024-12,FY25,Acquired,2023-09,Scotland,64929.0,676.0,20,3.91,1
P149,2025-01,FY25,Acquired,2023-09,Scotland,70674.0,736.0,15,3.96,1
P149,2025-02,FY25,Acquired,2023-09,Scotland,67281.0,701.0,23,3.81,1
P149,2025-03,FY25,Acquired,2023-09,Scotland,75333.0,785.0,15,3.88,1
P150,2022-10,FY23,Acquired,2024-02,North West,0.0,859.0,26,4.04,0
P150,2022-11,FY23,Acquired,2024-02,North West,0.0,844.0,12,3.99,0
P150,2022-12,FY23,Acquired,2024-02,North West,0.0,845.0,16,4.02,0
P150,2023-01,FY23,Acquired,2024-02,North West,0.0,822.0,15,4.01,0
P150,2023-02,FY23,Acquired,2024-02,North West,0.0,851.0,20,4.03,0
P150,2023-03,FY23,Acquired,2024-02,North West,0.0,864.0,17,3.96,0
P150,2023-04,FY24,Acquired,2024-02,North West,0.0,851.0,24,3.99,0
P150,2023-05,FY24,Acquired,2024-02,North West,0.0,845.0,28,3.97,0
P150,2023-06,FY24,Acquired,2024-02,North West,0.0,955.0,19,4.03,0
P150,2023-07,FY24,Acquired,2024-02,North West,0.0,918.0,14,4.0,0
P150,2023-08,FY24,Acquired,2024-02,North West,0.0,891.0,18,3.94,0
P150,2023-09,FY24,Acquired,2024-02,North West,0.0,850.0,16,4.02,0
P150,2023-10,FY24,Acquired,2024-02,North West,0.0,803.0,13,3.93,0
P150,2023-11,FY24,Acquired,2024-02,North West,0.0,859.0,13,4.01,0
P150,2023-12,FY24,Acquired,2024-02,North West,0.0,852.0,16,3.97,0
P150,2024-01,FY24,Acquired,2024-02,North West,0.0,816.0,22,4.0,0
P150,2024-02,FY24,Acquired,2024-02,North West,83151.0,866.0,31,4.0,1
P150,2024-03,FY24,Acquired,2024-02,North West,84082.0,876.0,21,3.95,1
P150,2024-04,FY25,Acquired,2024-02,North West,87079.0,907.0,19,3.92,1
P150,2024-05,FY25,Acquired,2024-02,North West,88381.0,921.0,17,3.92,1
P150,2024-06,FY25,Acquired,2024-02,North West,79998.0,833.0,25,3.87,1
P150,2024-07,FY25,Acquired,2024-02,North West,82861.0,863.0,16,3.81,1
P150,2024-08,FY25,Acquired,2024-02,North West,79396.0,827.0,20,3.71,1
P150,2024-09,FY25,Acquired,2024-02,North West,86564.0,902.0,17,3.69,1
P150,2024-10,FY25,Acquired,2024-02,North West,74286.0,774.0,10,3.68,1
P150,2024-11,FY25,Acquired,2024-02,North West,68776.0,716.0,13,3.59,1
P150,2024-12,FY25,Acquired,2024-02,North West,69521.0,724.0,22,3.57,1
P150,2025-01,FY25,Acquired,2024-02,North West,81101.0,845.0,13,3.65,1
P150,2025-02,FY25,Acquired,2024-02,North West,85111.0,887.0,14,3.64,1
P150,2025-03,FY25,Acquired,2024-02,North West,94666.0,986.0,15,3.6,1
P151,2022-10,FY23,Acquired,2023-08,South West,0.0,1068.0,21,4.22,0
P151,2022-11,FY23,Acquired,2023-08,South West,0.0,1078.0,19,4.21,0
P151,2022-12,FY23,Acquired,2023-08,South West,0.0,800.0,14,4.32,0
P151,2023-01,FY23,Acquired,2023-08,South West,0.0,1016.0,26,4.29,0
P151,2023-02,FY23,Acquired,2023-08,South West,0.0,1066.0,25,4.21,0
P151,2023-03,FY23,Acquired,2023-08,South West,0.0,1125.0,32,4.16,0
P151,2023-04,FY24,Acquired,2023-08,South West,0.0,984.0,25,4.17,0
P151,2023-05,FY24,Acquired,2023-08,South West,0.0,1203.0,23,4.17,0
P151,2023-06,FY24,Acquired,2023-08,South West,0.0,1016.0,21,4.24,0
P151,2023-07,FY24,Acquired,2023-08,South West,0.0,997.0,24,4.3,0
P151,2023-08,FY24,Acquired,2023-08,South West,101739.0,1060.0,25,4.16,1
P151,2023-09,FY24,Acquired,2023-08,South West,94995.0,990.0,18,4.22,1
P151,2023-10,FY24,Acquired,2023-08,South West,101438.0,1057.0,27,4.11,1
P151,2023-11,FY24,Acquired,2023-08,South West,97155.0,1012.0,21,4.01,1
P151,2023-12,FY24,Acquired,2023-08,South West,93174.0,971.0,19,3.92,1
P151,2024-01,FY24,Acquired,2023-08,South West,111300.0,1159.0,25,3.97,1
P151,2024-02,FY24,Acquired,2023-08,South West,104893.0,1093.0,22,3.9,1
P151,2024-03,FY24,Acquired,2023-08,South West,92428.0,963.0,23,3.86,1
P151,2024-04,FY25,Acquired,2023-08,South West,87977.0,916.0,25,3.89,1
P151,2024-05,FY25,Acquired,2023-08,South West,106348.0,1108.0,21,3.8,1
P151,2024-06,FY25,Acquired,2023-08,South West,95641.0,996.0,13,3.65,1
P151,2024-07,FY25,Acquired,2023-08,South West,104672.0,1090.0,20,3.82,1
P151,2024-08,FY25,Acquired,2023-08,South West,110920.0,1155.0,25,3.74,1
P151,2024-09,FY25,Acquired,2023-08,South West,116280.0,1211.0,26,3.77,1
P151,2024-10,FY25,Acquired,2023-08,South West,107939.0,1124.0,23,3.76,1
P151,2024-11,FY25,Acquired,2023-08,South West,94635.0,986.0,19,3.76,1
P151,2024-12,FY25,Acquired,2023-08,South West,98424.0,1025.0,20,3.74,1
P151,2025-01,FY25,Acquired,2023-08,South West,101748.0,1060.0,19,3.74,1
P151,2025-02,FY25,Acquired,2023-08,South West,95621.0,996.0,24,3.78,1
P151,2025-03,FY25,Acquired,2023-08,South West,100050.0,1042.0,24,3.85,1
P152,2022-10,FY23,Acquired,2023-06,Midlands,0.0,543.0,12,4.32,0
P152,2022-11,FY23,Acquired,2023-06,Midlands,0.0,500.0,10,4.4,0
P152,2022-12,FY23,Acquired,2023-06,Midlands,0.0,478.0,9,4.45,0
P152,2023-01,FY23,Acquired,2023-06,Midlands,0.0,534.0,12,4.31,0
P152,2023-02,FY23,Acquired,2023-06,Midlands,0.0,521.0,9,4.4,0
P152,2023-03,FY23,Acquired,2023-06,Midlands,0.0,504.0,18,4.4,0
P152,2023-04,FY24,Acquired,2023-06,Midlands,0.0,510.0,6,4.36,0
P152,2023-05,FY24,Acquired,2023-06,Midlands,0.0,489.0,7,4.24,0
P152,2023-06,FY24,Acquired,2023-06,Midlands,45880.0,478.0,8,4.39,1
P152,2023-07,FY24,Acquired,2023-06,Midlands,46301.0,482.0,10,4.28,1
P152,2023-08,FY24,Acquired,2023-06,Midlands,50126.0,522.0,20,4.33,1
P152,2023-09,FY24,Acquired,2023-06,Midlands,43992.0,458.0,7,4.21,1
P152,2023-10,FY24,Acquired,2023-06,Midlands,48500.0,505.0,7,4.12,1
P152,2023-11,FY24,Acquired,2023-06,Midlands,44030.0,459.0,6,4.12,1
P152,2023-12,FY24,Acquired,2023-06,Midlands,49666.0,517.0,5,4.14,1
P152,2024-01,FY24,Acquired,2023-06,Midlands,49097.0,511.0,7,4.1,1
P152,2024-02,FY24,Acquired,2023-06,Midlands,42468.0,442.0,6,4.01,1
P152,2024-03,FY24,Acquired,2023-06,Midlands,43974.0,458.0,8,3.97,1
P152,2024-04,FY25,Acquired,2023-06,Midlands,45605.0,475.0,6,3.95,1
P152,2024-05,FY25,Acquired,2023-06,Midlands,49653.0,517.0,15,3.9,1
P152,2024-06,FY25,Acquired,2023-06,Midlands,47482.0,495.0,11,3.84,1
P152,2024-07,FY25,Acquired,2023-06,Midlands,47137.0,491.0,6,3.94,1
P152,2024-08,FY25,Acquired,2023-06,Midlands,53013.0,552.0,11,3.9,1
P152,2024-09,FY25,Acquired,2023-06,Midlands,45426.0,473.0,8,4.01,1
P152,2024-10,FY25,Acquired,2023-06,Midlands,52460.0,546.0,16,3.93,1
P152,2024-11,FY25,Acquired,2023-06,Midlands,47330.0,493.0,5,3.93,1
P152,2024-12,FY25,Acquired,2023-06,Midlands,39799.0,415.0,4,3.93,1
P152,2025-01,FY25,Acquired,2023-06,Midlands,52133.0,543.0,12,3.99,1
P152,2025-02,FY25,Acquired,2023-06,Midlands,40505.0,422.0,13,3.94,1
P152,2025-03,FY25,Acquired,2023-06,Midlands,53434.0,557.0,11,3.91,1
P153,2022-10,FY23,Acquired,2024-02,Scotland,0.0,863.0,18,4.89,0
P153,2022-11,FY23,Acquired,2024-02,Scotland,0.0,768.0,19,4.86,0
P153,2022-12,FY23,Acquired,2024-02,Scotland,0.0,770.0,21,4.87,0
P153,2023-01,FY23,Acquired,2024-02,Scotland,0.0,753.0,17,4.96,0
P153,2023-02,FY23,Acquired,2024-02,Scotland,0.0,679.0,11,4.93,0
P153,2023-03,FY23,Acquired,2024-02,Scotland,0.0,795.0,11,4.95,0
P153,2023-04,FY24,Acquired,2024-02,Scotland,0.0,796.0,20,4.95,0
P153,2023-05,FY24,Acquired,2024-02,Scotland,0.0,824.0,17,4.93,0
P153,2023-06,FY24,Acquired,2024-02,Scotland,0.0,825.0,12,4.88,0
P153,2023-07,FY24,Acquired,2024-02,Scotland,0.0,823.0,17,5.0,0
P153,2023-08,FY24,Acquired,2024-02,Scotland,0.0,787.0,22,4.92,0
P153,2023-09,FY24,Acquired,2024-02,Scotland,0.0,772.0,23,4.98,0
P153,2023-10,FY24,Acquired,2024-02,Scotland,0.0,763.0,9,5.0,0
P153,2023-11,FY24,Acquired,2024-02,Scotland,0.0,785.0,20,4.91,0
P153,2023-12,FY24,Acquired,2024-02,Scotland,0.0,736.0,13,4.85,0
P153,2024-01,FY24,Acquired,2024-02,Scotland,0.0,782.0,18,4.93,0
P153,2024-02,FY24,Acquired,2024-02,Scotland,77010.0,802.0,15,4.9,1
P153,2024-03,FY24,Acquired,2024-02,Scotland,72718.0,757.0,18,4.87,1
P153,2024-04,FY25,Acquired,2024-02,Scotland,71257.0,742.0,9,4.88,1
P153,2024-05,FY25,Acquired,2024-02,Scotland,76626.0,798.0,14,4.74,1
P153,2024-06,FY25,Acquired,2024-02,Scotland,70324.0,733.0,19,4.72,1
P153,2024-07,FY25,Acquired,2024-02,Scotland,68210.0,711.0,12,4.58,1
P153,2024-08,FY25,Acquired,2024-02,Scotland,72806.0,758.0,16,4.72,1
P153,2024-09,FY25,Acquired,2024-02,Scotland,78085.0,813.0,14,4.65,1
P153,2024-10,FY25,Acquired,2024-02,Scotland,63559.0,662.0,8,4.51,1
P153,2024-11,FY25,Acquired,2024-02,Scotland,71173.0,741.0,18,4.49,1
P153,2024-12,FY25,Acquired,2024-02,Scotland,67271.0,701.0,17,4.55,1
P153,2025-01,FY25,Acquired,2024-02,Scotland,78936.0,822.0,24,4.49,1
P153,2025-02,FY25,Acquired,2024-02,Scotland,70382.0,733.0,14,4.57,1
P153,2025-03,FY25,Acquired,2024-02,Scotland,71857.0,749.0,12,4.58,1
P154,2022-10,FY23,Acquired,2023-04,South East,0.0,525.0,10,4.58,0
P154,2022-11,FY23,Acquired,2023-04,South East,0.0,480.0,17,4.51,0
P154,2022-12,FY23,Acquired,2023-04,South East,0.0,462.0,15,4.72,0
P154,2023-01,FY23,Acquired,2023-04,South East,0.0,473.0,11,4.59,0
P154,2023-02,FY23,Acquired,2023-04,South East,0.0,490.0,7,4.73,0
P154,2023-03,FY23,Acquired,2023-04,South East,0.0,527.0,19,4.56,0
P154,2023-04,FY24,Acquired,2023-04,South East,50194.0,523.0,14,4.6,1
P154,2023-05,FY24,Acquired,2023-04,South East,66705.0,695.0,12,4.59,1
P154,2023-06,FY24,Acquired,2023-04,South East,49877.0,520.0,14,4.55,1
P154,2023-07,FY24,Acquired,2023-04,South East,47158.0,491.0,13,4.54,1
P154,2023-08,FY24,Acquired,2023-04,South East,46551.0,485.0,16,4.57,1
P154,2023-09,FY24,Acquired,2023-04,South East,48534.0,506.0,14,4.46,1
P154,2023-10,FY24,Acquired,2023-04,South East,48558.0,506.0,8,4.38,1
P154,2023-11,FY24,Acquired,2023-04,South East,48889.0,509.0,12,4.4,1
P154,2023-12,FY24,Acquired,2023-04,South East,49110.0,512.0,7,4.26,1
P154,2024-01,FY24,Acquired,2023-04,South East,50876.0,530.0,10,4.24,1
P154,2024-02,FY24,Acquired,2023-04,South East,49055.0,511.0,11,4.22,1
P154,2024-03,FY24,Acquired,2023-04,South East,47456.0,494.0,4,4.23,1
P154,2024-04,FY25,Acquired,2023-04,South East,46426.0,484.0,7,4.23,1
P154,2024-05,FY25,Acquired,2023-04,South East,51169.0,533.0,10,4.27,1
P154,2024-06,FY25,Acquired,2023-04,South East,53003.0,552.0,22,4.17,1
P154,2024-07,FY25,Acquired,2023-04,South East,52416.0,546.0,7,4.19,1
P154,2024-08,FY25,Acquired,2023-04,South East,51403.0,535.0,9,4.3,1
P154,2024-09,FY25,Acquired,2023-04,South East,47725.0,497.0,14,4.25,1
P154,2024-10,FY25,Acquired,2023-04,South East,52001.0,542.0,15,4.22,1
P154,2024-11,FY25,Acquired,2023-04,South East,43056.0,448.0,8,4.15,1
P154,2024-12,FY25,Acquired,2023-04,South East,48774.0,508.0,7,4.21,1
P154,2025-01,FY25,Acquired,2023-04,South East,52097.0,543.0,14,4.23,1
P154,2025-02,FY25,Acquired,2023-04,South East,46259.0,482.0,5,4.21,1
P154,2025-03,FY25,Acquired,2023-04,South East,52919.0,551.0,10,4.19,1
P155,2022-10,FY23,Acquired,2023-08,Wales,0.0,568.0,20,4.26,0
P155,2022-11,FY23,Acquired,2023-08,Wales,0.0,670.0,8,4.3,0
P155,2022-12,FY23,Acquired,2023-08,Wales,0.0,505.0,11,4.3,0
P155,2023-01,FY23,Acquired,2023-08,Wales,0.0,535.0,5,4.32,0
P155,2023-02,FY23,Acquired,2023-08,Wales,0.0,551.0,13,4.27,0
P155,2023-03,FY23,Acquired,2023-08,Wales,0.0,593.0,9,4.32,0
P155,2023-04,FY24,Acquired,2023-08,Wales,0.0,664.0,15,4.28,0
P155,2023-05,FY24,Acquired,2023-08,Wales,0.0,608.0,12,4.3,0
P155,2023-06,FY24,Acquired,2023-08,Wales,0.0,670.0,19,4.25,0
P155,2023-07,FY24,Acquired,2023-08,Wales,0.0,560.0,16,4.25,0
P155,2023-08,FY24,Acquired,2023-08,Wales,63388.0,660.0,26,4.29,1
P155,2023-09,FY24,Acquired,2023-08,Wales,55585.0,579.0,11,4.23,1
P155,2023-10,FY24,Acquired,2023-08,Wales,57452.0,598.0,13,4.19,1
P155,2023-11,FY24,Acquired,2023-08,Wales,63792.0,665.0,17,4.15,1
P155,2023-12,FY24,Acquired,2023-08,Wales,54034.0,563.0,10,4.09,1
P155,2024-01,FY24,Acquired,2023-08,Wales,56710.0,591.0,6,4.05,1
P155,2024-02,FY24,Acquired,2023-08,Wales,49618.0,517.0,9,4.08,1
P155,2024-03,FY24,Acquired,2023-08,Wales,44943.0,468.0,16,4.03,1
P155,2024-04,FY25,Acquired,2023-08,Wales,58460.0,609.0,11,3.97,1
P155,2024-05,FY25,Acquired,2023-08,Wales,58273.0,607.0,6,3.82,1
P155,2024-06,FY25,Acquired,2023-08,Wales,55923.0,583.0,16,3.92,1
P155,2024-07,FY25,Acquired,2023-08,Wales,61621.0,642.0,15,3.84,1
P155,2024-08,FY25,Acquired,2023-08,Wales,53648.0,559.0,13,3.95,1
P155,2024-09,FY25,Acquired,2023-08,Wales,60051.0,626.0,14,3.88,1
P155,2024-10,FY25,Acquired,2023-08,Wales,51459.0,536.0,9,3.8,1
P155,2024-11,FY25,Acquired,2023-08,Wales,58273.0,607.0,12,3.83,1
P155,2024-12,FY25,Acquired,2023-08,Wales,54869.0,572.0,16,3.92,1
P155,2025-01,FY25,Acquired,2023-08,Wales,62692.0,653.0,12,3.76,1
P155,2025-02,FY25,Acquired,2023-08,Wales,54939.0,572.0,11,3.92,1
P155,2025-03,FY25,Acquired,2023-08,Wales,59127.0,616.0,7,3.82,1
P156,2022-10,FY23,Acquired,2023-06,South East,0.0,537.0,12,4.4,0
P156,2022-11,FY23,Acquired,2023-06,South East,0.0,481.0,11,4.33,0
P156,2022-12,FY23,Acquired,2023-06,South East,0.0,504.0,9,4.37,0
P156,2023-01,FY23,Acquired,2023-06,South East,0.0,545.0,10,4.4,0
P156,2023-02,FY23,Acquired,2023-06,South East,0.0,512.0,12,4.29,0
P156,2023-03,FY23,Acquired,2023-06,South East,0.0,501.0,7,4.32,0
P156,2023-04,FY24,Acquired,2023-06,South East,0.0,519.0,8,4.35,0
P156,2023-05,FY24,Acquired,2023-06,South East,0.0,539.0,10,4.42,0
P156,2023-06,FY24,Acquired,2023-06,South East,66571.0,693.0,18,4.37,1
P156,2023-07,FY24,Acquired,2023-06,South East,56302.0,586.0,11,4.29,1
P156,2023-08,FY24,Acquired,2023-06,South East,51227.0,534.0,7,4.18,1
P156,2023-09,FY24,Acquired,2023-06,South East,52312.0,545.0,8,4.18,1
P156,2023-10,FY24,Acquired,2023-06,South East,54450.0,567.0,10,4.18,1
P156,2023-11,FY24,Acquired,2023-06,South East,46473.0,484.0,6,4.19,1
P156,2023-12,FY24,Acquired,2023-06,South East,46987.0,489.0,6,4.01,1
P156,2024-01,FY24,Acquired,2023-06,South East,45230.0,471.0,9,4.07,1
P156,2024-02,FY24,Acquired,2023-06,South East,49717.0,518.0,6,3.99,1
P156,2024-03,FY24,Acquired,2023-06,South East,50574.0,527.0,12,3.87,1
P156,2024-04,FY25,Acquired,2023-06,South East,52429.0,546.0,14,3.88,1
P156,2024-05,FY25,Acquired,2023-06,South East,54955.0,572.0,5,3.99,1
P156,2024-06,FY25,Acquired,2023-06,South East,49944.0,520.0,12,3.93,1
P156,2024-07,FY25,Acquired,2023-06,South East,51477.0,536.0,14,3.91,1
P156,2024-08,FY25,Acquired,2023-06,South East,53225.0,554.0,13,3.91,1
P156,2024-09,FY25,Acquired,2023-06,South East,44440.0,463.0,9,3.95,1
P156,2024-10,FY25,Acquired,2023-06,South East,42889.0,447.0,14,3.96,1
P156,2024-11,FY25,Acquired,2023-06,South East,51872.0,540.0,13,3.82,1
P156,2024-12,FY25,Acquired,2023-06,South East,51649.0,538.0,15,3.84,1
P156,2025-01,FY25,Acquired,2023-06,South East,50439.0,525.0,12,3.83,1
P156,2025-02,FY25,Acquired,2023-06,South East,43030.0,448.0,6,3.87,1
P156,2025-03,FY25,Acquired,2023-06,South East,55460.0,578.0,12,3.9,1
P157,2022-10,FY23,Acquired,2023-09,Midlands,0.0,598.0,11,4.42,0
P157,2022-11,FY23,Acquired,2023-09,Midlands,0.0,747.0,12,4.4,0
P157,2022-12,FY23,Acquired,2023-09,Midlands,0.0,674.0,11,4.34,0
P157,2023-01,FY23,Acquired,2023-09,Midlands,0.0,609.0,15,4.33,0
P157,2023-02,FY23,Acquired,2023-09,Midlands,0.0,582.0,20,4.4,0
P157,2023-03,FY23,Acquired,2023-09,Midlands,0.0,731.0,20,4.31,0
P157,2023-04,FY24,Acquired,2023-09,Midlands,0.0,780.0,21,4.31,0
P157,2023-05,FY24,Acquired,2023-09,Midlands,0.0,661.0,12,4.28,0
P157,2023-06,FY24,Acquired,2023-09,Midlands,0.0,656.0,13,4.41,0
P157,2023-07,FY24,Acquired,2023-09,Midlands,0.0,722.0,12,4.36,0
P157,2023-08,FY24,Acquired,2023-09,Midlands,0.0,682.0,18,4.4,0
P157,2023-09,FY24,Acquired,2023-09,Midlands,64603.0,673.0,11,4.36,1
P157,2023-10,FY24,Acquired,2023-09,Midlands,73268.0,763.0,13,4.24,1
P157,2023-11,FY24,Acquired,2023-09,Midlands,58176.0,606.0,15,4.36,1
P157,2023-12,FY24,Acquired,2023-09,Midlands,57248.0,596.0,12,4.27,1
P157,2024-01,FY24,Acquired,2023-09,Midlands,57947.0,604.0,11,4.15,1
P157,2024-02,FY24,Acquired,2023-09,Midlands,56800.0,592.0,10,4.13,1
P157,2024-03,FY24,Acquired,2023-09,Midlands,55098.0,574.0,11,4.02,1
P157,2024-04,FY25,Acquired,2023-09,Midlands,66226.0,690.0,20,4.04,1
P157,2024-05,FY25,Acquired,2023-09,Midlands,61019.0,636.0,11,3.96,1
P157,2024-06,FY25,Acquired,2023-09,Midlands,67650.0,705.0,15,3.88,1
P157,2024-07,FY25,Acquired,2023-09,Midlands,75202.0,783.0,15,3.85,1
P157,2024-08,FY25,Acquired,2023-09,Midlands,54649.0,569.0,15,3.94,1
P157,2024-09,FY25,Acquired,2023-09,Midlands,62488.0,651.0,16,3.88,1
P157,2024-10,FY25,Acquired,2023-09,Midlands,62543.0,651.0,12,4.04,1
P157,2024-11,FY25,Acquired,2023-09,Midlands,64983.0,677.0,15,3.93,1
P157,2024-12,FY25,Acquired,2023-09,Midlands,56738.0,591.0,18,3.9,1
P157,2025-01,FY25,Acquired,2023-09,Midlands,61935.0,645.0,12,3.87,1
P157,2025-02,FY25,Acquired,2023-09,Midlands,61781.0,644.0,13,3.96,1
P157,2025-03,FY25,Acquired,2023-09,Midlands,59786.0,623.0,12,3.94,1
P158,2022-10,FY23,Acquired,2024-03,South East,0.0,701.0,12,4.62,0
P158,2022-11,FY23,Acquired,2024-03,South East,0.0,799.0,14,4.65,0
P158,2022-12,FY23,Acquired,2024-03,South East,0.0,652.0,12,4.65,0
P158,2023-01,FY23,Acquired,2024-03,South East,0.0,641.0,14,4.54,0
P158,2023-02,FY23,Acquired,2024-03,South East,0.0,644.0,15,4.56,0
P158,2023-03,FY23,Acquired,2024-03,South East,0.0,686.0,17,4.53,0
P158,2023-04,FY24,Acquired,2024-03,South East,0.0,687.0,18,4.59,0
P158,2023-05,FY24,Acquired,2024-03,South East,0.0,779.0,15,4.6,0
P158,2023-06,FY24,Acquired,2024-03,South East,0.0,717.0,17,4.62,0
P158,2023-07,FY24,Acquired,2024-03,South East,0.0,742.0,18,4.56,0
P158,2023-08,FY24,Acquired,2024-03,South East,0.0,607.0,15,4.57,0
P158,2023-09,FY24,Acquired,2024-03,South East,0.0,660.0,15,4.59,0
P158,2023-10,FY24,Acquired,2024-03,South East,0.0,753.0,6,4.55,0
P158,2023-11,FY24,Acquired,2024-03,South East,0.0,649.0,17,4.66,0
P158,2023-12,FY24,Acquired,2024-03,South East,0.0,581.0,11,4.53,0
P158,2024-01,FY24,Acquired,2024-03,South East,0.0,667.0,12,4.62,0
P158,2024-02,FY24,Acquired,2024-03,South East,0.0,667.0,12,4.68,0
P158,2024-03,FY24,Acquired,2024-03,South East,68047.0,709.0,15,4.54,1
P158,2024-04,FY25,Acquired,2024-03,South East,65239.0,680.0,11,4.64,1
P158,2024-05,FY25,Acquired,2024-03,South East,72051.0,751.0,16,4.47,1
P158,2024-06,FY25,Acquired,2024-03,South East,72221.0,752.0,14,4.45,1
P158,2024-07,FY25,Acquired,2024-03,South East,60872.0,634.0,25,4.37,1
P158,2024-08,FY25,Acquired,2024-03,South East,56936.0,593.0,14,4.48,1
P158,2024-09,FY25,Acquired,2024-03,South East,59075.0,615.0,16,4.26,1
P158,2024-10,FY25,Acquired,2024-03,South East,61730.0,643.0,18,4.24,1
P158,2024-11,FY25,Acquired,2024-03,South East,65547.0,683.0,16,4.2,1
P158,2024-12,FY25,Acquired,2024-03,South East,55011.0,573.0,11,4.1,1
P158,2025-01,FY25,Acquired,2024-03,South East,64198.0,669.0,21,4.17,1
P158,2025-02,FY25,Acquired,2024-03,South East,60569.0,631.0,13,4.28,1
P158,2025-03,FY25,Acquired,2024-03,South East,59878.0,624.0,16,4.08,1
P159,2022-10,FY23,Acquired,2023-06,South East,0.0,837.0,15,3.94,0
P159,2022-11,FY23,Acquired,2023-06,South East,0.0,788.0,16,3.86,0
P159,2022-12,FY23,Acquired,2023-06,South East,0.0,844.0,15,3.96,0
P159,2023-01,FY23,Acquired,2023-06,South East,0.0,856.0,17,3.85,0
P159,2023-02,FY23,Acquired,2023-06,South East,0.0,780.0,12,3.99,0
P159,2023-03,FY23,Acquired,2023-06,South East,0.0,827.0,16,3.98,0
P159,2023-04,FY24,Acquired,2023-06,South East,0.0,774.0,10,4.0,0
P159,2023-05,FY24,Acquired,2023-06,South East,0.0,900.0,24,4.01,0
P159,2023-06,FY24,Acquired,2023-06,South East,71337.0,743.0,16,3.96,1
P159,2023-07,FY24,Acquired,2023-06,South East,80243.0,836.0,17,3.9,1
P159,2023-08,FY24,Acquired,2023-06,South East,72438.0,755.0,15,3.86,1
P159,2023-09,FY24,Acquired,2023-06,South East,88536.0,922.0,15,3.8,1
P159,2023-10,FY24,Acquired,2023-06,South East,71920.0,749.0,20,3.72,1
P159,2023-11,FY24,Acquired,2023-06,South East,72394.0,754.0,12,3.64,1
P159,2023-12,FY24,Acquired,2023-06,South East,70916.0,739.0,17,3.66,1
P159,2024-01,FY24,Acquired,2023-06,South East,79252.0,826.0,15,3.57,1
P159,2024-02,FY24,Acquired,2023-06,South East,78472.0,817.0,18,3.6,1
P159,2024-03,FY24,Acquired,2023-06,South East,85495.0,891.0,15,3.49,1
P159,2024-04,FY25,Acquired,2023-06,South East,78526.0,818.0,18,3.57,1
P159,2024-05,FY25,Acquired,2023-06,South East,79677.0,830.0,23,3.46,1
P159,2024-06,FY25,Acquired,2023-06,South East,92287.0,961.0,32,3.58,1
P159,2024-07,FY25,Acquired,2023-06,South East,80873.0,842.0,19,3.53,1
P159,2024-08,FY25,Acquired,2023-06,South East,77216.0,804.0,16,3.41,1
P159,2024-09,FY25,Acquired,2023-06,South East,86717.0,903.0,24,3.4,1
P159,2024-10,FY25,Acquired,2023-06,South East,87982.0,916.0,18,3.47,1
P159,2024-11,FY25,Acquired,2023-06,South East,84432.0,879.0,21,3.5,1
P159,2024-12,FY25,Acquired,2023-06,South East,76644.0,798.0,20,3.68,1
P159,2025-01,FY25,Acquired,2023-06,South East,88505.0,922.0,14,3.49,1
P159,2025-02,FY25,Acquired,2023-06,South East,74191.0,773.0,20,3.49,1
P159,2025-03,FY25,Acquired,2023-06,South East,90676.0,945.0,22,3.55,1
P160,2022-10,FY23,Acquired,2024-02,North West,0.0,488.0,11,4.67,0
P160,2022-11,FY23,Acquired,2024-02,North West,0.0,367.0,7,4.66,0
P160,2022-12,FY23,Acquired,2024-02,North West,0.0,348.0,9,4.61,0
P160,2023-01,FY23,Acquired,2024-02,North West,0.0,426.0,11,4.81,0
P160,2023-02,FY23,Acquired,2024-02,North West,0.0,391.0,5,4.6,0
P160,2023-03,FY23,Acquired,2024-02,North West,0.0,361.0,10,4.67,0
P160,2023-04,FY24,Acquired,2024-02,North West,0.0,370.0,9,4.72,0
P160,2023-05,FY24,Acquired,2024-02,North West,0.0,398.0,10,4.71,0
P160,2023-06,FY24,Acquired,2024-02,North West,0.0,381.0,11,4.72,0
P160,2023-07,FY24,Acquired,2024-02,North West,0.0,374.0,5,4.73,0
P160,2023-08,FY24,Acquired,2024-02,North West,0.0,421.0,4,4.67,0
P160,2023-09,FY24,Acquired,2024-02,North West,0.0,449.0,9,4.66,0
P160,2023-10,FY24,Acquired,2024-02,North West,0.0,415.0,14,4.68,0
P160,2023-11,FY24,Acquired,2024-02,North West,0.0,402.0,14,4.65,0
P160,2023-12,FY24,Acquired,2024-02,North West,0.0,359.0,6,4.63,0
P160,2024-01,FY24,Acquired,2024-02,North West,0.0,389.0,12,4.69,0
P160,2024-02,FY24,Acquired,2024-02,North West,34478.0,359.0,4,4.68,1
P160,2024-03,FY24,Acquired,2024-02,North West,36898.0,384.0,15,4.63,1
P160,2024-04,FY25,Acquired,2024-02,North West,39351.0,410.0,12,4.6,1
P160,2024-05,FY25,Acquired,2024-02,North West,39642.0,413.0,7,4.59,1
P160,2024-06,FY25,Acquired,2024-02,North West,38230.0,398.0,11,4.48,1
P160,2024-07,FY25,Acquired,2024-02,North West,38860.0,405.0,5,4.51,1
P160,2024-08,FY25,Acquired,2024-02,North West,40330.0,420.0,5,4.31,1
P160,2024-09,FY25,Acquired,2024-02,North West,36638.0,382.0,5,4.39,1
P160,2024-10,FY25,Acquired,2024-02,North West,37620.0,392.0,10,4.24,1
P160,2024-11,FY25,Acquired,2024-02,North West,30396.0,317.0,11,4.33,1
P160,2024-12,FY25,Acquired,2024-02,North West,34985.0,364.0,6,4.21,1
P160,2025-01,FY25,Acquired,2024-02,North West,40217.0,419.0,7,4.32,1
P160,2025-02,FY25,Acquired,2024-02,North West,33821.0,352.0,6,4.19,1
P160,2025-03,FY25,Acquired,2024-02,North West,35256.0,367.0,5,4.31,1
P161,2022-10,FY23,Acquired,2024-03,North West,0.0,419.0,13,4.33,0
P161,2022-11,FY23,Acquired,2024-03,North West,0.0,364.0,7,4.44,0
P161,2022-12,FY23,Acquired,2024-03,North West,0.0,355.0,7,4.24,0
P161,2023-01,FY23,Acquired,2024-03,North West,0.0,383.0,12,4.34,0
P161,2023-02,FY23,Acquired,2024-03,North West,0.0,386.0,11,4.29,0
P161,2023-03,FY23,Acquired,2024-03,North West,0.0,444.0,16,4.39,0
P161,2023-04,FY24,Acquired,2024-03,North West,0.0,401.0,7,4.36,0
P161,2023-05,FY24,Acquired,2024-03,North West,0.0,383.0,4,4.4,0
P161,2023-06,FY24,Acquired,2024-03,North West,0.0,434.0,8,4.41,0
P161,2023-07,FY24,Acquired,2024-03,North West,0.0,399.0,5,4.36,0
P161,2023-08,FY24,Acquired,2024-03,North West,0.0,426.0,11,4.43,0
P161,2023-09,FY24,Acquired,2024-03,North West,0.0,333.0,4,4.33,0
P161,2023-10,FY24,Acquired,2024-03,North West,0.0,436.0,14,4.33,0
P161,2023-11,FY24,Acquired,2024-03,North West,0.0,422.0,8,4.35,0
P161,2023-12,FY24,Acquired,2024-03,North West,0.0,416.0,11,4.32,0
P161,2024-01,FY24,Acquired,2024-03,North West,0.0,374.0,3,4.36,0
P161,2024-02,FY24,Acquired,2024-03,North West,0.0,367.0,9,4.25,0
P161,2024-03,FY24,Acquired,2024-03,North West,38706.0,403.0,9,4.37,1
P161,2024-04,FY25,Acquired,2024-03,North West,35040.0,365.0,7,4.22,1
P161,2024-05,FY25,Acquired,2024-03,North West,42574.0,443.0,8,4.27,1
P161,2024-06,FY25,Acquired,2024-03,North West,42308.0,441.0,8,4.14,1
P161,2024-07,FY25,Acquired,2024-03,North West,41506.0,432.0,8,4.12,1
P161,2024-08,FY25,Acquired,2024-03,North West,35876.0,374.0,8,4.12,1
P161,2024-09,FY25,Acquired,2024-03,North West,38271.0,399.0,7,4.04,1
P161,2024-10,FY25,Acquired,2024-03,North West,40346.0,420.0,13,4.0,1
P161,2024-11,FY25,Acquired,2024-03,North West,35786.0,373.0,8,4.05,1
P161,2024-12,FY25,Acquired,2024-03,North West,34243.0,357.0,8,3.93,1
P161,2025-01,FY25,Acquired,2024-03,North West,35022.0,365.0,5,3.84,1
P161,2025-02,FY25,Acquired,2024-03,North West,35873.0,374.0,8,3.78,1
P161,2025-03,FY25,Acquired,2024-03,North West,36703.0,382.0,11,3.8,1
P162,2022-10,FY23,Acquired,2023-09,South East,0.0,679.0,11,4.45,0
P162,2022-11,FY23,Acquired,2023-09,South East,0.0,688.0,17,4.41,0
P162,2022-12,FY23,Acquired,2023-09,South East,0.0,630.0,15,4.51,0
P162,2023-01,FY23,Acquired,2023-09,South East,0.0,765.0,14,4.41,0
P162,2023-02,FY23,Acquired,2023-09,South East,0.0,735.0,17,4.53,0
P162,2023-03,FY23,Acquired,2023-09,South East,0.0,647.0,15,4.53,0
P162,2023-04,FY24,Acquired,2023-09,South East,0.0,663.0,19,4.52,0
P162,2023-05,FY24,Acquired,2023-09,South East,0.0,698.0,20,4.45,0
P162,2023-06,FY24,Acquired,2023-09,South East,0.0,704.0,8,4.49,0
P162,2023-07,FY24,Acquired,2023-09,South East,0.0,714.0,18,4.39,0
P162,2023-08,FY24,Acquired,2023-09,South East,0.0,762.0,13,4.48,0
P162,2023-09,FY24,Acquired,2023-09,South East,68017.0,709.0,14,4.49,1
P162,2023-10,FY24,Acquired,2023-09,South East,70723.0,737.0,20,4.41,1
P162,2023-11,FY24,Acquired,2023-09,South East,67800.0,706.0,20,4.4,1
P162,2023-12,FY24,Acquired,2023-09,South East,69143.0,720.0,19,4.3,1
P162,2024-01,FY24,Acquired,2023-09,South East,67218.0,700.0,26,4.23,1
P162,2024-02,FY24,Acquired,2023-09,South East,63799.0,665.0,7,4.21,1
P162,2024-03,FY24,Acquired,2023-09,South East,65895.0,686.0,15,4.18,1
P162,2024-04,FY25,Acquired,2023-09,South East,64469.0,672.0,19,4.13,1
P162,2024-05,FY25,Acquired,2023-09,South East,67362.0,702.0,15,4.04,1
P162,2024-06,FY25,Acquired,2023-09,South East,72985.0,760.0,11,3.94,1
P162,2024-07,FY25,Acquired,2023-09,South East,68784.0,717.0,14,4.08,1
P162,2024-08,FY25,Acquired,2023-09,South East,71629.0,746.0,25,4.04,1
P162,2024-09,FY25,Acquired,2023-09,South East,70390.0,733.0,17,4.06,1
P162,2024-10,FY25,Acquired,2023-09,South East,66016.0,688.0,18,4.04,1
P162,2024-11,FY25,Acquired,2023-09,South East,70699.0,736.0,13,3.97,1
P162,2024-12,FY25,Acquired,2023-09,South East,60520.0,630.0,19,4.05,1
P162,2025-01,FY25,Acquired,2023-09,South East,63023.0,656.0,8,3.98,1
P162,2025-02,FY25,Acquired,2023-09,South East,66945.0,697.0,12,4.01,1
P162,2025-03,FY25,Acquired,2023-09,South East,67597.0,704.0,11,4.0,1
P163,2022-10,FY23,Acquired,2023-06,South East,0.0,524.0,9,4.5,0
P163,2022-11,FY23,Acquired,2023-06,South East,0.0,519.0,11,4.48,0
P163,2022-12,FY23,Acquired,2023-06,South East,0.0,491.0,15,4.57,0
P163,2023-01,FY23,Acquired,2023-06,South East,0.0,607.0,11,4.53,0
P163,2023-02,FY23,Acquired,2023-06,South East,0.0,521.0,10,4.51,0
P163,2023-03,FY23,Acquired,2023-06,South East,0.0,509.0,8,4.53,0
P163,2023-04,FY24,Acquired,2023-06,South East,0.0,527.0,15,4.51,0
P163,2023-05,FY24,Acquired,2023-06,South East,0.0,582.0,11,4.45,0
P163,2023-06,FY24,Acquired,2023-06,South East,54150.0,564.0,8,4.52,1
P163,2023-07,FY24,Acquired,2023-06,South East,47083.0,490.0,9,4.47,1
P163,2023-08,FY24,Acquired,2023-06,South East,51996.0,542.0,18,4.45,1
P163,2023-09,FY24,Acquired,2023-06,South East,47387.0,494.0,9,4.4,1
P163,2023-10,FY24,Acquired,2023-06,South East,46284.0,482.0,15,4.36,1
P163,2023-11,FY24,Acquired,2023-06,South East,49195.0,512.0,11,4.34,1
P163,2023-12,FY24,Acquired,2023-06,South East,42897.0,447.0,10,4.26,1
P163,2024-01,FY24,Acquired,2023-06,South East,46716.0,487.0,13,4.19,1
P163,2024-02,FY24,Acquired,2023-06,South East,47751.0,497.0,10,4.11,1
P163,2024-03,FY24,Acquired,2023-06,South East,46969.0,489.0,9,4.09,1
P163,2024-04,FY25,Acquired,2023-06,South East,55777.0,581.0,14,4.08,1
P163,2024-05,FY25,Acquired,2023-06,South East,54397.0,567.0,8,4.08,1
P163,2024-06,FY25,Acquired,2023-06,South East,56373.0,587.0,13,4.0,1
P163,2024-07,FY25,Acquired,2023-06,South East,52487.0,547.0,15,4.07,1
P163,2024-08,FY25,Acquired,2023-06,South East,54733.0,570.0,12,4.09,1
P163,2024-09,FY25,Acquired,2023-06,South East,48912.0,510.0,14,4.02,1
P163,2024-10,FY25,Acquired,2023-06,South East,52399.0,546.0,19,4.05,1
P163,2024-11,FY25,Acquired,2023-06,South East,49934.0,520.0,11,4.18,1
P163,2024-12,FY25,Acquired,2023-06,South East,50937.0,531.0,12,4.12,1
P163,2025-01,FY25,Acquired,2023-06,South East,53156.0,554.0,11,4.07,1
P163,2025-02,FY25,Acquired,2023-06,South East,46138.0,481.0,10,4.15,1
P163,2025-03,FY25,Acquired,2023-06,South East,52975.0,552.0,18,4.21,1
P164,2022-10,FY23,Acquired,2024-12,South West,0.0,875.0,14,4.24,0
P164,2022-11,FY23,Acquired,2024-12,South West,0.0,656.0,6,4.16,0
P164,2022-12,FY23,Acquired,2024-12,South West,0.0,738.0,19,4.3,0
P164,2023-01,FY23,Acquired,2024-12,South West,0.0,834.0,16,4.26,0
P164,2023-02,FY23,Acquired,2024-12,South West,0.0,733.0,14,4.28,0
P164,2023-03,FY23,Acquired,2024-12,South West,0.0,764.0,8,4.13,0
P164,2023-04,FY24,Acquired,2024-12,South West,0.0,879.0,15,4.27,0
P164,2023-05,FY24,Acquired,2024-12,South West,0.0,778.0,11,4.33,0
P164,2023-06,FY24,Acquired,2024-12,South West,0.0,802.0,13,4.23,0
P164,2023-07,FY24,Acquired,2024-12,South West,0.0,714.0,14,4.3,0
P164,2023-08,FY24,Acquired,2024-12,South West,0.0,944.0,19,4.29,0
P164,2023-09,FY24,Acquired,2024-12,South West,0.0,797.0,14,4.2,0
P164,2023-10,FY24,Acquired,2024-12,South West,0.0,753.0,11,4.21,0
P164,2023-11,FY24,Acquired,2024-12,South West,0.0,728.0,12,4.23,0
P164,2023-12,FY24,Acquired,2024-12,South West,0.0,647.0,12,4.23,0
P164,2024-01,FY24,Acquired,2024-12,South West,0.0,759.0,15,4.27,0
P164,2024-02,FY24,Acquired,2024-12,South West,0.0,726.0,14,4.23,0
P164,2024-03,FY24,Acquired,2024-12,South West,0.0,821.0,13,4.33,0
P164,2024-04,FY25,Acquired,2024-12,South West,0.0,738.0,13,4.3,0
P164,2024-05,FY25,Acquired,2024-12,South West,0.0,792.0,11,4.25,0
P164,2024-06,FY25,Acquired,2024-12,South West,0.0,776.0,17,4.29,0
P164,2024-07,FY25,Acquired,2024-12,South West,0.0,760.0,19,4.33,0
P164,2024-08,FY25,Acquired,2024-12,South West,0.0,724.0,15,4.18,0
P164,2024-09,FY25,Acquired,2024-12,South West,0.0,704.0,13,4.24,0
P164,2024-10,FY25,Acquired,2024-12,South West,0.0,766.0,13,4.33,0
P164,2024-11,FY25,Acquired,2024-12,South West,0.0,801.0,12,4.25,0
P164,2024-12,FY25,Acquired,2024-12,South West,64817.0,675.0,17,4.24,1
P164,2025-01,FY25,Acquired,2024-12,South West,70165.0,731.0,10,4.27,1
P164,2025-02,FY25,Acquired,2024-12,South West,73738.0,768.0,15,4.17,1
P164,2025-03,FY25,Acquired,2024-12,South West,68128.0,710.0,16,4.05,1
P165,2022-10,FY23,Acquired,2024-08,Midlands,0.0,892.0,26,4.62,0
P165,2022-11,FY23,Acquired,2024-08,Midlands,0.0,844.0,20,4.66,0
P165,2022-12,FY23,Acquired,2024-08,Midlands,0.0,788.0,16,4.63,0
P165,2023-01,FY23,Acquired,2024-08,Midlands,0.0,750.0,16,4.58,0
P165,2023-02,FY23,Acquired,2024-08,Midlands,0.0,798.0,16,4.62,0
P165,2023-03,FY23,Acquired,2024-08,Midlands,0.0,892.0,20,4.64,0
P165,2023-04,FY24,Acquired,2024-08,Midlands,0.0,880.0,15,4.63,0
P165,2023-05,FY24,Acquired,2024-08,Midlands,0.0,824.0,15,4.7,0
P165,2023-06,FY24,Acquired,2024-08,Midlands,0.0,858.0,22,4.67,0
P165,2023-07,FY24,Acquired,2024-08,Midlands,0.0,869.0,12,4.58,0
P165,2023-08,FY24,Acquired,2024-08,Midlands,0.0,864.0,22,4.55,0
P165,2023-09,FY24,Acquired,2024-08,Midlands,0.0,784.0,15,4.53,0
P165,2023-10,FY24,Acquired,2024-08,Midlands,0.0,829.0,16,4.57,0
P165,2023-11,FY24,Acquired,2024-08,Midlands,0.0,783.0,14,4.6,0
P165,2023-12,FY24,Acquired,2024-08,Midlands,0.0,854.0,16,4.52,0
P165,2024-01,FY24,Acquired,2024-08,Midlands,0.0,770.0,7,4.61,0
P165,2024-02,FY24,Acquired,2024-08,Midlands,0.0,736.0,11,4.53,0
P165,2024-03,FY24,Acquired,2024-08,Midlands,0.0,921.0,18,4.6,0
P165,2024-04,FY25,Acquired,2024-08,Midlands,0.0,852.0,13,4.61,0
P165,2024-05,FY25,Acquired,2024-08,Midlands,0.0,849.0,17,4.65,0
P165,2024-06,FY25,Acquired,2024-08,Midlands,0.0,961.0,26,4.58,0
P165,2024-07,FY25,Acquired,2024-08,Midlands,0.0,906.0,17,4.47,0
P165,2024-08,FY25,Acquired,2024-08,Midlands,79984.0,833.0,26,4.55,1
P165,2024-09,FY25,Acquired,2024-08,Midlands,83946.0,874.0,19,4.53,1
P165,2024-10,FY25,Acquired,2024-08,Midlands,68793.0,717.0,11,4.43,1
P165,2024-11,FY25,Acquired,2024-08,Midlands,70120.0,730.0,20,4.53,1
P165,2024-12,FY25,Acquired,2024-08,Midlands,82832.0,863.0,18,4.53,1
P165,2025-01,FY25,Acquired,2024-08,Midlands,67795.0,706.0,20,4.43,1
P165,2025-02,FY25,Acquired,2024-08,Midlands,70961.0,739.0,17,4.27,1
P165,2025-03,FY25,Acquired,2024-08,Midlands,86998.0,906.0,15,4.35,1
P166,2022-10,FY23,Acquired,2024-05,South East,0.0,1083.0,19,4.36,0
P166,2022-11,FY23,Acquired,2024-05,South East,0.0,1043.0,13,4.29,0
P166,2022-12,FY23,Acquired,2024-05,South East,0.0,938.0,19,4.32,0
P166,2023-01,FY23,Acquired,2024-05,South East,0.0,1130.0,21,4.36,0
P166,2023-02,FY23,Acquired,2024-05,South East,0.0,984.0,33,4.45,0
P166,2023-03,FY23,Acquired,2024-05,South East,0.0,1070.0,22,4.29,0
P166,2023-04,FY24,Acquired,2024-05,South East,0.0,962.0,19,4.28,0
P166,2023-05,FY24,Acquired,2024-05,South East,0.0,1057.0,21,4.37,0
P166,2023-06,FY24,Acquired,2024-05,South East,0.0,1125.0,16,4.33,0
P166,2023-07,FY24,Acquired,2024-05,South East,0.0,935.0,23,4.39,0
P166,2023-08,FY24,Acquired,2024-05,South East,0.0,947.0,28,4.42,0
P166,2023-09,FY24,Acquired,2024-05,South East,0.0,1122.0,16,4.42,0
P166,2023-10,FY24,Acquired,2024-05,South East,0.0,1013.0,27,4.35,0
P166,2023-11,FY24,Acquired,2024-05,South East,0.0,849.0,14,4.32,0
P166,2023-12,FY24,Acquired,2024-05,South East,0.0,905.0,29,4.31,0
P166,2024-01,FY24,Acquired,2024-05,South East,0.0,1086.0,30,4.31,0
P166,2024-02,FY24,Acquired,2024-05,South East,0.0,894.0,13,4.31,0
P166,2024-03,FY24,Acquired,2024-05,South East,0.0,1056.0,32,4.34,0
P166,2024-04,FY25,Acquired,2024-05,South East,0.0,1076.0,23,4.41,0
P166,2024-05,FY25,Acquired,2024-05,South East,101408.0,1056.0,15,4.28,1
P166,2024-06,FY25,Acquired,2024-05,South East,111203.0,1158.0,28,4.38,1
P166,2024-07,FY25,Acquired,2024-05,South East,107134.0,1116.0,19,4.22,1
P166,2024-08,FY25,Acquired,2024-05,South East,92784.0,966.0,17,4.12,1
P166,2024-09,FY25,Acquired,2024-05,South East,109508.0,1141.0,20,4.24,1
P166,2024-10,FY25,Acquired,2024-05,South East,94801.0,988.0,27,4.07,1
P166,2024-11,FY25,Acquired,2024-05,South East,88667.0,924.0,19,4.11,1
P166,2024-12,FY25,Acquired,2024-05,South East,93904.0,978.0,25,3.97,1
P166,2025-01,FY25,Acquired,2024-05,South East,96818.0,1009.0,24,3.96,1
P166,2025-02,FY25,Acquired,2024-05,South East,94257.0,982.0,19,3.94,1
P166,2025-03,FY25,Acquired,2024-05,South East,105357.0,1097.0,21,3.94,1
P167,2022-10,FY23,Acquired,2025-01,South West,0.0,910.0,18,4.44,0
P167,2022-11,FY23,Acquired,2025-01,South West,0.0,912.0,22,4.38,0
P167,2022-12,FY23,Acquired,2025-01,South West,0.0,903.0,18,4.4,0
P167,2023-01,FY23,Acquired,2025-01,South West,0.0,834.0,14,4.47,0
P167,2023-02,FY23,Acquired,2025-01,South West,0.0,817.0,14,4.4,0
P167,2023-03,FY23,Acquired,2025-01,South West,0.0,935.0,15,4.33,0
P167,2023-04,FY24,Acquired,2025-01,South West,0.0,896.0,17,4.43,0
P167,2023-05,FY24,Acquired,2025-01,South West,0.0,988.0,23,4.43,0
P167,2023-06,FY24,Acquired,2025-01,South West,0.0,890.0,14,4.41,0
P167,2023-07,FY24,Acquired,2025-01,South West,0.0,947.0,14,4.42,0
P167,2023-08,FY24,Acquired,2025-01,South West,0.0,886.0,11,4.35,0
P167,2023-09,FY24,Acquired,2025-01,South West,0.0,910.0,16,4.42,0
P167,2023-10,FY24,Acquired,2025-01,South West,0.0,1026.0,29,4.47,0
P167,2023-11,FY24,Acquired,2025-01,South West,0.0,846.0,19,4.27,0
P167,2023-12,FY24,Acquired,2025-01,South West,0.0,862.0,22,4.37,0
P167,2024-01,FY24,Acquired,2025-01,South West,0.0,998.0,16,4.4,0
P167,2024-02,FY24,Acquired,2025-01,South West,0.0,734.0,16,4.46,0
P167,2024-03,FY24,Acquired,2025-01,South West,0.0,928.0,16,4.41,0
P167,2024-04,FY25,Acquired,2025-01,South West,0.0,951.0,22,4.4,0
P167,2024-05,FY25,Acquired,2025-01,South West,0.0,945.0,22,4.49,0
P167,2024-06,FY25,Acquired,2025-01,South West,0.0,928.0,30,4.4,0
P167,2024-07,FY25,Acquired,2025-01,South West,0.0,910.0,18,4.37,0
P167,2024-08,FY25,Acquired,2025-01,South West,0.0,815.0,21,4.41,0
P167,2024-09,FY25,Acquired,2025-01,South West,0.0,791.0,16,4.41,0
P167,2024-10,FY25,Acquired,2025-01,South West,0.0,791.0,15,4.41,0
P167,2024-11,FY25,Acquired,2025-01,South West,0.0,859.0,23,4.26,0
P167,2024-12,FY25,Acquired,2025-01,South West,0.0,755.0,11,4.42,0
P167,2025-01,FY25,Acquired,2025-01,South West,77162.0,804.0,9,4.43,1
P167,2025-02,FY25,Acquired,2025-01,South West,88478.0,922.0,20,4.42,1
P167,2025-03,FY25,Acquired,2025-01,South West,85883.0,895.0,22,4.33,1
P168,2022-10,FY23,Acquired,2024-04,North West,0.0,531.0,11,4.07,0
P168,2022-11,FY23,Acquired,2024-04,North West,0.0,510.0,8,4.07,0
P168,2022-12,FY23,Acquired,2024-04,North West,0.0,509.0,12,4.12,0
P168,2023-01,FY23,Acquired,2024-04,North West,0.0,560.0,13,3.97,0
P168,2023-02,FY23,Acquired,2024-04,North West,0.0,473.0,12,4.02,0
P168,2023-03,FY23,Acquired,2024-04,North West,0.0,487.0,9,3.97,0
P168,2023-04,FY24,Acquired,2024-04,North West,0.0,458.0,9,4.02,0
P168,2023-05,FY24,Acquired,2024-04,North West,0.0,558.0,11,4.0,0
P168,2023-06,FY24,Acquired,2024-04,North West,0.0,563.0,9,4.09,0
P168,2023-07,FY24,Acquired,2024-04,North West,0.0,504.0,10,4.04,0
P168,2023-08,FY24,Acquired,2024-04,North West,0.0,545.0,9,4.08,0
P168,2023-09,FY24,Acquired,2024-04,North West,0.0,493.0,9,4.02,0
P168,2023-10,FY24,Acquired,2024-04,North West,0.0,558.0,14,3.94,0
P168,2023-11,FY24,Acquired,2024-04,North West,0.0,446.0,11,4.07,0
P168,2023-12,FY24,Acquired,2024-04,North West,0.0,517.0,11,4.05,0
P168,2024-01,FY24,Acquired,2024-04,North West,0.0,483.0,7,4.0,0
P168,2024-02,FY24,Acquired,2024-04,North West,0.0,434.0,6,4.07,0
P168,2024-03,FY24,Acquired,2024-04,North West,0.0,531.0,8,4.04,0
P168,2024-04,FY25,Acquired,2024-04,North West,48257.0,503.0,9,4.13,1
P168,2024-05,FY25,Acquired,2024-04,North West,52857.0,551.0,14,4.06,1
P168,2024-06,FY25,Acquired,2024-04,North West,48209.0,502.0,8,3.99,1
P168,2024-07,FY25,Acquired,2024-04,North West,50967.0,531.0,9,3.91,1
P168,2024-08,FY25,Acquired,2024-04,North West,46563.0,485.0,13,3.81,1
P168,2024-09,FY25,Acquired,2024-04,North West,49132.0,512.0,14,3.83,1
P168,2024-10,FY25,Acquired,2024-04,North West,48484.0,505.0,10,3.83,1
P168,2024-11,FY25,Acquired,2024-04,North West,46394.0,483.0,12,3.73,1
P168,2024-12,FY25,Acquired,2024-04,North West,45029.0,469.0,4,3.66,1
P168,2025-01,FY25,Acquired,2024-04,North West,43240.0,450.0,10,3.68,1
P168,2025-02,FY25,Acquired,2024-04,North West,45142.0,470.0,10,3.63,1
P168,2025-03,FY25,Acquired,2024-04,North West,50228.0,523.0,11,3.6,1
P169,2022-10,FY23,Acquired,2024-10,Midlands,0.0,1237.0,26,4.55,0
P169,2022-11,FY23,Acquired,2024-10,Midlands,0.0,1086.0,18,4.44,0
P169,2022-12,FY23,Acquired,2024-10,Midlands,0.0,1026.0,7,4.44,0
P169,2023-01,FY23,Acquired,2024-10,Midlands,0.0,1177.0,15,4.51,0
P169,2023-02,FY23,Acquired,2024-10,Midlands,0.0,1119.0,21,4.54,0
P169,2023-03,FY23,Acquired,2024-10,Midlands,0.0,1274.0,29,4.43,0
P169,2023-04,FY24,Acquired,2024-10,Midlands,0.0,1207.0,25,4.52,0
P169,2023-05,FY24,Acquired,2024-10,Midlands,0.0,1309.0,14,4.44,0
P169,2023-06,FY24,Acquired,2024-10,Midlands,0.0,1293.0,27,4.49,0
P169,2023-07,FY24,Acquired,2024-10,Midlands,0.0,1366.0,32,4.45,0
P169,2023-08,FY24,Acquired,2024-10,Midlands,0.0,1187.0,21,4.44,0
P169,2023-09,FY24,Acquired,2024-10,Midlands,0.0,1227.0,19,4.49,0
P169,2023-10,FY24,Acquired,2024-10,Midlands,0.0,1118.0,24,4.43,0
P169,2023-11,FY24,Acquired,2024-10,Midlands,0.0,982.0,14,4.48,0
P169,2023-12,FY24,Acquired,2024-10,Midlands,0.0,902.0,20,4.53,0
P169,2024-01,FY24,Acquired,2024-10,Midlands,0.0,1267.0,25,4.44,0
P169,2024-02,FY24,Acquired,2024-10,Midlands,0.0,1017.0,20,4.43,0
P169,2024-03,FY24,Acquired,2024-10,Midlands,0.0,1184.0,23,4.53,0
P169,2024-04,FY25,Acquired,2024-10,Midlands,0.0,1193.0,29,4.44,0
P169,2024-05,FY25,Acquired,2024-10,Midlands,0.0,1260.0,21,4.42,0
P169,2024-06,FY25,Acquired,2024-10,Midlands,0.0,1267.0,31,4.38,0
P169,2024-07,FY25,Acquired,2024-10,Midlands,0.0,1246.0,17,4.44,0
P169,2024-08,FY25,Acquired,2024-10,Midlands,0.0,1016.0,19,4.42,0
P169,2024-09,FY25,Acquired,2024-10,Midlands,0.0,1102.0,28,4.47,0
P169,2024-10,FY25,Acquired,2024-10,Midlands,123050.0,1282.0,27,4.52,1
P169,2024-11,FY25,Acquired,2024-10,Midlands,99380.0,1035.0,13,4.44,1
P169,2024-12,FY25,Acquired,2024-10,Midlands,104642.0,1090.0,23,4.36,1
P169,2025-01,FY25,Acquired,2024-10,Midlands,114907.0,1197.0,24,4.22,1
P169,2025-02,FY25,Acquired,2024-10,Midlands,103141.0,1074.0,30,4.23,1
P169,2025-03,FY25,Acquired,2024-10,Midlands,94988.0,989.0,19,4.29,1
P170,2022-10,FY23,Acquired,2024-08,North East,0.0,709.0,14,4.73,0
P170,2022-11,FY23,Acquired,2024-08,North East,0.0,696.0,20,4.81,0
P170,2022-12,FY23,Acquired,2024-08,North East,0.0,594.0,19,4.72,0
P170,2023-01,FY23,Acquired,2024-08,North East,0.0,687.0,12,4.69,0
P170,2023-02,FY23,Acquired,2024-08,North East,0.0,720.0,12,4.65,0
P170,2023-03,FY23,Acquired,2024-08,North East,0.0,686.0,18,4.64,0
P170,2023-04,FY24,Acquired,2024-08,North East,0.0,661.0,19,4.75,0
P170,2023-05,FY24,Acquired,2024-08,North East,0.0,695.0,9,4.75,0
P170,2023-06,FY24,Acquired,2024-08,North East,0.0,821.0,21,4.76,0
P170,2023-07,FY24,Acquired,2024-08,North East,0.0,697.0,12,4.75,0
P170,2023-08,FY24,Acquired,2024-08,North East,0.0,675.0,11,4.75,0
P170,2023-09,FY24,Acquired,2024-08,North East,0.0,722.0,18,4.78,0
P170,2023-10,FY24,Acquired,2024-08,North East,0.0,635.0,7,4.8,0
P170,2023-11,FY24,Acquired,2024-08,North East,0.0,616.0,17,4.83,0
P170,2023-12,FY24,Acquired,2024-08,North East,0.0,653.0,14,4.67,0
P170,2024-01,FY24,Acquired,2024-08,North East,0.0,722.0,10,4.81,0
P170,2024-02,FY24,Acquired,2024-08,North East,0.0,686.0,20,4.69,0
P170,2024-03,FY24,Acquired,2024-08,North East,0.0,660.0,9,4.71,0
P170,2024-04,FY25,Acquired,2024-08,North East,0.0,723.0,18,4.68,0
P170,2024-05,FY25,Acquired,2024-08,North East,0.0,824.0,17,4.75,0
P170,2024-06,FY25,Acquired,2024-08,North East,0.0,688.0,21,4.72,0
P170,2024-07,FY25,Acquired,2024-08,North East,0.0,695.0,18,4.7,0
P170,2024-08,FY25,Acquired,2024-08,North East,65924.0,687.0,20,4.7,1
P170,2024-09,FY25,Acquired,2024-08,North East,60040.0,625.0,19,4.71,1
P170,2024-10,FY25,Acquired,2024-08,North East,56289.0,586.0,15,4.63,1
P170,2024-11,FY25,Acquired,2024-08,North East,70386.0,733.0,12,4.65,1
P170,2024-12,FY25,Acquired,2024-08,North East,61134.0,637.0,11,4.55,1
P170,2025-01,FY25,Acquired,2024-08,North East,70055.0,730.0,18,4.51,1
P170,2025-02,FY25,Acquired,2024-08,North East,63320.0,660.0,16,4.41,1
P170,2025-03,FY25,Acquired,2024-08,North East,61400.0,640.0,16,4.37,1
P171,2022-10,FY23,Acquired,2025-02,North West,0.0,459.0,11,4.24,0
P171,2022-11,FY23,Acquired,2025-02,North West,0.0,356.0,7,4.25,0
P171,2022-12,FY23,Acquired,2025-02,North West,0.0,403.0,11,4.3,0
P171,2023-01,FY23,Acquired,2025-02,North West,0.0,410.0,17,4.26,0
P171,2023-02,FY23,Acquired,2025-02,North West,0.0,358.0,12,4.26,0
P171,2023-03,FY23,Acquired,2025-02,North West,0.0,424.0,3,4.26,0
P171,2023-04,FY24,Acquired,2025-02,North West,0.0,373.0,4,4.36,0
P171,2023-05,FY24,Acquired,2025-02,North West,0.0,453.0,9,4.3,0
P171,2023-06,FY24,Acquired,2025-02,North West,0.0,442.0,8,4.34,0
P171,2023-07,FY24,Acquired,2025-02,North West,0.0,448.0,11,4.31,0
P171,2023-08,FY24,Acquired,2025-02,North West,0.0,386.0,12,4.35,0
P171,2023-09,FY24,Acquired,2025-02,North West,0.0,434.0,4,4.28,0
P171,2023-10,FY24,Acquired,2025-02,North West,0.0,367.0,10,4.36,0
P171,2023-11,FY24,Acquired,2025-02,North West,0.0,372.0,7,4.25,0
P171,2023-12,FY24,Acquired,2025-02,North West,0.0,393.0,8,4.24,0
P171,2024-01,FY24,Acquired,2025-02,North West,0.0,385.0,8,4.32,0
P171,2024-02,FY24,Acquired,2025-02,North West,0.0,335.0,12,4.22,0
P171,2024-03,FY24,Acquired,2025-02,North West,0.0,385.0,12,4.34,0
P171,2024-04,FY25,Acquired,2025-02,North West,0.0,382.0,9,4.27,0
P171,2024-05,FY25,Acquired,2025-02,North West,0.0,441.0,13,4.25,0
P171,2024-06,FY25,Acquired,2025-02,North West,0.0,393.0,14,4.32,0
P171,2024-07,FY25,Acquired,2025-02,North West,0.0,406.0,12,4.3,0
P171,2024-08,FY25,Acquired,2025-02,North West,0.0,421.0,7,4.29,0
P171,2024-09,FY25,Acquired,2025-02,North West,0.0,424.0,10,4.33,0
P171,2024-10,FY25,Acquired,2025-02,North West,0.0,377.0,4,4.33,0
P171,2024-11,FY25,Acquired,2025-02,North West,0.0,335.0,6,4.29,0
P171,2024-12,FY25,Acquired,2025-02,North West,0.0,341.0,6,4.26,0
P171,2025-01,FY25,Acquired,2025-02,North West,0.0,366.0,8,4.33,0
P171,2025-02,FY25,Acquired,2025-02,North West,33981.0,354.0,13,4.25,1
P171,2025-03,FY25,Acquired,2025-02,North West,33028.0,344.0,12,4.28,1
P172,2022-10,FY23,Acquired,2024-11,Midlands,0.0,774.0,16,4.25,0
P172,2022-11,FY23,Acquired,2024-11,Midlands,0.0,759.0,21,4.37,0
P172,2022-12,FY23,Acquired,2024-11,Midlands,0.0,588.0,14,4.31,0
P172,2023-01,FY23,Acquired,2024-11,Midlands,0.0,664.0,17,4.29,0
P172,2023-02,FY23,Acquired,2024-11,Midlands,0.0,664.0,12,4.31,0
P172,2023-03,FY23,Acquired,2024-11,Midlands,0.0,681.0,7,4.28,0
P172,2023-04,FY24,Acquired,2024-11,Midlands,0.0,747.0,21,4.32,0
P172,2023-05,FY24,Acquired,2024-11,Midlands,0.0,764.0,12,4.35,0
P172,2023-06,FY24,Acquired,2024-11,Midlands,0.0,744.0,15,4.34,0
P172,2023-07,FY24,Acquired,2024-11,Midlands,0.0,734.0,16,4.33,0
P172,2023-08,FY24,Acquired,2024-11,Midlands,0.0,774.0,20,4.27,0
P172,2023-09,FY24,Acquired,2024-11,Midlands,0.0,701.0,20,4.35,0
P172,2023-10,FY24,Acquired,2024-11,Midlands,0.0,677.0,16,4.34,0
P172,2023-11,FY24,Acquired,2024-11,Midlands,0.0,704.0,12,4.32,0
P172,2023-12,FY24,Acquired,2024-11,Midlands,0.0,701.0,4,4.4,0
P172,2024-01,FY24,Acquired,2024-11,Midlands,0.0,667.0,9,4.27,0
P172,2024-02,FY24,Acquired,2024-11,Midlands,0.0,707.0,15,4.31,0
P172,2024-03,FY24,Acquired,2024-11,Midlands,0.0,798.0,17,4.33,0
P172,2024-04,FY25,Acquired,2024-11,Midlands,0.0,832.0,16,4.31,0
P172,2024-05,FY25,Acquired,2024-11,Midlands,0.0,729.0,13,4.27,0
P172,2024-06,FY25,Acquired,2024-11,Midlands,0.0,810.0,20,4.27,0
P172,2024-07,FY25,Acquired,2024-11,Midlands,0.0,715.0,13,4.34,0
P172,2024-08,FY25,Acquired,2024-11,Midlands,0.0,810.0,17,4.22,0
P172,2024-09,FY25,Acquired,2024-11,Midlands,0.0,681.0,16,4.29,0
P172,2024-10,FY25,Acquired,2024-11,Midlands,0.0,733.0,18,4.41,0
P172,2024-11,FY25,Acquired,2024-11,Midlands,68935.0,718.0,14,4.32,1
P172,2024-12,FY25,Acquired,2024-11,Midlands,60309.0,628.0,20,4.22,1
P172,2025-01,FY25,Acquired,2024-11,Midlands,57848.0,603.0,12,4.2,1
P172,2025-02,FY25,Acquired,2024-11,Midlands,65147.0,679.0,16,4.17,1
P172,2025-03,FY25,Acquired,2024-11,Midlands,73505.0,766.0,13,4.07,1
P173,2022-10,FY23,Acquired,2025-02,South East,0.0,1420.0,28,4.54,0
P173,2022-11,FY23,Acquired,2025-02,South East,0.0,1368.0,23,4.62,0
P173,2022-12,FY23,Acquired,2025-02,South East,0.0,1288.0,21,4.56,0
P173,2023-01,FY23,Acquired,2025-02,South East,0.0,1188.0,31,4.6,0
P173,2023-02,FY23,Acquired,2025-02,South East,0.0,1248.0,36,4.54,0
P173,2023-03,FY23,Acquired,2025-02,South East,0.0,1333.0,26,4.55,0
P173,2023-04,FY24,Acquired,2025-02,South East,0.0,1236.0,31,4.56,0
P173,2023-05,FY24,Acquired,2025-02,South East,0.0,1393.0,33,4.49,0
P173,2023-06,FY24,Acquired,2025-02,South East,0.0,1362.0,28,4.53,0
P173,2023-07,FY24,Acquired,2025-02,South East,0.0,1399.0,19,4.58,0
P173,2023-08,FY24,Acquired,2025-02,South East,0.0,1479.0,31,4.57,0
P173,2023-09,FY24,Acquired,2025-02,South East,0.0,1436.0,32,4.5,0
P173,2023-10,FY24,Acquired,2025-02,South East,0.0,1327.0,25,4.61,0
P173,2023-11,FY24,Acquired,2025-02,South East,0.0,1208.0,19,4.63,0
P173,2023-12,FY24,Acquired,2025-02,South East,0.0,1207.0,23,4.53,0
P173,2024-01,FY24,Acquired,2025-02,South East,0.0,1384.0,32,4.5,0
P173,2024-02,FY24,Acquired,2025-02,South East,0.0,1191.0,17,4.58,0
P173,2024-03,FY24,Acquired,2025-02,South East,0.0,1187.0,25,4.51,0
P173,2024-04,FY25,Acquired,2025-02,South East,0.0,1207.0,23,4.54,0
P173,2024-05,FY25,Acquired,2025-02,South East,0.0,1523.0,31,4.61,0
P173,2024-06,FY25,Acquired,2025-02,South East,0.0,1355.0,32,4.57,0
P173,2024-07,FY25,Acquired,2025-02,South East,0.0,1292.0,32,4.49,0
P173,2024-08,FY25,Acquired,2025-02,South East,0.0,1328.0,20,4.58,0
P173,2024-09,FY25,Acquired,2025-02,South East,0.0,1402.0,33,4.56,0
P173,2024-10,FY25,Acquired,2025-02,South East,0.0,1349.0,22,4.52,0
P173,2024-11,FY25,Acquired,2025-02,South East,0.0,1216.0,25,4.55,0
P173,2024-12,FY25,Acquired,2025-02,South East,0.0,1145.0,26,4.55,0
P173,2025-01,FY25,Acquired,2025-02,South East,0.0,1095.0,17,4.5,0
P173,2025-02,FY25,Acquired,2025-02,South East,119676.0,1247.0,23,4.5,1
P173,2025-03,FY25,Acquired,2025-02,South East,111628.0,1163.0,23,4.52,1
P174,2022-10,FY23,Acquired,2024-12,North West,0.0,578.0,13,4.52,0
P174,2022-11,FY23,Acquired,2024-12,North West,0.0,480.0,4,4.41,0
P174,2022-12,FY23,Acquired,2024-12,North West,0.0,537.0,9,4.41,0
P174,2023-01,FY23,Acquired,2024-12,North West,0.0,538.0,10,4.46,0
P174,2023-02,FY23,Acquired,2024-12,North West,0.0,503.0,10,4.5,0
P174,2023-03,FY23,Acquired,2024-12,North West,0.0,532.0,13,4.47,0
P174,2023-04,FY24,Acquired,2024-12,North West,0.0,592.0,16,4.41,0
P174,2023-05,FY24,Acquired,2024-12,North West,0.0,556.0,13,4.43,0
P174,2023-06,FY24,Acquired,2024-12,North West,0.0,532.0,11,4.56,0
P174,2023-07,FY24,Acquired,2024-12,North West,0.0,548.0,3,4.46,0
P174,2023-08,FY24,Acquired,2024-12,North West,0.0,541.0,11,4.61,0
P174,2023-09,FY24,Acquired,2024-12,North West,0.0,555.0,10,4.47,0
P174,2023-10,FY24,Acquired,2024-12,North West,0.0,427.0,9,4.43,0
P174,2023-11,FY24,Acquired,2024-12,North West,0.0,501.0,16,4.37,0
P174,2023-12,FY24,Acquired,2024-12,North West,0.0,537.0,13,4.48,0
P174,2024-01,FY24,Acquired,2024-12,North West,0.0,548.0,10,4.39,0
P174,2024-02,FY24,Acquired,2024-12,North West,0.0,518.0,13,4.48,0
P174,2024-03,FY24,Acquired,2024-12,North West,0.0,520.0,11,4.33,0
P174,2024-04,FY25,Acquired,2024-12,North West,0.0,532.0,10,4.46,0
P174,2024-05,FY25,Acquired,2024-12,North West,0.0,571.0,14,4.5,0
P174,2024-06,FY25,Acquired,2024-12,North West,0.0,672.0,13,4.42,0
P174,2024-07,FY25,Acquired,2024-12,North West,0.0,519.0,13,4.45,0
P174,2024-08,FY25,Acquired,2024-12,North West,0.0,471.0,9,4.57,0
P174,2024-09,FY25,Acquired,2024-12,North West,0.0,545.0,6,4.49,0
P174,2024-10,FY25,Acquired,2024-12,North West,0.0,461.0,10,4.5,0
P174,2024-11,FY25,Acquired,2024-12,North West,0.0,455.0,16,4.48,0
P174,2024-12,FY25,Acquired,2024-12,North West,47110.0,491.0,10,4.53,1
P174,2025-01,FY25,Acquired,2024-12,North West,48848.0,509.0,8,4.47,1
P174,2025-02,FY25,Acquired,2024-12,North West,42570.0,443.0,13,4.41,1
P174,2025-03,FY25,Acquired,2024-12,North West,53429.0,557.0,11,4.33,1
P175,2022-10,FY23,Acquired,2025-02,South West,0.0,526.0,12,4.57,0
P175,2022-11,FY23,Acquired,2025-02,South West,0.0,537.0,12,4.43,0
P175,2022-12,FY23,Acquired,2025-02,South West,0.0,486.0,5,4.47,0
P175,2023-01,FY23,Acquired,2025-02,South West,0.0,510.0,5,4.33,0
P175,2023-02,FY23,Acquired,2025-02,South West,0.0,526.0,10,4.42,0
P175,2023-03,FY23,Acquired,2025-02,South West,0.0,489.0,7,4.48,0
P175,2023-04,FY24,Acquired,2025-02,South West,0.0,527.0,8,4.47,0
P175,2023-05,FY24,Acquired,2025-02,South West,0.0,596.0,12,4.47,0
P175,2023-06,FY24,Acquired,2025-02,South West,0.0,526.0,16,4.5,0
P175,2023-07,FY24,Acquired,2025-02,South West,0.0,540.0,15,4.41,0
P175,2023-08,FY24,Acquired,2025-02,South West,0.0,513.0,9,4.48,0
P175,2023-09,FY24,Acquired,2025-02,South West,0.0,579.0,16,4.52,0
P175,2023-10,FY24,Acquired,2025-02,South West,0.0,497.0,13,4.47,0
P175,2023-11,FY24,Acquired,2025-02,South West,0.0,505.0,8,4.56,0
P175,2023-12,FY24,Acquired,2025-02,South West,0.0,445.0,8,4.38,0
P175,2024-01,FY24,Acquired,2025-02,South West,0.0,492.0,3,4.45,0
P175,2024-02,FY24,Acquired,2025-02,South West,0.0,485.0,8,4.45,0
P175,2024-03,FY24,Acquired,2025-02,South West,0.0,517.0,8,4.55,0
P175,2024-04,FY25,Acquired,2025-02,South West,0.0,516.0,13,4.48,0
P175,2024-05,FY25,Acquired,2025-02,South West,0.0,520.0,9,4.44,0
P175,2024-06,FY25,Acquired,2025-02,South West,0.0,511.0,11,4.49,0
P175,2024-07,FY25,Acquired,2025-02,South West,0.0,576.0,9,4.42,0
P175,2024-08,FY25,Acquired,2025-02,South West,0.0,515.0,14,4.49,0
P175,2024-09,FY25,Acquired,2025-02,South West,0.0,584.0,18,4.46,0
P175,2024-10,FY25,Acquired,2025-02,South West,0.0,492.0,16,4.46,0
P175,2024-11,FY25,Acquired,2025-02,South West,0.0,551.0,11,4.38,0
P175,2024-12,FY25,Acquired,2025-02,South West,0.0,505.0,11,4.41,0
P175,2025-01,FY25,Acquired,2025-02,South West,0.0,534.0,10,4.37,0
P175,2025-02,FY25,Acquired,2025-02,South West,46121.0,480.0,11,4.41,1
P175,2025-03,FY25,Acquired,2025-02,South West,44918.0,468.0,3,4.49,1
P176,2022-10,FY23,Acquired,2024-07,Midlands,0.0,493.0,13,4.43,0
P176,2022-11,FY23,Acquired,2024-07,Midlands,0.0,538.0,9,4.48,0
P176,2022-12,FY23,Acquired,2024-07,Midlands,0.0,508.0,5,4.37,0
P176,2023-01,FY23,Acquired,2024-07,Midlands,0.0,453.0,15,4.45,0
P176,2023-02,FY23,Acquired,2024-07,Midlands,0.0,533.0,9,4.51,0
P176,2023-03,FY23,Acquired,2024-07,Midlands,0.0,471.0,9,4.41,0
P176,2023-04,FY24,Acquired,2024-07,Midlands,0.0,570.0,17,4.37,0
P176,2023-05,FY24,Acquired,2024-07,Midlands,0.0,557.0,14,4.4,0
P176,2023-06,FY24,Acquired,2024-07,Midlands,0.0,614.0,7,4.38,0
P176,2023-07,FY24,Acquired,2024-07,Midlands,0.0,521.0,11,4.36,0
P176,2023-08,FY24,Acquired,2024-07,Midlands,0.0,499.0,9,4.38,0
P176,2023-09,FY24,Acquired,2024-07,Midlands,0.0,461.0,10,4.4,0
P176,2023-10,FY24,Acquired,2024-07,Midlands,0.0,445.0,14,4.53,0
P176,2023-11,FY24,Acquired,2024-07,Midlands,0.0,463.0,11,4.39,0
P176,2023-12,FY24,Acquired,2024-07,Midlands,0.0,415.0,8,4.45,0
P176,2024-01,FY24,Acquired,2024-07,Midlands,0.0,482.0,12,4.56,0
P176,2024-02,FY24,Acquired,2024-07,Midlands,0.0,426.0,8,4.37,0
P176,2024-03,FY24,Acquired,2024-07,Midlands,0.0,469.0,12,4.5,0
P176,2024-04,FY25,Acquired,2024-07,Midlands,0.0,428.0,5,4.53,0
P176,2024-05,FY25,Acquired,2024-07,Midlands,0.0,589.0,18,4.49,0
P176,2024-06,FY25,Acquired,2024-07,Midlands,0.0,471.0,9,4.34,0
P176,2024-07,FY25,Acquired,2024-07,Midlands,49721.0,518.0,10,4.45,1
P176,2024-08,FY25,Acquired,2024-07,Midlands,46310.0,482.0,10,4.33,1
P176,2024-09,FY25,Acquired,2024-07,Midlands,44937.0,468.0,6,4.23,1
P176,2024-10,FY25,Acquired,2024-07,Midlands,57196.0,596.0,14,4.32,1
P176,2024-11,FY25,Acquired,2024-07,Midlands,41337.0,431.0,7,4.34,1
P176,2024-12,FY25,Acquired,2024-07,Midlands,44628.0,465.0,10,4.15,1
P176,2025-01,FY25,Acquired,2024-07,Midlands,45863.0,478.0,11,4.26,1
P176,2025-02,FY25,Acquired,2024-07,Midlands,42215.0,440.0,11,4.19,1
P176,2025-03,FY25,Acquired,2024-07,Midlands,49360.0,514.0,9,4.0,1
P177,2022-10,FY23,Acquired,2024-08,South East,0.0,454.0,10,4.68,0
P177,2022-11,FY23,Acquired,2024-08,South East,0.0,488.0,7,4.58,0
P177,2022-12,FY23,Acquired,2024-08,South East,0.0,466.0,9,4.55,0
P177,2023-01,FY23,Acquired,2024-08,South East,0.0,459.0,7,4.61,0
P177,2023-02,FY23,Acquired,2024-08,South East,0.0,479.0,14,4.63,0
P177,2023-03,FY23,Acquired,2024-08,South East,0.0,480.0,9,4.53,0
P177,2023-04,FY24,Acquired,2024-08,South East,0.0,436.0,4,4.55,0
P177,2023-05,FY24,Acquired,2024-08,South East,0.0,523.0,9,4.6,0
P177,2023-06,FY24,Acquired,2024-08,South East,0.0,473.0,8,4.56,0
P177,2023-07,FY24,Acquired,2024-08,South East,0.0,509.0,9,4.55,0
P177,2023-08,FY24,Acquired,2024-08,South East,0.0,457.0,7,4.65,0
P177,2023-09,FY24,Acquired,2024-08,South East,0.0,499.0,9,4.68,0
P177,2023-10,FY24,Acquired,2024-08,South East,0.0,445.0,10,4.66,0
P177,2023-11,FY24,Acquired,2024-08,South East,0.0,409.0,6,4.6,0
P177,2023-12,FY24,Acquired,2024-08,South East,0.0,408.0,9,4.65,0
P177,2024-01,FY24,Acquired,2024-08,South East,0.0,438.0,8,4.69,0
P177,2024-02,FY24,Acquired,2024-08,South East,0.0,409.0,11,4.71,0
P177,2024-03,FY24,Acquired,2024-08,South East,0.0,422.0,10,4.6,0
P177,2024-04,FY25,Acquired,2024-08,South East,0.0,460.0,9,4.63,0
P177,2024-05,FY25,Acquired,2024-08,South East,0.0,441.0,7,4.57,0
P177,2024-06,FY25,Acquired,2024-08,South East,0.0,469.0,9,4.64,0
P177,2024-07,FY25,Acquired,2024-08,South East,0.0,501.0,12,4.63,0
P177,2024-08,FY25,Acquired,2024-08,South East,45048.0,469.0,11,4.54,1
P177,2024-09,FY25,Acquired,2024-08,South East,43677.0,455.0,9,4.52,1
P177,2024-10,FY25,Acquired,2024-08,South East,40764.0,425.0,10,4.49,1
P177,2024-11,FY25,Acquired,2024-08,South East,38328.0,399.0,8,4.4,1
P177,2024-12,FY25,Acquired,2024-08,South East,35230.0,367.0,6,4.36,1
P177,2025-01,FY25,Acquired,2024-08,South East,43241.0,450.0,7,4.37,1
P177,2025-02,FY25,Acquired,2024-08,South East,40581.0,423.0,10,4.34,1
P177,2025-03,FY25,Acquired,2024-08,South East,45056.0,469.0,8,4.17,1
P178,2022-10,FY23,Acquired,2024-11,North West,0.0,383.0,7,4.31,0
P178,2022-11,FY23,Acquired,2024-11,North West,0.0,357.0,3,4.37,0
P178,2022-12,FY23,Acquired,2024-11,North West,0.0,356.0,5,4.36,0
P178,2023-01,FY23,Acquired,2024-11,North West,0.0,335.0,5,4.4,0
P178,2023-02,FY23,Acquired,2024-11,North West,0.0,322.0,6,4.41,0
P178,2023-03,FY23,Acquired,2024-11,North West,0.0,368.0,15,4.35,0
P178,2023-04,FY24,Acquired,2024-11,North West,0.0,335.0,8,4.38,0
P178,2023-05,FY24,Acquired,2024-11,North West,0.0,384.0,7,4.4,0
P178,2023-06,FY24,Acquired,2024-11,North West,0.0,383.0,7,4.37,0
P178,2023-07,FY24,Acquired,2024-11,North West,0.0,355.0,3,4.35,0
P178,2023-08,FY24,Acquired,2024-11,North West,0.0,344.0,4,4.39,0
P178,2023-09,FY24,Acquired,2024-11,North West,0.0,364.0,7,4.3,0
P178,2023-10,FY24,Acquired,2024-11,North West,0.0,323.0,5,4.36,0
P178,2023-11,FY24,Acquired,2024-11,North West,0.0,375.0,5,4.4,0
P178,2023-12,FY24,Acquired,2024-11,North West,0.0,313.0,9,4.26,0
P178,2024-01,FY24,Acquired,2024-11,North West,0.0,358.0,8,4.43,0
P178,2024-02,FY24,Acquired,2024-11,North West,0.0,343.0,9,4.43,0
P178,2024-03,FY24,Acquired,2024-11,North West,0.0,326.0,6,4.39,0
P178,2024-04,FY25,Acquired,2024-11,North West,0.0,356.0,7,4.46,0
P178,2024-05,FY25,Acquired,2024-11,North West,0.0,379.0,9,4.36,0
P178,2024-06,FY25,Acquired,2024-11,North West,0.0,349.0,11,4.35,0
P178,2024-07,FY25,Acquired,2024-11,North West,0.0,385.0,9,4.43,0
P178,2024-08,FY25,Acquired,2024-11,North West,0.0,317.0,4,4.32,0
P178,2024-09,FY25,Acquired,2024-11,North West,0.0,317.0,5,4.39,0
P178,2024-10,FY25,Acquired,2024-11,North West,0.0,374.0,9,4.35,0
P178,2024-11,FY25,Acquired,2024-11,North West,30298.0,316.0,4,4.35,1
P178,2024-12,FY25,Acquired,2024-11,North West,33271.0,347.0,8,4.32,1
P178,2025-01,FY25,Acquired,2024-11,North West,33899.0,353.0,10,4.34,1
P178,2025-02,FY25,Acquired,2024-11,North West,31378.0,327.0,5,4.27,1
P178,2025-03,FY25,Acquired,2024-11,North West,33339.0,347.0,7,4.19,1
P179,2022-10,FY23,Acquired,2024-07,South East,0.0,768.0,15,4.1,0
P179,2022-11,FY23,Acquired,2024-07,South East,0.0,701.0,14,4.01,0
P179,2022-12,FY23,Acquired,2024-07,South East,0.0,631.0,9,4.08,0
P179,2023-01,FY23,Acquired,2024-07,South East,0.0,604.0,12,4.06,0
P179,2023-02,FY23,Acquired,2024-07,South East,0.0,572.0,19,4.06,0
P179,2023-03,FY23,Acquired,2024-07,South East,0.0,607.0,12,4.08,0
P179,2023-04,FY24,Acquired,2024-07,South East,0.0,654.0,11,4.08,0
P179,2023-05,FY24,Acquired,2024-07,South East,0.0,738.0,19,4.07,0
P179,2023-06,FY24,Acquired,2024-07,South East,0.0,723.0,24,4.1,0
P179,2023-07,FY24,Acquired,2024-07,South East,0.0,624.0,15,4.1,0
P179,2023-08,FY24,Acquired,2024-07,South East,0.0,701.0,13,4.12,0
P179,2023-09,FY24,Acquired,2024-07,South East,0.0,694.0,17,4.05,0
P179,2023-10,FY24,Acquired,2024-07,South East,0.0,575.0,9,4.0,0
P179,2023-11,FY24,Acquired,2024-07,South East,0.0,675.0,13,3.99,0
P179,2023-12,FY24,Acquired,2024-07,South East,0.0,701.0,16,4.04,0
P179,2024-01,FY24,Acquired,2024-07,South East,0.0,677.0,7,4.0,0
P179,2024-02,FY24,Acquired,2024-07,South East,0.0,614.0,10,4.16,0
P179,2024-03,FY24,Acquired,2024-07,South East,0.0,668.0,19,4.03,0
P179,2024-04,FY25,Acquired,2024-07,South East,0.0,658.0,14,3.99,0
P179,2024-05,FY25,Acquired,2024-07,South East,0.0,804.0,15,4.06,0
P179,2024-06,FY25,Acquired,2024-07,South East,0.0,671.0,9,4.03,0
P179,2024-07,FY25,Acquired,2024-07,South East,63558.0,662.0,18,4.08,1
P179,2024-08,FY25,Acquired,2024-07,South East,59031.0,615.0,25,4.09,1
P179,2024-09,FY25,Acquired,2024-07,South East,64009.0,667.0,22,3.98,1
P179,2024-10,FY25,Acquired,2024-07,South East,68058.0,709.0,16,3.92,1
P179,2024-11,FY25,Acquired,2024-07,South East,57805.0,602.0,14,3.91,1
P179,2024-12,FY25,Acquired,2024-07,South East,56499.0,589.0,13,3.82,1
P179,2025-01,FY25,Acquired,2024-07,South East,59323.0,618.0,8,3.76,1
P179,2025-02,FY25,Acquired,2024-07,South East,48054.0,501.0,11,3.69,1
P179,2025-03,FY25,Acquired,2024-07,South East,61175.0,637.0,15,3.66,1
P180,2022-10,FY23,Acquired,2024-09,Midlands,0.0,795.0,17,4.41,0
P180,2022-11,FY23,Acquired,2024-09,Midlands,0.0,769.0,13,4.46,0
P180,2022-12,FY23,Acquired,2024-09,Midlands,0.0,763.0,15,4.39,0
P180,2023-01,FY23,Acquired,2024-09,Midlands,0.0,789.0,12,4.4,0
P180,2023-02,FY23,Acquired,2024-09,Midlands,0.0,654.0,17,4.41,0
P180,2023-03,FY23,Acquired,2024-09,Midlands,0.0,811.0,15,4.45,0
P180,2023-04,FY24,Acquired,2024-09,Midlands,0.0,743.0,26,4.35,0
P180,2023-05,FY24,Acquired,2024-09,Midlands,0.0,726.0,16,4.39,0
P180,2023-06,FY24,Acquired,2024-09,Midlands,0.0,820.0,26,4.42,0
P180,2023-07,FY24,Acquired,2024-09,Midlands,0.0,818.0,24,4.35,0
P180,2023-08,FY24,Acquired,2024-09,Midlands,0.0,655.0,8,4.34,0
P180,2023-09,FY24,Acquired,2024-09,Midlands,0.0,673.0,16,4.46,0
P180,2023-10,FY24,Acquired,2024-09,Midlands,0.0,769.0,16,4.34,0
P180,2023-11,FY24,Acquired,2024-09,Midlands,0.0,770.0,14,4.34,0
P180,2023-12,FY24,Acquired,2024-09,Midlands,0.0,632.0,10,4.36,0
P180,2024-01,FY24,Acquired,2024-09,Midlands,0.0,788.0,21,4.43,0
P180,2024-02,FY24,Acquired,2024-09,Midlands,0.0,723.0,16,4.36,0
P180,2024-03,FY24,Acquired,2024-09,Midlands,0.0,764.0,17,4.42,0
P180,2024-04,FY25,Acquired,2024-09,Midlands,0.0,735.0,16,4.45,0
P180,2024-05,FY25,Acquired,2024-09,Midlands,0.0,792.0,15,4.38,0
P180,2024-06,FY25,Acquired,2024-09,Midlands,0.0,736.0,18,4.47,0
P180,2024-07,FY25,Acquired,2024-09,Midlands,0.0,768.0,16,4.41,0
P180,2024-08,FY25,Acquired,2024-09,Midlands,0.0,714.0,9,4.35,0
P180,2024-09,FY25,Acquired,2024-09,Midlands,69961.0,729.0,17,4.41,1
P180,2024-10,FY25,Acquired,2024-09,Midlands,68327.0,712.0,11,4.37,1
P180,2024-11,FY25,Acquired,2024-09,Midlands,68077.0,709.0,7,4.26,1
P180,2024-12,FY25,Acquired,2024-09,Midlands,67885.0,707.0,18,4.26,1
P180,2025-01,FY25,Acquired,2024-09,Midlands,57698.0,601.0,16,4.09,1
P180,2025-02,FY25,Acquired,2024-09,Midlands,62934.0,656.0,16,4.17,1
P180,2025-03,FY25,Acquired,2024-09,Midlands,84732.0,883.0,22,4.16,1
P181,2022-10,FY23,Acquired,2025-03,South East,0.0,375.0,11,4.48,0
P181,2022-11,FY23,Acquired,2025-03,South East,0.0,389.0,6,4.47,0
P181,2022-12,FY23,Acquired,2025-03,South East,0.0,315.0,5,4.49,0
P181,2023-01,FY23,Acquired,2025-03,South East,0.0,337.0,13,4.4,0
P181,2023-02,FY23,Acquired,2025-03,South East,0.0,333.0,3,4.51,0
P181,2023-03,FY23,Acquired,2025-03,South East,0.0,373.0,4,4.47,0
P181,2023-04,FY24,Acquired,2025-03,South East,0.0,370.0,12,4.51,0
P181,2023-05,FY24,Acquired,2025-03,South East,0.0,365.0,10,4.5,0
P181,2023-06,FY24,Acquired,2025-03,South East,0.0,373.0,9,4.42,0
P181,2023-07,FY24,Acquired,2025-03,South East,0.0,372.0,11,4.53,0
P181,2023-08,FY24,Acquired,2025-03,South East,0.0,355.0,11,4.45,0
P181,2023-09,FY24,Acquired,2025-03,South East,0.0,356.0,11,4.55,0
P181,2023-10,FY24,Acquired,2025-03,South East,0.0,360.0,5,4.44,0
P181,2023-11,FY24,Acquired,2025-03,South East,0.0,346.0,10,4.43,0
P181,2023-12,FY24,Acquired,2025-03,South East,0.0,305.0,6,4.47,0
P181,2024-01,FY24,Acquired,2025-03,South East,0.0,364.0,10,4.49,0
P181,2024-02,FY24,Acquired,2025-03,South East,0.0,331.0,5,4.45,0
P181,2024-03,FY24,Acquired,2025-03,South East,0.0,349.0,7,4.54,0
P181,2024-04,FY25,Acquired,2025-03,South East,0.0,356.0,6,4.41,0
P181,2024-05,FY25,Acquired,2025-03,South East,0.0,381.0,6,4.4,0
P181,2024-06,FY25,Acquired,2025-03,South East,0.0,423.0,7,4.4,0
P181,2024-07,FY25,Acquired,2025-03,South East,0.0,387.0,5,4.42,0
P181,2024-08,FY25,Acquired,2025-03,South East,0.0,358.0,9,4.37,0
P181,2024-09,FY25,Acquired,2025-03,South East,0.0,316.0,9,4.5,0
P181,2024-10,FY25,Acquired,2025-03,South East,0.0,353.0,7,4.5,0
P181,2024-11,FY25,Acquired,2025-03,South East,0.0,340.0,8,4.43,0
P181,2024-12,FY25,Acquired,2025-03,South East,0.0,302.0,5,4.47,0
P181,2025-01,FY25,Acquired,2025-03,South East,0.0,315.0,10,4.46,0
P181,2025-02,FY25,Acquired,2025-03,South East,0.0,277.0,9,4.49,0
P181,2025-03,FY25,Acquired,2025-03,South East,31982.0,333.0,7,4.49,1
P182,2022-10,FY23,Acquired,2024-05,South West,0.0,789.0,21,4.41,0
P182,2022-11,FY23,Acquired,2024-05,South West,0.0,817.0,22,4.39,0
P182,2022-12,FY23,Acquired,2024-05,South West,0.0,746.0,16,4.4,0
P182,2023-01,FY23,Acquired,2024-05,South West,0.0,738.0,14,4.39,0
P182,2023-02,FY23,Acquired,2024-05,South West,0.0,766.0,23,4.37,0
P182,2023-03,FY23,Acquired,2024-05,South West,0.0,885.0,23,4.36,0
P182,2023-04,FY24,Acquired,2024-05,South West,0.0,827.0,18,4.45,0
P182,2023-05,FY24,Acquired,2024-05,South West,0.0,757.0,11,4.4,0
P182,2023-06,FY24,Acquired,2024-05,South West,0.0,850.0,15,4.41,0
P182,2023-07,FY24,Acquired,2024-05,South West,0.0,734.0,16,4.5,0
P182,2023-08,FY24,Acquired,2024-05,South West,0.0,887.0,14,4.46,0
P182,2023-09,FY24,Acquired,2024-05,South West,0.0,838.0,18,4.41,0
P182,2023-10,FY24,Acquired,2024-05,South West,0.0,804.0,18,4.4,0
P182,2023-11,FY24,Acquired,2024-05,South West,0.0,784.0,15,4.46,0
P182,2023-12,FY24,Acquired,2024-05,South West,0.0,677.0,26,4.42,0
P182,2024-01,FY24,Acquired,2024-05,South West,0.0,736.0,14,4.46,0
P182,2024-02,FY24,Acquired,2024-05,South West,0.0,721.0,15,4.43,0
P182,2024-03,FY24,Acquired,2024-05,South West,0.0,843.0,12,4.42,0
P182,2024-04,FY25,Acquired,2024-05,South West,0.0,768.0,13,4.49,0
P182,2024-05,FY25,Acquired,2024-05,South West,78567.0,818.0,22,4.43,1
P182,2024-06,FY25,Acquired,2024-05,South West,78988.0,823.0,20,4.38,1
P182,2024-07,FY25,Acquired,2024-05,South West,64430.0,671.0,11,4.33,1
P182,2024-08,FY25,Acquired,2024-05,South West,71433.0,744.0,11,4.19,1
P182,2024-09,FY25,Acquired,2024-05,South West,65495.0,682.0,12,4.37,1
P182,2024-10,FY25,Acquired,2024-05,South West,73634.0,767.0,19,4.19,1
P182,2024-11,FY25,Acquired,2024-05,South West,72662.0,757.0,14,4.14,1
P182,2024-12,FY25,Acquired,2024-05,South West,56661.0,590.0,12,4.1,1
P182,2025-01,FY25,Acquired,2024-05,South West,78642.0,819.0,10,4.08,1
P182,2025-02,FY25,Acquired,2024-05,South West,61830.0,644.0,11,3.96,1
P182,2025-03,FY25,Acquired,2024-05,South West,71937.0,749.0,12,4.02,1
P183,2022-10,FY23,Acquired,2024-09,South East,0.0,900.0,20,4.55,0
P183,2022-11,FY23,Acquired,2024-09,South East,0.0,936.0,16,4.66,0
P183,2022-12,FY23,Acquired,2024-09,South East,0.0,796.0,16,4.61,0
P183,2023-01,FY23,Acquired,2024-09,South East,0.0,863.0,15,4.56,0
P183,2023-02,FY23,Acquired,2024-09,South East,0.0,816.0,16,4.52,0
P183,2023-03,FY23,Acquired,2024-09,South East,0.0,1025.0,27,4.56,0
P183,2023-04,FY24,Acquired,2024-09,South East,0.0,934.0,21,4.65,0
P183,2023-05,FY24,Acquired,2024-09,South East,0.0,931.0,17,4.62,0
P183,2023-06,FY24,Acquired,2024-09,South East,0.0,973.0,21,4.72,0
P183,2023-07,FY24,Acquired,2024-09,South East,0.0,895.0,18,4.67,0
P183,2023-08,FY24,Acquired,2024-09,South East,0.0,827.0,22,4.75,0
P183,2023-09,FY24,Acquired,2024-09,South East,0.0,880.0,20,4.58,0
P183,2023-10,FY24,Acquired,2024-09,South East,0.0,1002.0,35,4.61,0
P183,2023-11,FY24,Acquired,2024-09,South East,0.0,977.0,17,4.62,0
P183,2023-12,FY24,Acquired,2024-09,South East,0.0,754.0,21,4.64,0
P183,2024-01,FY24,Acquired,2024-09,South East,0.0,812.0,17,4.66,0
P183,2024-02,FY24,Acquired,2024-09,South East,0.0,805.0,14,4.73,0
P183,2024-03,FY24,Acquired,2024-09,South East,0.0,936.0,23,4.57,0
P183,2024-04,FY25,Acquired,2024-09,South East,0.0,848.0,17,4.61,0
P183,2024-05,FY25,Acquired,2024-09,South East,0.0,856.0,22,4.62,0
P183,2024-06,FY25,Acquired,2024-09,South East,0.0,979.0,25,4.55,0
P183,2024-07,FY25,Acquired,2024-09,South East,0.0,1045.0,22,4.59,0
P183,2024-08,FY25,Acquired,2024-09,South East,0.0,851.0,22,4.62,0
P183,2024-09,FY25,Acquired,2024-09,South East,81190.0,846.0,16,4.57,1
P183,2024-10,FY25,Acquired,2024-09,South East,83417.0,869.0,21,4.63,1
P183,2024-11,FY25,Acquired,2024-09,South East,91309.0,951.0,21,4.55,1
P183,2024-12,FY25,Acquired,2024-09,South East,68436.0,713.0,13,4.54,1
P183,2025-01,FY25,Acquired,2024-09,South East,74483.0,776.0,16,4.42,1
P183,2025-02,FY25,Acquired,2024-09,South East,76648.0,798.0,16,4.41,1
P183,2025-03,FY25,Acquired,2024-09,South East,86240.0,898.0,20,4.35,1
P184,2022-10,FY23,Acquired,2024-06,South West,0.0,449.0,6,4.35,0
P184,2022-11,FY23,Acquired,2024-06,South West,0.0,448.0,7,4.25,0
P184,2022-12,FY23,Acquired,2024-06,South West,0.0,417.0,11,4.46,0
P184,2023-01,FY23,Acquired,2024-06,South West,0.0,448.0,15,4.3,0
P184,2023-02,FY23,Acquired,2024-06,South West,0.0,440.0,10,4.31,0
P184,2023-03,FY23,Acquired,2024-06,South West,0.0,447.0,10,4.36,0
P184,2023-04,FY24,Acquired,2024-06,South West,0.0,452.0,8,4.34,0
P184,2023-05,FY24,Acquired,2024-06,South West,0.0,433.0,10,4.38,0
P184,2023-06,FY24,Acquired,2024-06,South West,0.0,478.0,8,4.42,0
P184,2023-07,FY24,Acquired,2024-06,South West,0.0,456.0,8,4.39,0
P184,2023-08,FY24,Acquired,2024-06,South West,0.0,471.0,11,4.4,0
P184,2023-09,FY24,Acquired,2024-06,South West,0.0,448.0,10,4.33,0
P184,2023-10,FY24,Acquired,2024-06,South West,0.0,515.0,6,4.43,0
P184,2023-11,FY24,Acquired,2024-06,South West,0.0,421.0,14,4.3,0
P184,2023-12,FY24,Acquired,2024-06,South West,0.0,429.0,7,4.41,0
P184,2024-01,FY24,Acquired,2024-06,South West,0.0,453.0,7,4.35,0
P184,2024-02,FY24,Acquired,2024-06,South West,0.0,459.0,8,4.35,0
P184,2024-03,FY24,Acquired,2024-06,South West,0.0,465.0,8,4.34,0
P184,2024-04,FY25,Acquired,2024-06,South West,0.0,497.0,12,4.33,0
P184,2024-05,FY25,Acquired,2024-06,South West,0.0,429.0,9,4.35,0
P184,2024-06,FY25,Acquired,2024-06,South West,40680.0,424.0,8,4.35,1
P184,2024-07,FY25,Acquired,2024-06,South West,44283.0,461.0,10,4.34,1
P184,2024-08,FY25,Acquired,2024-06,South West,40757.0,425.0,6,4.17,1
P184,2024-09,FY25,Acquired,2024-06,South West,45670.0,476.0,6,4.28,1
P184,2024-10,FY25,Acquired,2024-06,South West,44138.0,460.0,7,4.15,1
P184,2024-11,FY25,Acquired,2024-06,South West,43339.0,451.0,8,4.01,1
P184,2024-12,FY25,Acquired,2024-06,South West,39206.0,408.0,4,4.11,1
P184,2025-01,FY25,Acquired,2024-06,South West,41570.0,433.0,12,3.9,1
P184,2025-02,FY25,Acquired,2024-06,South West,37791.0,394.0,8,3.96,1
P184,2025-03,FY25,Acquired,2024-06,South West,45135.0,470.0,13,3.98,1
P185,2022-10,FY23,Acquired,2024-08,South East,0.0,1519.0,37,4.54,0
P185,2022-11,FY23,Acquired,2024-08,South East,0.0,1624.0,34,4.61,0
P185,2022-12,FY23,Acquired,2024-08,South East,0.0,1206.0,24,4.63,0
P185,2023-01,FY23,Acquired,2024-08,South East,0.0,1543.0,40,4.65,0
P185,2023-02,FY23,Acquired,2024-08,South East,0.0,1424.0,28,4.58,0
P185,2023-03,FY23,Acquired,2024-08,South East,0.0,1571.0,44,4.61,0
P185,2023-04,FY24,Acquired,2024-08,South East,0.0,1524.0,49,4.59,0
P185,2023-05,FY24,Acquired,2024-08,South East,0.0,1561.0,30,4.56,0
P185,2023-06,FY24,Acquired,2024-08,South East,0.0,1424.0,25,4.51,0
P185,2023-07,FY24,Acquired,2024-08,South East,0.0,1507.0,27,4.62,0
P185,2023-08,FY24,Acquired,2024-08,South East,0.0,1644.0,31,4.53,0
P185,2023-09,FY24,Acquired,2024-08,South East,0.0,1458.0,33,4.57,0
P185,2023-10,FY24,Acquired,2024-08,South East,0.0,1404.0,32,4.58,0
P185,2023-11,FY24,Acquired,2024-08,South East,0.0,1415.0,26,4.64,0
P185,2023-12,FY24,Acquired,2024-08,South East,0.0,1317.0,30,4.69,0
P185,2024-01,FY24,Acquired,2024-08,South East,0.0,1409.0,32,4.51,0
P185,2024-02,FY24,Acquired,2024-08,South East,0.0,1415.0,32,4.62,0
P185,2024-03,FY24,Acquired,2024-08,South East,0.0,1500.0,30,4.6,0
P185,2024-04,FY25,Acquired,2024-08,South East,0.0,1583.0,24,4.58,0
P185,2024-05,FY25,Acquired,2024-08,South East,0.0,1520.0,19,4.6,0
P185,2024-06,FY25,Acquired,2024-08,South East,0.0,1748.0,48,4.61,0
P185,2024-07,FY25,Acquired,2024-08,South East,0.0,1452.0,44,4.5,0
P185,2024-08,FY25,Acquired,2024-08,South East,155367.0,1618.0,39,4.62,1
P185,2024-09,FY25,Acquired,2024-08,South East,135492.0,1411.0,39,4.54,1
P185,2024-10,FY25,Acquired,2024-08,South East,142941.0,1489.0,32,4.52,1
P185,2024-11,FY25,Acquired,2024-08,South East,124855.0,1301.0,28,4.32,1
P185,2024-12,FY25,Acquired,2024-08,South East,113142.0,1179.0,24,4.38,1
P185,2025-01,FY25,Acquired,2024-08,South East,132452.0,1380.0,26,4.32,1
P185,2025-02,FY25,Acquired,2024-08,South East,128993.0,1344.0,24,4.34,1
P185,2025-03,FY25,Acquired,2024-08,South East,147497.0,1536.0,24,4.29,1
P186,2022-10,FY23,Acquired,2024-06,South West,0.0,578.0,15,4.44,0
P186,2022-11,FY23,Acquired,2024-06,South West,0.0,452.0,8,4.45,0
P186,2022-12,FY23,Acquired,2024-06,South West,0.0,483.0,10,4.46,0
P186,2023-01,FY23,Acquired,2024-06,South West,0.0,551.0,12,4.54,0
P186,2023-02,FY23,Acquired,2024-06,South West,0.0,507.0,9,4.4,0
P186,2023-03,FY23,Acquired,2024-06,South West,0.0,505.0,7,4.5,0
P186,2023-04,FY24,Acquired,2024-06,South West,0.0,462.0,12,4.56,0
P186,2023-05,FY24,Acquired,2024-06,South West,0.0,547.0,18,4.49,0
P186,2023-06,FY24,Acquired,2024-06,South West,0.0,471.0,9,4.51,0
P186,2023-07,FY24,Acquired,2024-06,South West,0.0,544.0,10,4.47,0
P186,2023-08,FY24,Acquired,2024-06,South West,0.0,418.0,11,4.39,0
P186,2023-09,FY24,Acquired,2024-06,South West,0.0,479.0,9,4.36,0
P186,2023-10,FY24,Acquired,2024-06,South West,0.0,519.0,11,4.6,0
P186,2023-11,FY24,Acquired,2024-06,South West,0.0,510.0,12,4.52,0
P186,2023-12,FY24,Acquired,2024-06,South West,0.0,565.0,17,4.55,0
P186,2024-01,FY24,Acquired,2024-06,South West,0.0,479.0,8,4.51,0
P186,2024-02,FY24,Acquired,2024-06,South West,0.0,473.0,7,4.48,0
P186,2024-03,FY24,Acquired,2024-06,South West,0.0,483.0,13,4.53,0
P186,2024-04,FY25,Acquired,2024-06,South West,0.0,468.0,7,4.55,0
P186,2024-05,FY25,Acquired,2024-06,South West,0.0,601.0,10,4.53,0
P186,2024-06,FY25,Acquired,2024-06,South West,51797.0,540.0,13,4.47,1
P186,2024-07,FY25,Acquired,2024-06,South West,47479.0,495.0,9,4.46,1
P186,2024-08,FY25,Acquired,2024-06,South West,49445.0,515.0,10,4.35,1
P186,2024-09,FY25,Acquired,2024-06,South West,44662.0,465.0,9,4.29,1
P186,2024-10,FY25,Acquired,2024-06,South West,41112.0,428.0,4,4.33,1
P186,2024-11,FY25,Acquired,2024-06,South West,48757.0,508.0,11,4.32,1
P186,2024-12,FY25,Acquired,2024-06,South West,44097.0,459.0,7,4.25,1
P186,2025-01,FY25,Acquired,2024-06,South West,45561.0,475.0,6,4.17,1
P186,2025-02,FY25,Acquired,2024-06,South West,45375.0,473.0,11,4.12,1
P186,2025-03,FY25,Acquired,2024-06,South West,47858.0,499.0,13,4.12,1
P187,2022-10,FY23,Acquired,2024-06,North West,0.0,842.0,21,4.47,0
P187,2022-11,FY23,Acquired,2024-06,North West,0.0,817.0,20,4.37,0
P187,2022-12,FY23,Acquired,2024-06,North West,0.0,843.0,11,4.43,0
P187,2023-01,FY23,Acquired,2024-06,North West,0.0,748.0,11,4.34,0
P187,2023-02,FY23,Acquired,2024-06,North West,0.0,682.0,10,4.33,0
P187,2023-03,FY23,Acquired,2024-06,North West,0.0,895.0,12,4.5,0
P187,2023-04,FY24,Acquired,2024-06,North West,0.0,815.0,17,4.37,0
P187,2023-05,FY24,Acquired,2024-06,North West,0.0,913.0,19,4.42,0
P187,2023-06,FY24,Acquired,2024-06,North West,0.0,895.0,20,4.32,0
P187,2023-07,FY24,Acquired,2024-06,North West,0.0,913.0,18,4.35,0
P187,2023-08,FY24,Acquired,2024-06,North West,0.0,869.0,20,4.39,0
P187,2023-09,FY24,Acquired,2024-06,North West,0.0,933.0,20,4.37,0
P187,2023-10,FY24,Acquired,2024-06,North West,0.0,802.0,21,4.37,0
P187,2023-11,FY24,Acquired,2024-06,North West,0.0,744.0,8,4.46,0
P187,2023-12,FY24,Acquired,2024-06,North West,0.0,845.0,16,4.39,0
P187,2024-01,FY24,Acquired,2024-06,North West,0.0,675.0,9,4.4,0
P187,2024-02,FY24,Acquired,2024-06,North West,0.0,844.0,15,4.41,0
P187,2024-03,FY24,Acquired,2024-06,North West,0.0,928.0,22,4.52,0
P187,2024-04,FY25,Acquired,2024-06,North West,0.0,746.0,12,4.39,0
P187,2024-05,FY25,Acquired,2024-06,North West,0.0,830.0,20,4.46,0
P187,2024-06,FY25,Acquired,2024-06,North West,80986.0,844.0,25,4.36,1
P187,2024-07,FY25,Acquired,2024-06,North West,75335.0,785.0,16,4.33,1
P187,2024-08,FY25,Acquired,2024-06,North West,74466.0,776.0,18,4.29,1
P187,2024-09,FY25,Acquired,2024-06,North West,78074.0,813.0,16,4.26,1
P187,2024-10,FY25,Acquired,2024-06,North West,85171.0,887.0,17,4.12,1
P187,2024-11,FY25,Acquired,2024-06,North West,73757.0,768.0,23,4.18,1
P187,2024-12,FY25,Acquired,2024-06,North West,73893.0,770.0,20,4.08,1
P187,2025-01,FY25,Acquired,2024-06,North West,68198.0,710.0,14,4.04,1
P187,2025-02,FY25,Acquired,2024-06,North West,67910.0,707.0,17,4.04,1
P187,2025-03,FY25,Acquired,2024-06,North West,72238.0,752.0,6,3.89,1
P188,2022-10,FY23,Acquired,2024-12,North West,0.0,586.0,14,4.63,0
P188,2022-11,FY23,Acquired,2024-12,North West,0.0,559.0,15,4.59,0
P188,2022-12,FY23,Acquired,2024-12,North West,0.0,551.0,7,4.58,0
P188,2023-01,FY23,Acquired,2024-12,North West,0.0,534.0,11,4.62,0
P188,2023-02,FY23,Acquired,2024-12,North West,0.0,521.0,8,4.67,0
P188,2023-03,FY23,Acquired,2024-12,North West,0.0,631.0,11,4.58,0
P188,2023-04,FY24,Acquired,2024-12,North West,0.0,520.0,8,4.72,0
P188,2023-05,FY24,Acquired,2024-12,North West,0.0,577.0,12,4.69,0
P188,2023-06,FY24,Acquired,2024-12,North West,0.0,593.0,9,4.59,0
P188,2023-07,FY24,Acquired,2024-12,North West,0.0,579.0,11,4.66,0
P188,2023-08,FY24,Acquired,2024-12,North West,0.0,531.0,8,4.61,0
P188,2023-09,FY24,Acquired,2024-12,North West,0.0,522.0,9,4.64,0
P188,2023-10,FY24,Acquired,2024-12,North West,0.0,572.0,15,4.58,0
P188,2023-11,FY24,Acquired,2024-12,North West,0.0,527.0,11,4.59,0
P188,2023-12,FY24,Acquired,2024-12,North West,0.0,452.0,15,4.54,0
P188,2024-01,FY24,Acquired,2024-12,North West,0.0,543.0,15,4.6,0
P188,2024-02,FY24,Acquired,2024-12,North West,0.0,465.0,14,4.62,0
P188,2024-03,FY24,Acquired,2024-12,North West,0.0,605.0,13,4.67,0
P188,2024-04,FY25,Acquired,2024-12,North West,0.0,551.0,14,4.62,0
P188,2024-05,FY25,Acquired,2024-12,North West,0.0,529.0,13,4.65,0
P188,2024-06,FY25,Acquired,2024-12,North West,0.0,566.0,9,4.67,0
P188,2024-07,FY25,Acquired,2024-12,North West,0.0,596.0,12,4.63,0
P188,2024-08,FY25,Acquired,2024-12,North West,0.0,507.0,14,4.58,0
P188,2024-09,FY25,Acquired,2024-12,North West,0.0,515.0,13,4.58,0
P188,2024-10,FY25,Acquired,2024-12,North West,0.0,521.0,15,4.65,0
P188,2024-11,FY25,Acquired,2024-12,North West,0.0,510.0,12,4.62,0
P188,2024-12,FY25,Acquired,2024-12,North West,52367.0,545.0,16,4.57,1
P188,2025-01,FY25,Acquired,2024-12,North West,51436.0,536.0,8,4.47,1
P188,2025-02,FY25,Acquired,2024-12,North West,52221.0,544.0,15,4.54,1
P188,2025-03,FY25,Acquired,2024-12,North West,54368.0,566.0,10,4.49,1
P189,2022-10,FY23,Acquired,2024-04,North East,0.0,546.0,18,4.45,0
P189,2022-11,FY23,Acquired,2024-04,North East,0.0,508.0,12,4.28,0
P189,2022-12,FY23,Acquired,2024-04,North East,0.0,444.0,7,4.32,0
P189,2023-01,FY23,Acquired,2024-04,North East,0.0,511.0,10,4.39,0
P189,2023-02,FY23,Acquired,2024-04,North East,0.0,607.0,12,4.32,0
P189,2023-03,FY23,Acquired,2024-04,North East,0.0,556.0,13,4.31,0
P189,2023-04,FY24,Acquired,2024-04,North East,0.0,494.0,5,4.28,0
P189,2023-05,FY24,Acquired,2024-04,North East,0.0,554.0,10,4.32,0
P189,2023-06,FY24,Acquired,2024-04,North East,0.0,590.0,16,4.28,0
P189,2023-07,FY24,Acquired,2024-04,North East,0.0,524.0,8,4.38,0
P189,2023-08,FY24,Acquired,2024-04,North East,0.0,479.0,12,4.31,0
P189,2023-09,FY24,Acquired,2024-04,North East,0.0,509.0,7,4.34,0
P189,2023-10,FY24,Acquired,2024-04,North East,0.0,559.0,13,4.28,0
P189,2023-11,FY24,Acquired,2024-04,North East,0.0,470.0,8,4.23,0
P189,2023-12,FY24,Acquired,2024-04,North East,0.0,540.0,9,4.24,0
P189,2024-01,FY24,Acquired,2024-04,North East,0.0,506.0,14,4.43,0
P189,2024-02,FY24,Acquired,2024-04,North East,0.0,477.0,8,4.39,0
P189,2024-03,FY24,Acquired,2024-04,North East,0.0,576.0,7,4.38,0
P189,2024-04,FY25,Acquired,2024-04,North East,46744.0,487.0,10,4.31,1
P189,2024-05,FY25,Acquired,2024-04,North East,52127.0,543.0,8,4.17,1
P189,2024-06,FY25,Acquired,2024-04,North East,53447.0,557.0,11,4.11,1
P189,2024-07,FY25,Acquired,2024-04,North East,53668.0,559.0,17,4.11,1
P189,2024-08,FY25,Acquired,2024-04,North East,48182.0,502.0,8,4.06,1
P189,2024-09,FY25,Acquired,2024-04,North East,50291.0,524.0,12,4.14,1
P189,2024-10,FY25,Acquired,2024-04,North East,52916.0,551.0,11,4.07,1
P189,2024-11,FY25,Acquired,2024-04,North East,47232.0,492.0,11,4.14,1
P189,2024-12,FY25,Acquired,2024-04,North East,42387.0,442.0,9,4.01,1
P189,2025-01,FY25,Acquired,2024-04,North East,43704.0,455.0,6,3.94,1
P189,2025-02,FY25,Acquired,2024-04,North East,45056.0,469.0,10,3.88,1
P189,2025-03,FY25,Acquired,2024-04,North East,49457.0,515.0,7,3.85,1
